-15,9,8xc5R1LInb0CglZeYjGhx8wONGA=,+4HzIEoKnSjDvEs2LL/MNxYmNH8=
-13,11,8xc5R1LInb0CglZeYjGhx8wONGA=,+4HzIEoKnSjDvEs2LL/MNxYmNH8=
-10,14,8xc5R1LInb0CglZeYjGhx8wONGA=,+4HzIEoKnSjDvEs2LL/MNxYmNH8=
-11,14,8xc5R1LInb0CglZeYjGhx8wONGA=,+4HzIEoKnSjDvEs2LL/MNxYmNH8=
-12,14,8xc5R1LInb0CglZeYjGhx8wONGA=,+4HzIEoKnSjDvEs2LL/MNxYmNH8=
-15,11,8xc5R1LInb0CglZeYjGhx8wONGA=,+4HzIEoKnSjDvEs2LL/MNxYmNH8=
-13,14,8xc5R1LInb0CglZeYjGhx8wONGA=,+4HzIEoKnSjDvEs2LL/MNxYmNH8=
-14,14,8xc5R1LInb0CglZeYjGhx8wONGA=,+4HzIEoKnSjDvEs2LL/MNxYmNH8=
-10,13,8xc5R1LInb0CglZeYjGhx8wONGA=,+4HzIEoKnSjDvEs2LL/MNxYmNH8=
-14,11,8xc5R1LInb0CglZeYjGhx8wONGA=,+4HzIEoKnSjDvEs2LL/MNxYmNH8=
-12,10,8xc5R1LInb0CglZeYjGhx8wONGA=,+4HzIEoKnSjDvEs2LL/MNxYmNH8=
-15,14,8xc5R1LInb0CglZeYjGhx8wONGA=,+4HzIEoKnSjDvEs2LL/MNxYmNH8=
-11,13,8xc5R1LInb0CglZeYjGhx8wONGA=,+4HzIEoKnSjDvEs2LL/MNxYmNH8=
-15,13,8xc5R1LInb0CglZeYjGhx8wONGA=,+4HzIEoKnSjDvEs2LL/MNxYmNH8=
-12,13,8xc5R1LInb0CglZeYjGhx8wONGA=,+4HzIEoKnSjDvEs2LL/MNxYmNH8=
-10,10,8xc5R1LInb0CglZeYjGhx8wONGA=,+4HzIEoKnSjDvEs2LL/MNxYmNH8=
-14,13,8xc5R1LInb0CglZeYjGhx8wONGA=,+4HzIEoKnSjDvEs2LL/MNxYmNH8=
-13,13,8xc5R1LInb0CglZeYjGhx8wONGA=,+4HzIEoKnSjDvEs2LL/MNxYmNH8=
-11,10,8xc5R1LInb0CglZeYjGhx8wONGA=,+4HzIEoKnSjDvEs2LL/MNxYmNH8=
-15,10,8xc5R1LInb0CglZeYjGhx8wONGA=,+4HzIEoKnSjDvEs2LL/MNxYmNH8=
-13,10,8xc5R1LInb0CglZeYjGhx8wONGA=,+4HzIEoKnSjDvEs2LL/MNxYmNH8=
-15,12,8xc5R1LInb0CglZeYjGhx8wONGA=,+4HzIEoKnSjDvEs2LL/MNxYmNH8=
-11,12,8xc5R1LInb0CglZeYjGhx8wONGA=,+4HzIEoKnSjDvEs2LL/MNxYmNH8=
-10,12,8xc5R1LInb0CglZeYjGhx8wONGA=,+4HzIEoKnSjDvEs2LL/MNxYmNH8=
-14,10,8xc5R1LInb0CglZeYjGhx8wONGA=,+4HzIEoKnSjDvEs2LL/MNxYmNH8=
-12,12,8xc5R1LInb0CglZeYjGhx8wONGA=,+4HzIEoKnSjDvEs2LL/MNxYmNH8=
-15,15,8xc5R1LInb0CglZeYjGhx8wONGA=,+4HzIEoKnSjDvEs2LL/MNxYmNH8=
-14,15,8xc5R1LInb0CglZeYjGhx8wONGA=,+4HzIEoKnSjDvEs2LL/MNxYmNH8=
-13,15,8xc5R1LInb0CglZeYjGhx8wONGA=,+4HzIEoKnSjDvEs2LL/MNxYmNH8=
-12,15,8xc5R1LInb0CglZeYjGhx8wONGA=,+4HzIEoKnSjDvEs2LL/MNxYmNH8=
-11,15,8xc5R1LInb0CglZeYjGhx8wONGA=,+4HzIEoKnSjDvEs2LL/MNxYmNH8=
-10,15,8xc5R1LInb0CglZeYjGhx8wONGA=,+4HzIEoKnSjDvEs2LL/MNxYmNH8=
-14,12,8xc5R1LInb0CglZeYjGhx8wONGA=,+4HzIEoKnSjDvEs2LL/MNxYmNH8=
-14,9,8xc5R1LInb0CglZeYjGhx8wONGA=,+4HzIEoKnSjDvEs2LL/MNxYmNH8=
-13,12,8xc5R1LInb0CglZeYjGhx8wONGA=,+4HzIEoKnSjDvEs2LL/MNxYmNH8=
-12,11,8xc5R1LInb0CglZeYjGhx8wONGA=,+4HzIEoKnSjDvEs2LL/MNxYmNH8=
-10,9,8xc5R1LInb0CglZeYjGhx8wONGA=,+4HzIEoKnSjDvEs2LL/MNxYmNH8=
-13,9,8xc5R1LInb0CglZeYjGhx8wONGA=,+4HzIEoKnSjDvEs2LL/MNxYmNH8=
-10,11,8xc5R1LInb0CglZeYjGhx8wONGA=,+4HzIEoKnSjDvEs2LL/MNxYmNH8=
-11,11,8xc5R1LInb0CglZeYjGhx8wONGA=,+4HzIEoKnSjDvEs2LL/MNxYmNH8=
-11,9,8xc5R1LInb0CglZeYjGhx8wONGA=,+4HzIEoKnSjDvEs2LL/MNxYmNH8=
-12,9,8xc5R1LInb0CglZeYjGhx8wONGA=,+4HzIEoKnSjDvEs2LL/MNxYmNH8=
-14,5,8xc5R1LInb0CglZeYjGhx8wONGA=,oGoBVcNybBcuNOJMuUqT30rELA8=
-15,5,8xc5R1LInb0CglZeYjGhx8wONGA=,oGoBVcNybBcuNOJMuUqT30rELA8=
-12,5,8xc5R1LInb0CglZeYjGhx8wONGA=,oGoBVcNybBcuNOJMuUqT30rELA8=
-11,4,8xc5R1LInb0CglZeYjGhx8wONGA=,oGoBVcNybBcuNOJMuUqT30rELA8=
-13,5,8xc5R1LInb0CglZeYjGhx8wONGA=,oGoBVcNybBcuNOJMuUqT30rELA8=
-10,4,8xc5R1LInb0CglZeYjGhx8wONGA=,oGoBVcNybBcuNOJMuUqT30rELA8=
-12,4,8xc5R1LInb0CglZeYjGhx8wONGA=,oGoBVcNybBcuNOJMuUqT30rELA8=
-14,8,8xc5R1LInb0CglZeYjGhx8wONGA=,+4HzIEoKnSjDvEs2LL/MNxYmNH8=
-14,4,8xc5R1LInb0CglZeYjGhx8wONGA=,oGoBVcNybBcuNOJMuUqT30rELA8=
-13,8,8xc5R1LInb0CglZeYjGhx8wONGA=,+4HzIEoKnSjDvEs2LL/MNxYmNH8=
-15,4,8xc5R1LInb0CglZeYjGhx8wONGA=,oGoBVcNybBcuNOJMuUqT30rELA8=
-11,5,8xc5R1LInb0CglZeYjGhx8wONGA=,oGoBVcNybBcuNOJMuUqT30rELA8=
-11,8,8xc5R1LInb0CglZeYjGhx8wONGA=,+4HzIEoKnSjDvEs2LL/MNxYmNH8=
-13,4,8xc5R1LInb0CglZeYjGhx8wONGA=,oGoBVcNybBcuNOJMuUqT30rELA8=
-10,8,8xc5R1LInb0CglZeYjGhx8wONGA=,+4HzIEoKnSjDvEs2LL/MNxYmNH8=
-12,8,8xc5R1LInb0CglZeYjGhx8wONGA=,+4HzIEoKnSjDvEs2LL/MNxYmNH8=
-15,6,8xc5R1LInb0CglZeYjGhx8wONGA=,oGoBVcNybBcuNOJMuUqT30rELA8=
-10,5,8xc5R1LInb0CglZeYjGhx8wONGA=,oGoBVcNybBcuNOJMuUqT30rELA8=
-14,6,8xc5R1LInb0CglZeYjGhx8wONGA=,oGoBVcNybBcuNOJMuUqT30rELA8=
-15,8,8xc5R1LInb0CglZeYjGhx8wONGA=,+4HzIEoKnSjDvEs2LL/MNxYmNH8=
-13,3,8xc5R1LInb0CglZeYjGhx8wONGA=,oGoBVcNybBcuNOJMuUqT30rELA8=
-14,3,8xc5R1LInb0CglZeYjGhx8wONGA=,oGoBVcNybBcuNOJMuUqT30rELA8=
-15,3,8xc5R1LInb0CglZeYjGhx8wONGA=,oGoBVcNybBcuNOJMuUqT30rELA8=
-12,3,8xc5R1LInb0CglZeYjGhx8wONGA=,oGoBVcNybBcuNOJMuUqT30rELA8=
-13,2,8xc5R1LInb0CglZeYjGhx8wONGA=,oGoBVcNybBcuNOJMuUqT30rELA8=
-15,2,8xc5R1LInb0CglZeYjGhx8wONGA=,oGoBVcNybBcuNOJMuUqT30rELA8=
-14,2,8xc5R1LInb0CglZeYjGhx8wONGA=,oGoBVcNybBcuNOJMuUqT30rELA8=
-12,2,8xc5R1LInb0CglZeYjGhx8wONGA=,oGoBVcNybBcuNOJMuUqT30rELA8=
-12,1,8xc5R1LInb0CglZeYjGhx8wONGA=,oGoBVcNybBcuNOJMuUqT30rELA8=
-13,1,8xc5R1LInb0CglZeYjGhx8wONGA=,oGoBVcNybBcuNOJMuUqT30rELA8=
-14,1,8xc5R1LInb0CglZeYjGhx8wONGA=,oGoBVcNybBcuNOJMuUqT30rELA8=
-15,1,8xc5R1LInb0CglZeYjGhx8wONGA=,oGoBVcNybBcuNOJMuUqT30rELA8=
-13,6,8xc5R1LInb0CglZeYjGhx8wONGA=,oGoBVcNybBcuNOJMuUqT30rELA8=
-11,3,8xc5R1LInb0CglZeYjGhx8wONGA=,oGoBVcNybBcuNOJMuUqT30rELA8=
-11,2,8xc5R1LInb0CglZeYjGhx8wONGA=,oGoBVcNybBcuNOJMuUqT30rELA8=
-15,7,8xc5R1LInb0CglZeYjGhx8wONGA=,oGoBVcNybBcuNOJMuUqT30rELA8=
-10,2,8xc5R1LInb0CglZeYjGhx8wONGA=,oGoBVcNybBcuNOJMuUqT30rELA8=
-16,6,8xc5R1LInb0CglZeYjGhx8wONGA=,oGoBVcNybBcuNOJMuUqT30rELA8=
-16,1,8xc5R1LInb0CglZeYjGhx8wONGA=,oGoBVcNybBcuNOJMuUqT30rELA8=
-16,2,8xc5R1LInb0CglZeYjGhx8wONGA=,oGoBVcNybBcuNOJMuUqT30rELA8=
-16,3,8xc5R1LInb0CglZeYjGhx8wONGA=,oGoBVcNybBcuNOJMuUqT30rELA8=
-16,4,8xc5R1LInb0CglZeYjGhx8wONGA=,oGoBVcNybBcuNOJMuUqT30rELA8=
-10,1,8xc5R1LInb0CglZeYjGhx8wONGA=,oGoBVcNybBcuNOJMuUqT30rELA8=
-16,5,8xc5R1LInb0CglZeYjGhx8wONGA=,oGoBVcNybBcuNOJMuUqT30rELA8=
-11,1,8xc5R1LInb0CglZeYjGhx8wONGA=,oGoBVcNybBcuNOJMuUqT30rELA8=
-10,3,8xc5R1LInb0CglZeYjGhx8wONGA=,oGoBVcNybBcuNOJMuUqT30rELA8=
-14,7,8xc5R1LInb0CglZeYjGhx8wONGA=,oGoBVcNybBcuNOJMuUqT30rELA8=
-12,6,8xc5R1LInb0CglZeYjGhx8wONGA=,oGoBVcNybBcuNOJMuUqT30rELA8=
-13,7,8xc5R1LInb0CglZeYjGhx8wONGA=,oGoBVcNybBcuNOJMuUqT30rELA8=
-12,7,8xc5R1LInb0CglZeYjGhx8wONGA=,oGoBVcNybBcuNOJMuUqT30rELA8=
-10,7,8xc5R1LInb0CglZeYjGhx8wONGA=,oGoBVcNybBcuNOJMuUqT30rELA8=
-11,6,8xc5R1LInb0CglZeYjGhx8wONGA=,oGoBVcNybBcuNOJMuUqT30rELA8=
-11,7,8xc5R1LInb0CglZeYjGhx8wONGA=,oGoBVcNybBcuNOJMuUqT30rELA8=
-15,0,8xc5R1LInb0CglZeYjGhx8wONGA=,oGoBVcNybBcuNOJMuUqT30rELA8=
-10,6,8xc5R1LInb0CglZeYjGhx8wONGA=,oGoBVcNybBcuNOJMuUqT30rELA8=
-14,0,8xc5R1LInb0CglZeYjGhx8wONGA=,oGoBVcNybBcuNOJMuUqT30rELA8=
-16,0,8xc5R1LInb0CglZeYjGhx8wONGA=,oGoBVcNybBcuNOJMuUqT30rELA8=
-13,0,8xc5R1LInb0CglZeYjGhx8wONGA=,oGoBVcNybBcuNOJMuUqT30rELA8=
-10,0,8xc5R1LInb0CglZeYjGhx8wONGA=,oGoBVcNybBcuNOJMuUqT30rELA8=
-16,8,8xc5R1LInb0CglZeYjGhx8wONGA=,+4HzIEoKnSjDvEs2LL/MNxYmNH8=
-16,7,8xc5R1LInb0CglZeYjGhx8wONGA=,oGoBVcNybBcuNOJMuUqT30rELA8=
-16,12,8xc5R1LInb0CglZeYjGhx8wONGA=,+4HzIEoKnSjDvEs2LL/MNxYmNH8=
-16,9,8xc5R1LInb0CglZeYjGhx8wONGA=,+4HzIEoKnSjDvEs2LL/MNxYmNH8=
-16,13,8xc5R1LInb0CglZeYjGhx8wONGA=,+4HzIEoKnSjDvEs2LL/MNxYmNH8=
-16,14,8xc5R1LInb0CglZeYjGhx8wONGA=,+4HzIEoKnSjDvEs2LL/MNxYmNH8=
-16,10,8xc5R1LInb0CglZeYjGhx8wONGA=,+4HzIEoKnSjDvEs2LL/MNxYmNH8=
-16,15,8xc5R1LInb0CglZeYjGhx8wONGA=,+4HzIEoKnSjDvEs2LL/MNxYmNH8=
-16,11,8xc5R1LInb0CglZeYjGhx8wONGA=,+4HzIEoKnSjDvEs2LL/MNxYmNH8=
-11,0,8xc5R1LInb0CglZeYjGhx8wONGA=,oGoBVcNybBcuNOJMuUqT30rELA8=
-12,0,8xc5R1LInb0CglZeYjGhx8wONGA=,oGoBVcNybBcuNOJMuUqT30rELA8=
-9,15,8xc5R1LInb0CglZeYjGhx8wONGA=,+4HzIEoKnSjDvEs2LL/MNxYmNH8=
-5,15,LLCSWNk28fzqsb91aETtAcruJ2I=,yH0Dt0gmy7X+G4wVwBHJFQJnu0o=
-2,13,LLCSWNk28fzqsb91aETtAcruJ2I=,yH0Dt0gmy7X+G4wVwBHJFQJnu0o=
-3,14,LLCSWNk28fzqsb91aETtAcruJ2I=,yH0Dt0gmy7X+G4wVwBHJFQJnu0o=
-1,13,LLCSWNk28fzqsb91aETtAcruJ2I=,yH0Dt0gmy7X+G4wVwBHJFQJnu0o=
-8,14,LLCSWNk28fzqsb91aETtAcruJ2I=,yH0Dt0gmy7X+G4wVwBHJFQJnu0o=
-8,15,LLCSWNk28fzqsb91aETtAcruJ2I=,yH0Dt0gmy7X+G4wVwBHJFQJnu0o=
-7,15,LLCSWNk28fzqsb91aETtAcruJ2I=,yH0Dt0gmy7X+G4wVwBHJFQJnu0o=
-6,15,LLCSWNk28fzqsb91aETtAcruJ2I=,yH0Dt0gmy7X+G4wVwBHJFQJnu0o=
-1,14,LLCSWNk28fzqsb91aETtAcruJ2I=,yH0Dt0gmy7X+G4wVwBHJFQJnu0o=
-2,14,LLCSWNk28fzqsb91aETtAcruJ2I=,yH0Dt0gmy7X+G4wVwBHJFQJnu0o=
-4,14,LLCSWNk28fzqsb91aETtAcruJ2I=,yH0Dt0gmy7X+G4wVwBHJFQJnu0o=
-5,14,LLCSWNk28fzqsb91aETtAcruJ2I=,yH0Dt0gmy7X+G4wVwBHJFQJnu0o=
-9,14,8xc5R1LInb0CglZeYjGhx8wONGA=,+4HzIEoKnSjDvEs2LL/MNxYmNH8=
-3,13,LLCSWNk28fzqsb91aETtAcruJ2I=,yH0Dt0gmy7X+G4wVwBHJFQJnu0o=
-6,14,LLCSWNk28fzqsb91aETtAcruJ2I=,yH0Dt0gmy7X+G4wVwBHJFQJnu0o=
-4,9,LLCSWNk28fzqsb91aETtAcruJ2I=,yH0Dt0gmy7X+G4wVwBHJFQJnu0o=
-1,12,LLCSWNk28fzqsb91aETtAcruJ2I=,yH0Dt0gmy7X+G4wVwBHJFQJnu0o=
-2,12,LLCSWNk28fzqsb91aETtAcruJ2I=,yH0Dt0gmy7X+G4wVwBHJFQJnu0o=
-4,13,LLCSWNk28fzqsb91aETtAcruJ2I=,yH0Dt0gmy7X+G4wVwBHJFQJnu0o=
-7,12,LLCSWNk28fzqsb91aETtAcruJ2I=,yH0Dt0gmy7X+G4wVwBHJFQJnu0o=
-4,10,LLCSWNk28fzqsb91aETtAcruJ2I=,yH0Dt0gmy7X+G4wVwBHJFQJnu0o=
-3,10,LLCSWNk28fzqsb91aETtAcruJ2I=,yH0Dt0gmy7X+G4wVwBHJFQJnu0o=
-9,13,8xc5R1LInb0CglZeYjGhx8wONGA=,+4HzIEoKnSjDvEs2LL/MNxYmNH8=
-7,14,LLCSWNk28fzqsb91aETtAcruJ2I=,yH0Dt0gmy7X+G4wVwBHJFQJnu0o=
-9,10,8xc5R1LInb0CglZeYjGhx8wONGA=,+4HzIEoKnSjDvEs2LL/MNxYmNH8=
-2,10,LLCSWNk28fzqsb91aETtAcruJ2I=,yH0Dt0gmy7X+G4wVwBHJFQJnu0o=
-5,13,LLCSWNk28fzqsb91aETtAcruJ2I=,yH0Dt0gmy7X+G4wVwBHJFQJnu0o=
-6,13,LLCSWNk28fzqsb91aETtAcruJ2I=,yH0Dt0gmy7X+G4wVwBHJFQJnu0o=
-7,13,LLCSWNk28fzqsb91aETtAcruJ2I=,yH0Dt0gmy7X+G4wVwBHJFQJnu0o=
-3,12,LLCSWNk28fzqsb91aETtAcruJ2I=,yH0Dt0gmy7X+G4wVwBHJFQJnu0o=
-8,13,LLCSWNk28fzqsb91aETtAcruJ2I=,yH0Dt0gmy7X+G4wVwBHJFQJnu0o=
-9,12,8xc5R1LInb0CglZeYjGhx8wONGA=,+4HzIEoKnSjDvEs2LL/MNxYmNH8=
-9,11,8xc5R1LInb0CglZeYjGhx8wONGA=,+4HzIEoKnSjDvEs2LL/MNxYmNH8=
-8,12,LLCSWNk28fzqsb91aETtAcruJ2I=,yH0Dt0gmy7X+G4wVwBHJFQJnu0o=
-5,10,LLCSWNk28fzqsb91aETtAcruJ2I=,yH0Dt0gmy7X+G4wVwBHJFQJnu0o=
-1,10,LLCSWNk28fzqsb91aETtAcruJ2I=,yH0Dt0gmy7X+G4wVwBHJFQJnu0o=
-9,9,8xc5R1LInb0CglZeYjGhx8wONGA=,+4HzIEoKnSjDvEs2LL/MNxYmNH8=
-4,12,LLCSWNk28fzqsb91aETtAcruJ2I=,yH0Dt0gmy7X+G4wVwBHJFQJnu0o=
-7,10,LLCSWNk28fzqsb91aETtAcruJ2I=,yH0Dt0gmy7X+G4wVwBHJFQJnu0o=
-1,11,LLCSWNk28fzqsb91aETtAcruJ2I=,yH0Dt0gmy7X+G4wVwBHJFQJnu0o=
-6,10,LLCSWNk28fzqsb91aETtAcruJ2I=,yH0Dt0gmy7X+G4wVwBHJFQJnu0o=
-2,11,LLCSWNk28fzqsb91aETtAcruJ2I=,yH0Dt0gmy7X+G4wVwBHJFQJnu0o=
-1,9,LLCSWNk28fzqsb91aETtAcruJ2I=,yH0Dt0gmy7X+G4wVwBHJFQJnu0o=
-8,11,LLCSWNk28fzqsb91aETtAcruJ2I=,yH0Dt0gmy7X+G4wVwBHJFQJnu0o=
-8,10,LLCSWNk28fzqsb91aETtAcruJ2I=,yH0Dt0gmy7X+G4wVwBHJFQJnu0o=
-5,9,LLCSWNk28fzqsb91aETtAcruJ2I=,yH0Dt0gmy7X+G4wVwBHJFQJnu0o=
-7,9,LLCSWNk28fzqsb91aETtAcruJ2I=,yH0Dt0gmy7X+G4wVwBHJFQJnu0o=
-1,15,LLCSWNk28fzqsb91aETtAcruJ2I=,yH0Dt0gmy7X+G4wVwBHJFQJnu0o=
-2,15,LLCSWNk28fzqsb91aETtAcruJ2I=,yH0Dt0gmy7X+G4wVwBHJFQJnu0o=
-6,9,LLCSWNk28fzqsb91aETtAcruJ2I=,yH0Dt0gmy7X+G4wVwBHJFQJnu0o=
-3,15,LLCSWNk28fzqsb91aETtAcruJ2I=,yH0Dt0gmy7X+G4wVwBHJFQJnu0o=
-4,15,LLCSWNk28fzqsb91aETtAcruJ2I=,yH0Dt0gmy7X+G4wVwBHJFQJnu0o=
-3,9,LLCSWNk28fzqsb91aETtAcruJ2I=,yH0Dt0gmy7X+G4wVwBHJFQJnu0o=
-2,9,LLCSWNk28fzqsb91aETtAcruJ2I=,yH0Dt0gmy7X+G4wVwBHJFQJnu0o=
-8,9,LLCSWNk28fzqsb91aETtAcruJ2I=,yH0Dt0gmy7X+G4wVwBHJFQJnu0o=
-5,12,LLCSWNk28fzqsb91aETtAcruJ2I=,yH0Dt0gmy7X+G4wVwBHJFQJnu0o=
-7,11,LLCSWNk28fzqsb91aETtAcruJ2I=,yH0Dt0gmy7X+G4wVwBHJFQJnu0o=
-3,11,LLCSWNk28fzqsb91aETtAcruJ2I=,yH0Dt0gmy7X+G4wVwBHJFQJnu0o=
-4,11,LLCSWNk28fzqsb91aETtAcruJ2I=,yH0Dt0gmy7X+G4wVwBHJFQJnu0o=
-5,11,LLCSWNk28fzqsb91aETtAcruJ2I=,yH0Dt0gmy7X+G4wVwBHJFQJnu0o=
-6,11,LLCSWNk28fzqsb91aETtAcruJ2I=,yH0Dt0gmy7X+G4wVwBHJFQJnu0o=
-6,12,LLCSWNk28fzqsb91aETtAcruJ2I=,yH0Dt0gmy7X+G4wVwBHJFQJnu0o=
-1,5,TBOEq/dWBO5MtIK5C2Gz+7dQ5PY=,v+rig88fpaaCBwesfMhETHKvOzI=
-1,6,TBOEq/dWBO5MtIK5C2Gz+7dQ5PY=,v+rig88fpaaCBwesfMhETHKvOzI=
-3,6,TBOEq/dWBO5MtIK5C2Gz+7dQ5PY=,v+rig88fpaaCBwesfMhETHKvOzI=
-5,6,TBOEq/dWBO5MtIK5C2Gz+7dQ5PY=,v+rig88fpaaCBwesfMhETHKvOzI=
-4,6,TBOEq/dWBO5MtIK5C2Gz+7dQ5PY=,v+rig88fpaaCBwesfMhETHKvOzI=
-5,7,TBOEq/dWBO5MtIK5C2Gz+7dQ5PY=,v+rig88fpaaCBwesfMhETHKvOzI=
-7,7,TBOEq/dWBO5MtIK5C2Gz+7dQ5PY=,v+rig88fpaaCBwesfMhETHKvOzI=
-2,6,TBOEq/dWBO5MtIK5C2Gz+7dQ5PY=,v+rig88fpaaCBwesfMhETHKvOzI=
-8,7,TBOEq/dWBO5MtIK5C2Gz+7dQ5PY=,v+rig88fpaaCBwesfMhETHKvOzI=
-6,6,TBOEq/dWBO5MtIK5C2Gz+7dQ5PY=,v+rig88fpaaCBwesfMhETHKvOzI=
-6,7,TBOEq/dWBO5MtIK5C2Gz+7dQ5PY=,v+rig88fpaaCBwesfMhETHKvOzI=
-4,7,TBOEq/dWBO5MtIK5C2Gz+7dQ5PY=,v+rig88fpaaCBwesfMhETHKvOzI=
-2,5,TBOEq/dWBO5MtIK5C2Gz+7dQ5PY=,v+rig88fpaaCBwesfMhETHKvOzI=
-5,8,LLCSWNk28fzqsb91aETtAcruJ2I=,yH0Dt0gmy7X+G4wVwBHJFQJnu0o=
-7,6,TBOEq/dWBO5MtIK5C2Gz+7dQ5PY=,v+rig88fpaaCBwesfMhETHKvOzI=
-7,5,TBOEq/dWBO5MtIK5C2Gz+7dQ5PY=,v+rig88fpaaCBwesfMhETHKvOzI=
-8,6,TBOEq/dWBO5MtIK5C2Gz+7dQ5PY=,v+rig88fpaaCBwesfMhETHKvOzI=
-5,5,TBOEq/dWBO5MtIK5C2Gz+7dQ5PY=,v+rig88fpaaCBwesfMhETHKvOzI=
-3,5,TBOEq/dWBO5MtIK5C2Gz+7dQ5PY=,v+rig88fpaaCBwesfMhETHKvOzI=
-1,4,TBOEq/dWBO5MtIK5C2Gz+7dQ5PY=,v+rig88fpaaCBwesfMhETHKvOzI=
-4,5,TBOEq/dWBO5MtIK5C2Gz+7dQ5PY=,v+rig88fpaaCBwesfMhETHKvOzI=
-2,4,TBOEq/dWBO5MtIK5C2Gz+7dQ5PY=,v+rig88fpaaCBwesfMhETHKvOzI=
-6,5,TBOEq/dWBO5MtIK5C2Gz+7dQ5PY=,v+rig88fpaaCBwesfMhETHKvOzI=
-8,5,TBOEq/dWBO5MtIK5C2Gz+7dQ5PY=,v+rig88fpaaCBwesfMhETHKvOzI=
-6,4,TBOEq/dWBO5MtIK5C2Gz+7dQ5PY=,v+rig88fpaaCBwesfMhETHKvOzI=
-4,4,TBOEq/dWBO5MtIK5C2Gz+7dQ5PY=,v+rig88fpaaCBwesfMhETHKvOzI=
-7,4,TBOEq/dWBO5MtIK5C2Gz+7dQ5PY=,v+rig88fpaaCBwesfMhETHKvOzI=
-9,4,8xc5R1LInb0CglZeYjGhx8wONGA=,oGoBVcNybBcuNOJMuUqT30rELA8=
-3,4,TBOEq/dWBO5MtIK5C2Gz+7dQ5PY=,v+rig88fpaaCBwesfMhETHKvOzI=
-5,4,TBOEq/dWBO5MtIK5C2Gz+7dQ5PY=,v+rig88fpaaCBwesfMhETHKvOzI=
-1,3,TBOEq/dWBO5MtIK5C2Gz+7dQ5PY=,v+rig88fpaaCBwesfMhETHKvOzI=
-7,8,LLCSWNk28fzqsb91aETtAcruJ2I=,yH0Dt0gmy7X+G4wVwBHJFQJnu0o=
-2,3,TBOEq/dWBO5MtIK5C2Gz+7dQ5PY=,v+rig88fpaaCBwesfMhETHKvOzI=
-8,4,TBOEq/dWBO5MtIK5C2Gz+7dQ5PY=,v+rig88fpaaCBwesfMhETHKvOzI=
-9,2,8xc5R1LInb0CglZeYjGhx8wONGA=,oGoBVcNybBcuNOJMuUqT30rELA8=
-9,8,8xc5R1LInb0CglZeYjGhx8wONGA=,+4HzIEoKnSjDvEs2LL/MNxYmNH8=
-5,3,TBOEq/dWBO5MtIK5C2Gz+7dQ5PY=,v+rig88fpaaCBwesfMhETHKvOzI=
-3,3,TBOEq/dWBO5MtIK5C2Gz+7dQ5PY=,v+rig88fpaaCBwesfMhETHKvOzI=
-9,3,8xc5R1LInb0CglZeYjGhx8wONGA=,oGoBVcNybBcuNOJMuUqT30rELA8=
-4,3,TBOEq/dWBO5MtIK5C2Gz+7dQ5PY=,v+rig88fpaaCBwesfMhETHKvOzI=
-6,3,TBOEq/dWBO5MtIK5C2Gz+7dQ5PY=,v+rig88fpaaCBwesfMhETHKvOzI=
-7,3,TBOEq/dWBO5MtIK5C2Gz+7dQ5PY=,v+rig88fpaaCBwesfMhETHKvOzI=
-9,7,8xc5R1LInb0CglZeYjGhx8wONGA=,oGoBVcNybBcuNOJMuUqT30rELA8=
-1,2,TBOEq/dWBO5MtIK5C2Gz+7dQ5PY=,v+rig88fpaaCBwesfMhETHKvOzI=
-9,1,8xc5R1LInb0CglZeYjGhx8wONGA=,oGoBVcNybBcuNOJMuUqT30rELA8=
-9,0,8xc5R1LInb0CglZeYjGhx8wONGA=,oGoBVcNybBcuNOJMuUqT30rELA8=
-8,3,TBOEq/dWBO5MtIK5C2Gz+7dQ5PY=,v+rig88fpaaCBwesfMhETHKvOzI=
-2,2,TBOEq/dWBO5MtIK5C2Gz+7dQ5PY=,v+rig88fpaaCBwesfMhETHKvOzI=
-4,8,LLCSWNk28fzqsb91aETtAcruJ2I=,yH0Dt0gmy7X+G4wVwBHJFQJnu0o=
-8,8,LLCSWNk28fzqsb91aETtAcruJ2I=,yH0Dt0gmy7X+G4wVwBHJFQJnu0o=
-2,1,TBOEq/dWBO5MtIK5C2Gz+7dQ5PY=,v+rig88fpaaCBwesfMhETHKvOzI=
-3,1,TBOEq/dWBO5MtIK5C2Gz+7dQ5PY=,v+rig88fpaaCBwesfMhETHKvOzI=
-9,6,8xc5R1LInb0CglZeYjGhx8wONGA=,oGoBVcNybBcuNOJMuUqT30rELA8=
-3,2,TBOEq/dWBO5MtIK5C2Gz+7dQ5PY=,v+rig88fpaaCBwesfMhETHKvOzI=
-6,2,TBOEq/dWBO5MtIK5C2Gz+7dQ5PY=,v+rig88fpaaCBwesfMhETHKvOzI=
-4,2,TBOEq/dWBO5MtIK5C2Gz+7dQ5PY=,v+rig88fpaaCBwesfMhETHKvOzI=
-5,2,TBOEq/dWBO5MtIK5C2Gz+7dQ5PY=,v+rig88fpaaCBwesfMhETHKvOzI=
-7,2,TBOEq/dWBO5MtIK5C2Gz+7dQ5PY=,v+rig88fpaaCBwesfMhETHKvOzI=
-8,2,TBOEq/dWBO5MtIK5C2Gz+7dQ5PY=,v+rig88fpaaCBwesfMhETHKvOzI=
-1,1,TBOEq/dWBO5MtIK5C2Gz+7dQ5PY=,v+rig88fpaaCBwesfMhETHKvOzI=
-9,5,8xc5R1LInb0CglZeYjGhx8wONGA=,oGoBVcNybBcuNOJMuUqT30rELA8=
-4,1,TBOEq/dWBO5MtIK5C2Gz+7dQ5PY=,v+rig88fpaaCBwesfMhETHKvOzI=
-5,1,TBOEq/dWBO5MtIK5C2Gz+7dQ5PY=,v+rig88fpaaCBwesfMhETHKvOzI=
-2,0,TBOEq/dWBO5MtIK5C2Gz+7dQ5PY=,v+rig88fpaaCBwesfMhETHKvOzI=
-3,8,LLCSWNk28fzqsb91aETtAcruJ2I=,yH0Dt0gmy7X+G4wVwBHJFQJnu0o=
-1,0,TBOEq/dWBO5MtIK5C2Gz+7dQ5PY=,v+rig88fpaaCBwesfMhETHKvOzI=
-8,1,TBOEq/dWBO5MtIK5C2Gz+7dQ5PY=,v+rig88fpaaCBwesfMhETHKvOzI=
-3,0,TBOEq/dWBO5MtIK5C2Gz+7dQ5PY=,v+rig88fpaaCBwesfMhETHKvOzI=
-6,1,TBOEq/dWBO5MtIK5C2Gz+7dQ5PY=,v+rig88fpaaCBwesfMhETHKvOzI=
-7,1,TBOEq/dWBO5MtIK5C2Gz+7dQ5PY=,v+rig88fpaaCBwesfMhETHKvOzI=
-1,8,LLCSWNk28fzqsb91aETtAcruJ2I=,yH0Dt0gmy7X+G4wVwBHJFQJnu0o=
-6,0,TBOEq/dWBO5MtIK5C2Gz+7dQ5PY=,v+rig88fpaaCBwesfMhETHKvOzI=
-4,0,TBOEq/dWBO5MtIK5C2Gz+7dQ5PY=,v+rig88fpaaCBwesfMhETHKvOzI=
-8,0,TBOEq/dWBO5MtIK5C2Gz+7dQ5PY=,v+rig88fpaaCBwesfMhETHKvOzI=
-1,7,TBOEq/dWBO5MtIK5C2Gz+7dQ5PY=,v+rig88fpaaCBwesfMhETHKvOzI=
-5,0,TBOEq/dWBO5MtIK5C2Gz+7dQ5PY=,v+rig88fpaaCBwesfMhETHKvOzI=
-2,7,TBOEq/dWBO5MtIK5C2Gz+7dQ5PY=,v+rig88fpaaCBwesfMhETHKvOzI=
-7,0,TBOEq/dWBO5MtIK5C2Gz+7dQ5PY=,v+rig88fpaaCBwesfMhETHKvOzI=
-3,7,TBOEq/dWBO5MtIK5C2Gz+7dQ5PY=,v+rig88fpaaCBwesfMhETHKvOzI=
-2,8,LLCSWNk28fzqsb91aETtAcruJ2I=,yH0Dt0gmy7X+G4wVwBHJFQJnu0o=
-6,8,LLCSWNk28fzqsb91aETtAcruJ2I=,yH0Dt0gmy7X+G4wVwBHJFQJnu0o=
