6,-7,XjQEBLC7HQ3lXhW9HIAwAGzFVJc=,m6mFzNuZUT/7fyQaG9Hm2y/FINM=
5,-7,XjQEBLC7HQ3lXhW9HIAwAGzFVJc=,m6mFzNuZUT/7fyQaG9Hm2y/FINM=
6,-6,XjQEBLC7HQ3lXhW9HIAwAGzFVJc=,m6mFzNuZUT/7fyQaG9Hm2y/FINM=
7,-7,XjQEBLC7HQ3lXhW9HIAwAGzFVJc=,m6mFzNuZUT/7fyQaG9Hm2y/FINM=
5,-6,XjQEBLC7HQ3lXhW9HIAwAGzFVJc=,m6mFzNuZUT/7fyQaG9Hm2y/FINM=
7,-6,XjQEBLC7HQ3lXhW9HIAwAGzFVJc=,m6mFzNuZUT/7fyQaG9Hm2y/FINM=
5,-8,XjQEBLC7HQ3lXhW9HIAwAGzFVJc=,m6mFzNuZUT/7fyQaG9Hm2y/FINM=
6,-8,XjQEBLC7HQ3lXhW9HIAwAGzFVJc=,m6mFzNuZUT/7fyQaG9Hm2y/FINM=
7,-8,XjQEBLC7HQ3lXhW9HIAwAGzFVJc=,m6mFzNuZUT/7fyQaG9Hm2y/FINM=
4,-8,XjQEBLC7HQ3lXhW9HIAwAGzFVJc=,m6mFzNuZUT/7fyQaG9Hm2y/FINM=
3,-8,hrX95A3p/fojHqrZDTDuJP/KWNk=,53XnNmh/ym1R5gkJKpnpfI7dsdQ=
2,-8,hrX95A3p/fojHqrZDTDuJP/KWNk=,53XnNmh/ym1R5gkJKpnpfI7dsdQ=
1,-8,hrX95A3p/fojHqrZDTDuJP/KWNk=,53XnNmh/ym1R5gkJKpnpfI7dsdQ=
4,-6,lWULTcMGo8nTXOUjgG18P1I7nrk=,m6mFzNuZUT/7fyQaG9Hm2y/FINM=
4,-7,XjQEBLC7HQ3lXhW9HIAwAGzFVJc=,m6mFzNuZUT/7fyQaG9Hm2y/FINM=
3,-6,hrX95A3p/fojHqrZDTDuJP/KWNk=,53XnNmh/ym1R5gkJKpnpfI7dsdQ=
0,-8,hrX95A3p/fojHqrZDTDuJP/KWNk=,53XnNmh/ym1R5gkJKpnpfI7dsdQ=
3,-7,hrX95A3p/fojHqrZDTDuJP/KWNk=,53XnNmh/ym1R5gkJKpnpfI7dsdQ=
1,-7,hrX95A3p/fojHqrZDTDuJP/KWNk=,53XnNmh/ym1R5gkJKpnpfI7dsdQ=
0,-6,hrX95A3p/fojHqrZDTDuJP/KWNk=,53XnNmh/ym1R5gkJKpnpfI7dsdQ=
2,-7,hrX95A3p/fojHqrZDTDuJP/KWNk=,53XnNmh/ym1R5gkJKpnpfI7dsdQ=
0,-7,hrX95A3p/fojHqrZDTDuJP/KWNk=,53XnNmh/ym1R5gkJKpnpfI7dsdQ=
1,-6,hrX95A3p/fojHqrZDTDuJP/KWNk=,53XnNmh/ym1R5gkJKpnpfI7dsdQ=
2,-6,hrX95A3p/fojHqrZDTDuJP/KWNk=,53XnNmh/ym1R5gkJKpnpfI7dsdQ=
7,-4,lWULTcMGo8nTXOUjgG18P1I7nrk=,lHDBp1+iizoEJL8KtFgeYOlgr6A=
7,-1,lWULTcMGo8nTXOUjgG18P1I7nrk=,lHDBp1+iizoEJL8KtFgeYOlgr6A=
7,-2,lWULTcMGo8nTXOUjgG18P1I7nrk=,lHDBp1+iizoEJL8KtFgeYOlgr6A=
7,-3,lWULTcMGo8nTXOUjgG18P1I7nrk=,lHDBp1+iizoEJL8KtFgeYOlgr6A=
7,-5,lWULTcMGo8nTXOUjgG18P1I7nrk=,m6mFzNuZUT/7fyQaG9Hm2y/FINM=
6,-1,lWULTcMGo8nTXOUjgG18P1I7nrk=,lHDBp1+iizoEJL8KtFgeYOlgr6A=
5,-5,lWULTcMGo8nTXOUjgG18P1I7nrk=,m6mFzNuZUT/7fyQaG9Hm2y/FINM=
6,-4,lWULTcMGo8nTXOUjgG18P1I7nrk=,lHDBp1+iizoEJL8KtFgeYOlgr6A=
6,-2,lWULTcMGo8nTXOUjgG18P1I7nrk=,lHDBp1+iizoEJL8KtFgeYOlgr6A=
6,-5,lWULTcMGo8nTXOUjgG18P1I7nrk=,m6mFzNuZUT/7fyQaG9Hm2y/FINM=
5,-2,lWULTcMGo8nTXOUjgG18P1I7nrk=,lHDBp1+iizoEJL8KtFgeYOlgr6A=
5,-1,lWULTcMGo8nTXOUjgG18P1I7nrk=,lHDBp1+iizoEJL8KtFgeYOlgr6A=
5,-3,lWULTcMGo8nTXOUjgG18P1I7nrk=,lHDBp1+iizoEJL8KtFgeYOlgr6A=
6,-3,lWULTcMGo8nTXOUjgG18P1I7nrk=,lHDBp1+iizoEJL8KtFgeYOlgr6A=
5,-4,lWULTcMGo8nTXOUjgG18P1I7nrk=,lHDBp1+iizoEJL8KtFgeYOlgr6A=
1,-5,hrX95A3p/fojHqrZDTDuJP/KWNk=,53XnNmh/ym1R5gkJKpnpfI7dsdQ=
3,-2,lWULTcMGo8nTXOUjgG18P1I7nrk=,Q+r4h9xUSJqT1dbLqo3UO+HXvJA=
3,-5,hrX95A3p/fojHqrZDTDuJP/KWNk=,53XnNmh/ym1R5gkJKpnpfI7dsdQ=
0,-4,lWULTcMGo8nTXOUjgG18P1I7nrk=,Q+r4h9xUSJqT1dbLqo3UO+HXvJA=
2,-5,hrX95A3p/fojHqrZDTDuJP/KWNk=,53XnNmh/ym1R5gkJKpnpfI7dsdQ=
3,-4,lWULTcMGo8nTXOUjgG18P1I7nrk=,Q+r4h9xUSJqT1dbLqo3UO+HXvJA=
3,-1,lWULTcMGo8nTXOUjgG18P1I7nrk=,Q+r4h9xUSJqT1dbLqo3UO+HXvJA=
1,-1,lWULTcMGo8nTXOUjgG18P1I7nrk=,Q+r4h9xUSJqT1dbLqo3UO+HXvJA=
4,-3,lWULTcMGo8nTXOUjgG18P1I7nrk=,lHDBp1+iizoEJL8KtFgeYOlgr6A=
0,-1,lWULTcMGo8nTXOUjgG18P1I7nrk=,Q+r4h9xUSJqT1dbLqo3UO+HXvJA=
0,-5,hrX95A3p/fojHqrZDTDuJP/KWNk=,53XnNmh/ym1R5gkJKpnpfI7dsdQ=
1,-4,lWULTcMGo8nTXOUjgG18P1I7nrk=,Q+r4h9xUSJqT1dbLqo3UO+HXvJA=
2,-1,lWULTcMGo8nTXOUjgG18P1I7nrk=,Q+r4h9xUSJqT1dbLqo3UO+HXvJA=
2,-4,lWULTcMGo8nTXOUjgG18P1I7nrk=,Q+r4h9xUSJqT1dbLqo3UO+HXvJA=
2,-2,lWULTcMGo8nTXOUjgG18P1I7nrk=,Q+r4h9xUSJqT1dbLqo3UO+HXvJA=
4,-4,lWULTcMGo8nTXOUjgG18P1I7nrk=,lHDBp1+iizoEJL8KtFgeYOlgr6A=
4,-2,lWULTcMGo8nTXOUjgG18P1I7nrk=,lHDBp1+iizoEJL8KtFgeYOlgr6A=
3,-3,lWULTcMGo8nTXOUjgG18P1I7nrk=,Q+r4h9xUSJqT1dbLqo3UO+HXvJA=
0,-3,lWULTcMGo8nTXOUjgG18P1I7nrk=,Q+r4h9xUSJqT1dbLqo3UO+HXvJA=
0,-2,lWULTcMGo8nTXOUjgG18P1I7nrk=,Q+r4h9xUSJqT1dbLqo3UO+HXvJA=
1,-2,lWULTcMGo8nTXOUjgG18P1I7nrk=,Q+r4h9xUSJqT1dbLqo3UO+HXvJA=
2,-3,lWULTcMGo8nTXOUjgG18P1I7nrk=,Q+r4h9xUSJqT1dbLqo3UO+HXvJA=
1,-3,lWULTcMGo8nTXOUjgG18P1I7nrk=,Q+r4h9xUSJqT1dbLqo3UO+HXvJA=
4,-1,lWULTcMGo8nTXOUjgG18P1I7nrk=,lHDBp1+iizoEJL8KtFgeYOlgr6A=
4,-5,lWULTcMGo8nTXOUjgG18P1I7nrk=,m6mFzNuZUT/7fyQaG9Hm2y/FINM=
