78,76,FyGyH9FScLG1bUGKcU6Ie9vf7wo=,V3nWtnFc1TiNkiboym2Qu9p//Hc=
77,75,FyGyH9FScLG1bUGKcU6Ie9vf7wo=,DGGdJt0ykqmG2MQxYy95t2PFTiY=
77,77,FyGyH9FScLG1bUGKcU6Ie9vf7wo=,Ca6pg7gUjdeuZRPDlPV5Sf67iM8=
77,76,FyGyH9FScLG1bUGKcU6Ie9vf7wo=,Ca6pg7gUjdeuZRPDlPV5Sf67iM8=
77,78,FyGyH9FScLG1bUGKcU6Ie9vf7wo=,Urfy+N+30nZ/bufAocqIX87SKZs=
78,78,FyGyH9FScLG1bUGKcU6Ie9vf7wo=,rEQq4ii8p3s3Jy/FCTkly0AQNDc=
78,77,FyGyH9FScLG1bUGKcU6Ie9vf7wo=,V3nWtnFc1TiNkiboym2Qu9p//Hc=
74,72,FyGyH9FScLG1bUGKcU6Ie9vf7wo=,nf7KRRSAuEJbuHMR23gf90mcuwc=
73,69,FyGyH9FScLG1bUGKcU6Ie9vf7wo=,nRJP7m6gSNcaTxooBgg5ssM59L4=
74,70,FyGyH9FScLG1bUGKcU6Ie9vf7wo=,bWIpo+RwvtcL8Zs5GBgUIVrz3rE=
74,71,FyGyH9FScLG1bUGKcU6Ie9vf7wo=,bWIpo+RwvtcL8Zs5GBgUIVrz3rE=
74,69,FyGyH9FScLG1bUGKcU6Ie9vf7wo=,HBTlWaujXtaKzPJegs+s0cRJMCE=
73,71,FyGyH9FScLG1bUGKcU6Ie9vf7wo=,Aoox1MgpmDni9FTuWM+S7SiaAKU=
73,70,FyGyH9FScLG1bUGKcU6Ie9vf7wo=,Aoox1MgpmDni9FTuWM+S7SiaAKU=
73,72,FyGyH9FScLG1bUGKcU6Ie9vf7wo=,u0IuMj8O92RnovLC8TTwqFW0Ds4=
73,67,FyGyH9FScLG1bUGKcU6Ie9vf7wo=,RnXNQ/RjADjcqDDlURLXfuiJkFY=
74,67,FyGyH9FScLG1bUGKcU6Ie9vf7wo=,nIt8euZbc1Jzhdz4RkdF3VWiXzM=
71,66,FyGyH9FScLG1bUGKcU6Ie9vf7wo=,/zWKSLs3jzmY7qbqMjYhjR2bqBQ=
73,68,FyGyH9FScLG1bUGKcU6Ie9vf7wo=,nRJP7m6gSNcaTxooBgg5ssM59L4=
72,66,FyGyH9FScLG1bUGKcU6Ie9vf7wo=,RnXNQ/RjADjcqDDlURLXfuiJkFY=
74,68,FyGyH9FScLG1bUGKcU6Ie9vf7wo=,HBTlWaujXtaKzPJegs+s0cRJMCE=
72,65,FyGyH9FScLG1bUGKcU6Ie9vf7wo=,xwyndTZyBfdXRcm82AGcYxFpx18=
75,65,FyGyH9FScLG1bUGKcU6Ie9vf7wo=,xrBnD5gkMRFoobXpPcRqN+r/f80=
75,66,FyGyH9FScLG1bUGKcU6Ie9vf7wo=,nIt8euZbc1Jzhdz4RkdF3VWiXzM=
75,68,FyGyH9FScLG1bUGKcU6Ie9vf7wo=,HBTlWaujXtaKzPJegs+s0cRJMCE=
75,67,FyGyH9FScLG1bUGKcU6Ie9vf7wo=,nIt8euZbc1Jzhdz4RkdF3VWiXzM=
73,65,FyGyH9FScLG1bUGKcU6Ie9vf7wo=,xwyndTZyBfdXRcm82AGcYxFpx18=
73,64,FyGyH9FScLG1bUGKcU6Ie9vf7wo=,xwyndTZyBfdXRcm82AGcYxFpx18=
74,64,FyGyH9FScLG1bUGKcU6Ie9vf7wo=,xrBnD5gkMRFoobXpPcRqN+r/f80=
74,65,FyGyH9FScLG1bUGKcU6Ie9vf7wo=,xrBnD5gkMRFoobXpPcRqN+r/f80=
73,66,FyGyH9FScLG1bUGKcU6Ie9vf7wo=,RnXNQ/RjADjcqDDlURLXfuiJkFY=
74,66,FyGyH9FScLG1bUGKcU6Ie9vf7wo=,nIt8euZbc1Jzhdz4RkdF3VWiXzM=
67,67,FyGyH9FScLG1bUGKcU6Ie9vf7wo=,1YddXW16SpC/f8Grrkf4kDuIcxc=
68,67,FyGyH9FScLG1bUGKcU6Ie9vf7wo=,d2XHp+iI1qtfAcmJS4ma+IEy0JI=
70,66,FyGyH9FScLG1bUGKcU6Ie9vf7wo=,/zWKSLs3jzmY7qbqMjYhjR2bqBQ=
67,66,FyGyH9FScLG1bUGKcU6Ie9vf7wo=,1YddXW16SpC/f8Grrkf4kDuIcxc=
69,66,FyGyH9FScLG1bUGKcU6Ie9vf7wo=,d2XHp+iI1qtfAcmJS4ma+IEy0JI=
75,73,FyGyH9FScLG1bUGKcU6Ie9vf7wo=,nf7KRRSAuEJbuHMR23gf90mcuwc=
68,66,FyGyH9FScLG1bUGKcU6Ie9vf7wo=,d2XHp+iI1qtfAcmJS4ma+IEy0JI=
76,74,FyGyH9FScLG1bUGKcU6Ie9vf7wo=,DGGdJt0ykqmG2MQxYy95t2PFTiY=
75,74,FyGyH9FScLG1bUGKcU6Ie9vf7wo=,Y/savzK7iMn/zVsNXNi+ARt+bcM=
72,68,FyGyH9FScLG1bUGKcU6Ie9vf7wo=,nRJP7m6gSNcaTxooBgg5ssM59L4=
71,67,FyGyH9FScLG1bUGKcU6Ie9vf7wo=,/zWKSLs3jzmY7qbqMjYhjR2bqBQ=
69,67,FyGyH9FScLG1bUGKcU6Ie9vf7wo=,d2XHp+iI1qtfAcmJS4ma+IEy0JI=
72,67,FyGyH9FScLG1bUGKcU6Ie9vf7wo=,RnXNQ/RjADjcqDDlURLXfuiJkFY=
70,67,FyGyH9FScLG1bUGKcU6Ie9vf7wo=,/zWKSLs3jzmY7qbqMjYhjR2bqBQ=
72,69,FyGyH9FScLG1bUGKcU6Ie9vf7wo=,nRJP7m6gSNcaTxooBgg5ssM59L4=
70,69,FyGyH9FScLG1bUGKcU6Ie9vf7wo=,DTdLj4d8fXSku6lxdS/GwTmMLdw=
71,69,FyGyH9FScLG1bUGKcU6Ie9vf7wo=,DTdLj4d8fXSku6lxdS/GwTmMLdw=
72,70,FyGyH9FScLG1bUGKcU6Ie9vf7wo=,Aoox1MgpmDni9FTuWM+S7SiaAKU=
70,68,FyGyH9FScLG1bUGKcU6Ie9vf7wo=,DTdLj4d8fXSku6lxdS/GwTmMLdw=
71,68,FyGyH9FScLG1bUGKcU6Ie9vf7wo=,DTdLj4d8fXSku6lxdS/GwTmMLdw=
64,65,FyGyH9FScLG1bUGKcU6Ie9vf7wo=,r+gvFTlS2DSL8DhmliZcxuv14CE=
79,70,FyGyH9FScLG1bUGKcU6Ie9vf7wo=,qUEUTuw16Ek0GNUJs9EhTTdoCJo=
79,76,FyGyH9FScLG1bUGKcU6Ie9vf7wo=,V3nWtnFc1TiNkiboym2Qu9p//Hc=
79,78,FyGyH9FScLG1bUGKcU6Ie9vf7wo=,rEQq4ii8p3s3Jy/FCTkly0AQNDc=
65,65,FyGyH9FScLG1bUGKcU6Ie9vf7wo=,r+gvFTlS2DSL8DhmliZcxuv14CE=
66,66,FyGyH9FScLG1bUGKcU6Ie9vf7wo=,1YddXW16SpC/f8Grrkf4kDuIcxc=
79,77,FyGyH9FScLG1bUGKcU6Ie9vf7wo=,V3nWtnFc1TiNkiboym2Qu9p//Hc=
65,64,FyGyH9FScLG1bUGKcU6Ie9vf7wo=,r+gvFTlS2DSL8DhmliZcxuv14CE=
79,79,FyGyH9FScLG1bUGKcU6Ie9vf7wo=,rEQq4ii8p3s3Jy/FCTkly0AQNDc=
75,72,FyGyH9FScLG1bUGKcU6Ie9vf7wo=,nf7KRRSAuEJbuHMR23gf90mcuwc=
75,71,FyGyH9FScLG1bUGKcU6Ie9vf7wo=,bWIpo+RwvtcL8Zs5GBgUIVrz3rE=
77,70,FyGyH9FScLG1bUGKcU6Ie9vf7wo=,VssxS3Q+kgVGrNaaqdZW2zNn1A4=
78,70,FyGyH9FScLG1bUGKcU6Ie9vf7wo=,qUEUTuw16Ek0GNUJs9EhTTdoCJo=
64,64,FyGyH9FScLG1bUGKcU6Ie9vf7wo=,r+gvFTlS2DSL8DhmliZcxuv14CE=
76,71,FyGyH9FScLG1bUGKcU6Ie9vf7wo=,VssxS3Q+kgVGrNaaqdZW2zNn1A4=
75,70,FyGyH9FScLG1bUGKcU6Ie9vf7wo=,bWIpo+RwvtcL8Zs5GBgUIVrz3rE=
75,69,FyGyH9FScLG1bUGKcU6Ie9vf7wo=,HBTlWaujXtaKzPJegs+s0cRJMCE=
76,70,FyGyH9FScLG1bUGKcU6Ie9vf7wo=,VssxS3Q+kgVGrNaaqdZW2zNn1A4=
77,79,FyGyH9FScLG1bUGKcU6Ie9vf7wo=,Urfy+N+30nZ/bufAocqIX87SKZs=
78,79,FyGyH9FScLG1bUGKcU6Ie9vf7wo=,rEQq4ii8p3s3Jy/FCTkly0AQNDc=
76,76,FyGyH9FScLG1bUGKcU6Ie9vf7wo=,Ca6pg7gUjdeuZRPDlPV5Sf67iM8=
76,78,FyGyH9FScLG1bUGKcU6Ie9vf7wo=,Urfy+N+30nZ/bufAocqIX87SKZs=
76,77,FyGyH9FScLG1bUGKcU6Ie9vf7wo=,Ca6pg7gUjdeuZRPDlPV5Sf67iM8=
75,75,FyGyH9FScLG1bUGKcU6Ie9vf7wo=,Y/savzK7iMn/zVsNXNi+ARt+bcM=
74,73,FyGyH9FScLG1bUGKcU6Ie9vf7wo=,nf7KRRSAuEJbuHMR23gf90mcuwc=
64,75,FyGyH9FScLG1bUGKcU6Ie9vf7wo=,snT4z2AV34iqWLpNKC+eACGIJss=
77,74,FyGyH9FScLG1bUGKcU6Ie9vf7wo=,DGGdJt0ykqmG2MQxYy95t2PFTiY=
78,73,FyGyH9FScLG1bUGKcU6Ie9vf7wo=,TGwBMBxsnVce0um24YcgrC2E16U=
79,71,FyGyH9FScLG1bUGKcU6Ie9vf7wo=,qUEUTuw16Ek0GNUJs9EhTTdoCJo=
75,64,FyGyH9FScLG1bUGKcU6Ie9vf7wo=,xrBnD5gkMRFoobXpPcRqN+r/f80=
72,64,FyGyH9FScLG1bUGKcU6Ie9vf7wo=,xwyndTZyBfdXRcm82AGcYxFpx18=
72,73,FyGyH9FScLG1bUGKcU6Ie9vf7wo=,u0IuMj8O92RnovLC8TTwqFW0Ds4=
76,79,FyGyH9FScLG1bUGKcU6Ie9vf7wo=,Urfy+N+30nZ/bufAocqIX87SKZs=
65,75,FyGyH9FScLG1bUGKcU6Ie9vf7wo=,snT4z2AV34iqWLpNKC+eACGIJss=
74,75,FyGyH9FScLG1bUGKcU6Ie9vf7wo=,Y/savzK7iMn/zVsNXNi+ARt+bcM=
66,67,FyGyH9FScLG1bUGKcU6Ie9vf7wo=,1YddXW16SpC/f8Grrkf4kDuIcxc=
65,72,FyGyH9FScLG1bUGKcU6Ie9vf7wo=,F8Um89yK/Nsu8efRHMKxEq1q+EA=
65,74,FyGyH9FScLG1bUGKcU6Ie9vf7wo=,snT4z2AV34iqWLpNKC+eACGIJss=
64,72,FyGyH9FScLG1bUGKcU6Ie9vf7wo=,F8Um89yK/Nsu8efRHMKxEq1q+EA=
65,73,FyGyH9FScLG1bUGKcU6Ie9vf7wo=,F8Um89yK/Nsu8efRHMKxEq1q+EA=
73,73,FyGyH9FScLG1bUGKcU6Ie9vf7wo=,u0IuMj8O92RnovLC8TTwqFW0Ds4=
76,75,FyGyH9FScLG1bUGKcU6Ie9vf7wo=,DGGdJt0ykqmG2MQxYy95t2PFTiY=
79,72,FyGyH9FScLG1bUGKcU6Ie9vf7wo=,TGwBMBxsnVce0um24YcgrC2E16U=
79,73,FyGyH9FScLG1bUGKcU6Ie9vf7wo=,TGwBMBxsnVce0um24YcgrC2E16U=
64,74,FyGyH9FScLG1bUGKcU6Ie9vf7wo=,snT4z2AV34iqWLpNKC+eACGIJss=
74,74,FyGyH9FScLG1bUGKcU6Ie9vf7wo=,Y/savzK7iMn/zVsNXNi+ARt+bcM=
78,72,FyGyH9FScLG1bUGKcU6Ie9vf7wo=,TGwBMBxsnVce0um24YcgrC2E16U=
78,71,FyGyH9FScLG1bUGKcU6Ie9vf7wo=,qUEUTuw16Ek0GNUJs9EhTTdoCJo=
72,72,FyGyH9FScLG1bUGKcU6Ie9vf7wo=,u0IuMj8O92RnovLC8TTwqFW0Ds4=
64,73,FyGyH9FScLG1bUGKcU6Ie9vf7wo=,F8Um89yK/Nsu8efRHMKxEq1q+EA=
77,71,FyGyH9FScLG1bUGKcU6Ie9vf7wo=,VssxS3Q+kgVGrNaaqdZW2zNn1A4=
72,71,FyGyH9FScLG1bUGKcU6Ie9vf7wo=,Aoox1MgpmDni9FTuWM+S7SiaAKU=
76,82,/76Q/YhnKOyjgu+miduoCBvsOhQ=,RBHeC7SgKOPVO9O61ZJp3liICQg=
79,86,/76Q/YhnKOyjgu+miduoCBvsOhQ=,/xeDTNl/4DZEr0Olf7fQTyLz+xc=
76,81,/76Q/YhnKOyjgu+miduoCBvsOhQ=,iEz6EbtsW8x5LzKI1mcQUC4yYhg=
78,86,/76Q/YhnKOyjgu+miduoCBvsOhQ=,/xeDTNl/4DZEr0Olf7fQTyLz+xc=
77,85,/76Q/YhnKOyjgu+miduoCBvsOhQ=,M+TTQrVWjcqnrLHp67jZvxsF9Fo=
79,85,/76Q/YhnKOyjgu+miduoCBvsOhQ=,uRlLXST+lE3oWCqD61DcLUYa6V8=
78,85,/76Q/YhnKOyjgu+miduoCBvsOhQ=,uRlLXST+lE3oWCqD61DcLUYa6V8=
76,80,/76Q/YhnKOyjgu+miduoCBvsOhQ=,iEz6EbtsW8x5LzKI1mcQUC4yYhg=
76,87,/76Q/YhnKOyjgu+miduoCBvsOhQ=,VfFFNFM2Jbhx1eW2K65YwEcjX8A=
76,85,/76Q/YhnKOyjgu+miduoCBvsOhQ=,M+TTQrVWjcqnrLHp67jZvxsF9Fo=
76,84,/76Q/YhnKOyjgu+miduoCBvsOhQ=,M+TTQrVWjcqnrLHp67jZvxsF9Fo=
76,83,/76Q/YhnKOyjgu+miduoCBvsOhQ=,RBHeC7SgKOPVO9O61ZJp3liICQg=
76,86,/76Q/YhnKOyjgu+miduoCBvsOhQ=,VfFFNFM2Jbhx1eW2K65YwEcjX8A=
79,80,/76Q/YhnKOyjgu+miduoCBvsOhQ=,ZHtJmU1tAMaZCJG0iUVUQJzJnfM=
79,84,/76Q/YhnKOyjgu+miduoCBvsOhQ=,uRlLXST+lE3oWCqD61DcLUYa6V8=
79,83,/76Q/YhnKOyjgu+miduoCBvsOhQ=,03CB9DsOO9AzAD/KUAfJ3wuMYGE=
79,81,/76Q/YhnKOyjgu+miduoCBvsOhQ=,ZHtJmU1tAMaZCJG0iUVUQJzJnfM=
77,81,/76Q/YhnKOyjgu+miduoCBvsOhQ=,iEz6EbtsW8x5LzKI1mcQUC4yYhg=
77,82,/76Q/YhnKOyjgu+miduoCBvsOhQ=,RBHeC7SgKOPVO9O61ZJp3liICQg=
78,80,/76Q/YhnKOyjgu+miduoCBvsOhQ=,ZHtJmU1tAMaZCJG0iUVUQJzJnfM=
77,80,/76Q/YhnKOyjgu+miduoCBvsOhQ=,iEz6EbtsW8x5LzKI1mcQUC4yYhg=
77,83,/76Q/YhnKOyjgu+miduoCBvsOhQ=,RBHeC7SgKOPVO9O61ZJp3liICQg=
77,86,/76Q/YhnKOyjgu+miduoCBvsOhQ=,VfFFNFM2Jbhx1eW2K65YwEcjX8A=
78,82,/76Q/YhnKOyjgu+miduoCBvsOhQ=,03CB9DsOO9AzAD/KUAfJ3wuMYGE=
79,82,/76Q/YhnKOyjgu+miduoCBvsOhQ=,03CB9DsOO9AzAD/KUAfJ3wuMYGE=
78,81,/76Q/YhnKOyjgu+miduoCBvsOhQ=,ZHtJmU1tAMaZCJG0iUVUQJzJnfM=
78,83,/76Q/YhnKOyjgu+miduoCBvsOhQ=,03CB9DsOO9AzAD/KUAfJ3wuMYGE=
77,87,/76Q/YhnKOyjgu+miduoCBvsOhQ=,VfFFNFM2Jbhx1eW2K65YwEcjX8A=
77,84,/76Q/YhnKOyjgu+miduoCBvsOhQ=,M+TTQrVWjcqnrLHp67jZvxsF9Fo=
78,84,/76Q/YhnKOyjgu+miduoCBvsOhQ=,uRlLXST+lE3oWCqD61DcLUYa6V8=
79,87,/76Q/YhnKOyjgu+miduoCBvsOhQ=,/xeDTNl/4DZEr0Olf7fQTyLz+xc=
78,87,/76Q/YhnKOyjgu+miduoCBvsOhQ=,/xeDTNl/4DZEr0Olf7fQTyLz+xc=
78,89,/76Q/YhnKOyjgu+miduoCBvsOhQ=,jI8vLfwpmt/AOHoiyTT8sFBBmT0=
78,88,/76Q/YhnKOyjgu+miduoCBvsOhQ=,jI8vLfwpmt/AOHoiyTT8sFBBmT0=
79,88,/76Q/YhnKOyjgu+miduoCBvsOhQ=,jI8vLfwpmt/AOHoiyTT8sFBBmT0=
79,89,/76Q/YhnKOyjgu+miduoCBvsOhQ=,jI8vLfwpmt/AOHoiyTT8sFBBmT0=
88,83,/76Q/YhnKOyjgu+miduoCBvsOhQ=,COcSxFSrOcSv/dGYLzqzIBBLXYw=
87,83,8sxm70lOdfQlQwty7yeDrcO/1Ng=,IHKYgHw8m9jS3nB68+fJCMfXojU=
85,81,8sxm70lOdfQlQwty7yeDrcO/1Ng=,/Qy0LyM6iPQ9DgxZNRNfqwlgU2o=
88,84,8sxm70lOdfQlQwty7yeDrcO/1Ng=,xfhTiaIb0HFZVl3KZn2mZtlVWns=
85,82,8sxm70lOdfQlQwty7yeDrcO/1Ng=,sjj/w+U/jJeGsFQJfLJVpPvpaDw=
88,87,8sxm70lOdfQlQwty7yeDrcO/1Ng=,lyZ7MGIqelWikdAsHl1J8Gdlpnk=
86,82,8sxm70lOdfQlQwty7yeDrcO/1Ng=,IHKYgHw8m9jS3nB68+fJCMfXojU=
88,85,8sxm70lOdfQlQwty7yeDrcO/1Ng=,xfhTiaIb0HFZVl3KZn2mZtlVWns=
90,86,8sxm70lOdfQlQwty7yeDrcO/1Ng=,Y9FyqR/r+sOtNebm3aGPNK4SI04=
87,87,8sxm70lOdfQlQwty7yeDrcO/1Ng=,YwtZC8u7NgUCnoK+1xRsgDeHles=
89,85,8sxm70lOdfQlQwty7yeDrcO/1Ng=,xfhTiaIb0HFZVl3KZn2mZtlVWns=
89,86,8sxm70lOdfQlQwty7yeDrcO/1Ng=,lyZ7MGIqelWikdAsHl1J8Gdlpnk=
84,82,8sxm70lOdfQlQwty7yeDrcO/1Ng=,sjj/w+U/jJeGsFQJfLJVpPvpaDw=
84,81,8sxm70lOdfQlQwty7yeDrcO/1Ng=,/Qy0LyM6iPQ9DgxZNRNfqwlgU2o=
87,86,8sxm70lOdfQlQwty7yeDrcO/1Ng=,YwtZC8u7NgUCnoK+1xRsgDeHles=
88,86,8sxm70lOdfQlQwty7yeDrcO/1Ng=,lyZ7MGIqelWikdAsHl1J8Gdlpnk=
90,90,8sxm70lOdfQlQwty7yeDrcO/1Ng=,4blSR1Vj7GBcDJAxvf+/CBXftog=
83,81,8sxm70lOdfQlQwty7yeDrcO/1Ng=,RjHPSBztx4kFwbMc27wCkOSfCOA=
90,89,8sxm70lOdfQlQwty7yeDrcO/1Ng=,0UB/jBR2iXfmI3V30WWg797tn/0=
90,87,8sxm70lOdfQlQwty7yeDrcO/1Ng=,Y9FyqR/r+sOtNebm3aGPNK4SI04=
89,87,8sxm70lOdfQlQwty7yeDrcO/1Ng=,lyZ7MGIqelWikdAsHl1J8Gdlpnk=
90,88,8sxm70lOdfQlQwty7yeDrcO/1Ng=,0UB/jBR2iXfmI3V30WWg797tn/0=
90,91,8sxm70lOdfQlQwty7yeDrcO/1Ng=,4blSR1Vj7GBcDJAxvf+/CBXftog=
90,92,8sxm70lOdfQlQwty7yeDrcO/1Ng=,O7Qs7LxrZkG7fNwLCosEN6umKcs=
91,94,8sxm70lOdfQlQwty7yeDrcO/1Ng=,cP2RXQX/EOLl46fkgV6TAPleJqo=
91,93,8sxm70lOdfQlQwty7yeDrcO/1Ng=,O7Qs7LxrZkG7fNwLCosEN6umKcs=
90,93,8sxm70lOdfQlQwty7yeDrcO/1Ng=,O7Qs7LxrZkG7fNwLCosEN6umKcs=
88,94,8sxm70lOdfQlQwty7yeDrcO/1Ng=,/NaeyVRXpJsvDiM/yxn4r+SlXZg=
89,94,8sxm70lOdfQlQwty7yeDrcO/1Ng=,/NaeyVRXpJsvDiM/yxn4r+SlXZg=
90,94,8sxm70lOdfQlQwty7yeDrcO/1Ng=,cP2RXQX/EOLl46fkgV6TAPleJqo=
87,93,8sxm70lOdfQlQwty7yeDrcO/1Ng=,jpCgUhnB1/IYlgwMxCXTPllSIH4=
92,94,8sxm70lOdfQlQwty7yeDrcO/1Ng=,O9PufOI07ljGwHeMGWxEKNuUX6Q=
87,92,8sxm70lOdfQlQwty7yeDrcO/1Ng=,jpCgUhnB1/IYlgwMxCXTPllSIH4=
88,82,8sxm70lOdfQlQwty7yeDrcO/1Ng=,COcSxFSrOcSv/dGYLzqzIBBLXYw=
87,94,8sxm70lOdfQlQwty7yeDrcO/1Ng=,vt5ArkG1ecM+Oer2nCzVqrGYNzg=
87,82,8sxm70lOdfQlQwty7yeDrcO/1Ng=,IHKYgHw8m9jS3nB68+fJCMfXojU=
89,82,8sxm70lOdfQlQwty7yeDrcO/1Ng=,COcSxFSrOcSv/dGYLzqzIBBLXYw=
89,83,8sxm70lOdfQlQwty7yeDrcO/1Ng=,COcSxFSrOcSv/dGYLzqzIBBLXYw=
83,80,8sxm70lOdfQlQwty7yeDrcO/1Ng=,RjHPSBztx4kFwbMc27wCkOSfCOA=
84,80,8sxm70lOdfQlQwty7yeDrcO/1Ng=,/Qy0LyM6iPQ9DgxZNRNfqwlgU2o=
91,95,8sxm70lOdfQlQwty7yeDrcO/1Ng=,cP2RXQX/EOLl46fkgV6TAPleJqo=
89,84,8sxm70lOdfQlQwty7yeDrcO/1Ng=,xfhTiaIb0HFZVl3KZn2mZtlVWns=
86,92,8sxm70lOdfQlQwty7yeDrcO/1Ng=,jpCgUhnB1/IYlgwMxCXTPllSIH4=
85,92,8sxm70lOdfQlQwty7yeDrcO/1Ng=,YR1NMmV4CRPBUN0ty4TNsHuvys0=
85,94,8sxm70lOdfQlQwty7yeDrcO/1Ng=,EDYgKskLIOfRMEUUa6EelWjfZFo=
83,93,8sxm70lOdfQlQwty7yeDrcO/1Ng=,FoqEemlSYKjRj1auw9fJCAJlV7I=
84,94,8sxm70lOdfQlQwty7yeDrcO/1Ng=,EDYgKskLIOfRMEUUa6EelWjfZFo=
84,93,8sxm70lOdfQlQwty7yeDrcO/1Ng=,YR1NMmV4CRPBUN0ty4TNsHuvys0=
86,87,8sxm70lOdfQlQwty7yeDrcO/1Ng=,YwtZC8u7NgUCnoK+1xRsgDeHles=
92,95,8sxm70lOdfQlQwty7yeDrcO/1Ng=,O9PufOI07ljGwHeMGWxEKNuUX6Q=
86,86,8sxm70lOdfQlQwty7yeDrcO/1Ng=,YwtZC8u7NgUCnoK+1xRsgDeHles=
85,83,8sxm70lOdfQlQwty7yeDrcO/1Ng=,sjj/w+U/jJeGsFQJfLJVpPvpaDw=
93,94,8sxm70lOdfQlQwty7yeDrcO/1Ng=,O9PufOI07ljGwHeMGWxEKNuUX6Q=
89,95,8sxm70lOdfQlQwty7yeDrcO/1Ng=,/NaeyVRXpJsvDiM/yxn4r+SlXZg=
90,95,8sxm70lOdfQlQwty7yeDrcO/1Ng=,cP2RXQX/EOLl46fkgV6TAPleJqo=
87,95,8sxm70lOdfQlQwty7yeDrcO/1Ng=,vt5ArkG1ecM+Oer2nCzVqrGYNzg=
86,83,8sxm70lOdfQlQwty7yeDrcO/1Ng=,IHKYgHw8m9jS3nB68+fJCMfXojU=
94,94,8sxm70lOdfQlQwty7yeDrcO/1Ng=,XMT73MNOu9sM3CGZQQpC4ZPSR04=
86,95,8sxm70lOdfQlQwty7yeDrcO/1Ng=,vt5ArkG1ecM+Oer2nCzVqrGYNzg=
85,95,8sxm70lOdfQlQwty7yeDrcO/1Ng=,EDYgKskLIOfRMEUUa6EelWjfZFo=
82,93,8sxm70lOdfQlQwty7yeDrcO/1Ng=,FoqEemlSYKjRj1auw9fJCAJlV7I=
91,88,8sxm70lOdfQlQwty7yeDrcO/1Ng=,0UB/jBR2iXfmI3V30WWg797tn/0=
91,87,8sxm70lOdfQlQwty7yeDrcO/1Ng=,Y9FyqR/r+sOtNebm3aGPNK4SI04=
86,94,8sxm70lOdfQlQwty7yeDrcO/1Ng=,vt5ArkG1ecM+Oer2nCzVqrGYNzg=
85,80,8sxm70lOdfQlQwty7yeDrcO/1Ng=,/Qy0LyM6iPQ9DgxZNRNfqwlgU2o=
84,95,8sxm70lOdfQlQwty7yeDrcO/1Ng=,EDYgKskLIOfRMEUUa6EelWjfZFo=
81,81,8sxm70lOdfQlQwty7yeDrcO/1Ng=,ZlbnIcel1eLnDkrNEFzVJPH/BBI=
86,93,8sxm70lOdfQlQwty7yeDrcO/1Ng=,jpCgUhnB1/IYlgwMxCXTPllSIH4=
91,86,8sxm70lOdfQlQwty7yeDrcO/1Ng=,Y9FyqR/r+sOtNebm3aGPNK4SI04=
80,81,8sxm70lOdfQlQwty7yeDrcO/1Ng=,ZlbnIcel1eLnDkrNEFzVJPH/BBI=
91,90,8sxm70lOdfQlQwty7yeDrcO/1Ng=,4blSR1Vj7GBcDJAxvf+/CBXftog=
82,81,8sxm70lOdfQlQwty7yeDrcO/1Ng=,RjHPSBztx4kFwbMc27wCkOSfCOA=
91,91,8sxm70lOdfQlQwty7yeDrcO/1Ng=,4blSR1Vj7GBcDJAxvf+/CBXftog=
91,92,8sxm70lOdfQlQwty7yeDrcO/1Ng=,O7Qs7LxrZkG7fNwLCosEN6umKcs=
91,89,8sxm70lOdfQlQwty7yeDrcO/1Ng=,0UB/jBR2iXfmI3V30WWg797tn/0=
95,95,8sxm70lOdfQlQwty7yeDrcO/1Ng=,XMT73MNOu9sM3CGZQQpC4ZPSR04=
84,83,8sxm70lOdfQlQwty7yeDrcO/1Ng=,sjj/w+U/jJeGsFQJfLJVpPvpaDw=
85,93,8sxm70lOdfQlQwty7yeDrcO/1Ng=,YR1NMmV4CRPBUN0ty4TNsHuvys0=
95,94,8sxm70lOdfQlQwty7yeDrcO/1Ng=,XMT73MNOu9sM3CGZQQpC4ZPSR04=
80,80,8sxm70lOdfQlQwty7yeDrcO/1Ng=,ZlbnIcel1eLnDkrNEFzVJPH/BBI=
80,91,8sxm70lOdfQlQwty7yeDrcO/1Ng=,bJwrI+MfUbgrHR2BxjapOU+aDbw=
94,95,8sxm70lOdfQlQwty7yeDrcO/1Ng=,XMT73MNOu9sM3CGZQQpC4ZPSR04=
82,80,8sxm70lOdfQlQwty7yeDrcO/1Ng=,RjHPSBztx4kFwbMc27wCkOSfCOA=
93,95,8sxm70lOdfQlQwty7yeDrcO/1Ng=,O9PufOI07ljGwHeMGWxEKNuUX6Q=
80,90,8sxm70lOdfQlQwty7yeDrcO/1Ng=,bJwrI+MfUbgrHR2BxjapOU+aDbw=
81,80,8sxm70lOdfQlQwty7yeDrcO/1Ng=,ZlbnIcel1eLnDkrNEFzVJPH/BBI=
88,95,8sxm70lOdfQlQwty7yeDrcO/1Ng=,/NaeyVRXpJsvDiM/yxn4r+SlXZg=
82,92,8sxm70lOdfQlQwty7yeDrcO/1Ng=,FoqEemlSYKjRj1auw9fJCAJlV7I=
81,91,8sxm70lOdfQlQwty7yeDrcO/1Ng=,bJwrI+MfUbgrHR2BxjapOU+aDbw=
84,92,8sxm70lOdfQlQwty7yeDrcO/1Ng=,YR1NMmV4CRPBUN0ty4TNsHuvys0=
83,90,8sxm70lOdfQlQwty7yeDrcO/1Ng=,vKghKqjjs4xQc/k+d57sAx/ZdpY=
81,90,8sxm70lOdfQlQwty7yeDrcO/1Ng=,bJwrI+MfUbgrHR2BxjapOU+aDbw=
83,92,8sxm70lOdfQlQwty7yeDrcO/1Ng=,FoqEemlSYKjRj1auw9fJCAJlV7I=
82,91,8sxm70lOdfQlQwty7yeDrcO/1Ng=,vKghKqjjs4xQc/k+d57sAx/ZdpY=
83,91,8sxm70lOdfQlQwty7yeDrcO/1Ng=,vKghKqjjs4xQc/k+d57sAx/ZdpY=
82,90,8sxm70lOdfQlQwty7yeDrcO/1Ng=,vKghKqjjs4xQc/k+d57sAx/ZdpY=
81,72,8sxm70lOdfQlQwty7yeDrcO/1Ng=,BU6YZ/2FogVjO2T87T6HQwtw1GI=
80,72,8sxm70lOdfQlQwty7yeDrcO/1Ng=,BU6YZ/2FogVjO2T87T6HQwtw1GI=
81,77,8sxm70lOdfQlQwty7yeDrcO/1Ng=,fzazhZFeQHawkS4ukU9YJf9JDw4=
80,75,8sxm70lOdfQlQwty7yeDrcO/1Ng=,N2wilHieiXf3UZaOSO3PkCbRMG8=
80,76,8sxm70lOdfQlQwty7yeDrcO/1Ng=,fzazhZFeQHawkS4ukU9YJf9JDw4=
81,74,8sxm70lOdfQlQwty7yeDrcO/1Ng=,N2wilHieiXf3UZaOSO3PkCbRMG8=
80,79,8sxm70lOdfQlQwty7yeDrcO/1Ng=,KCNg+tDC/EDFHvnLK88Kp3J7Z0M=
81,78,8sxm70lOdfQlQwty7yeDrcO/1Ng=,KCNg+tDC/EDFHvnLK88Kp3J7Z0M=
80,73,8sxm70lOdfQlQwty7yeDrcO/1Ng=,BU6YZ/2FogVjO2T87T6HQwtw1GI=
81,73,8sxm70lOdfQlQwty7yeDrcO/1Ng=,BU6YZ/2FogVjO2T87T6HQwtw1GI=
81,76,8sxm70lOdfQlQwty7yeDrcO/1Ng=,fzazhZFeQHawkS4ukU9YJf9JDw4=
81,75,8sxm70lOdfQlQwty7yeDrcO/1Ng=,N2wilHieiXf3UZaOSO3PkCbRMG8=
80,78,8sxm70lOdfQlQwty7yeDrcO/1Ng=,KCNg+tDC/EDFHvnLK88Kp3J7Z0M=
80,77,8sxm70lOdfQlQwty7yeDrcO/1Ng=,fzazhZFeQHawkS4ukU9YJf9JDw4=
81,79,8sxm70lOdfQlQwty7yeDrcO/1Ng=,KCNg+tDC/EDFHvnLK88Kp3J7Z0M=
80,74,8sxm70lOdfQlQwty7yeDrcO/1Ng=,N2wilHieiXf3UZaOSO3PkCbRMG8=
