-22,9,fXbL6eS23DJCBIptAGAG/47QkJ4=,S+jwXgmvgMczz+R/Mm6X62hR1TY=
-22,10,fXbL6eS23DJCBIptAGAG/47QkJ4=,VoeGZJJN8GcnCe1uGjA1p90HfJo=
-23,9,fXbL6eS23DJCBIptAGAG/47QkJ4=,D3TKqNjrnZjSv805T26oEKuDDls=
-22,8,zcA5T0kzgMXYZHiDMzTsajQBJtE=,S+jwXgmvgMczz+R/Mm6X62hR1TY=
-23,10,zcA5T0kzgMXYZHiDMzTsajQBJtE=,j0xqwiosGsornjGAQwyVpfDF3NU=
-23,7,zcA5T0kzgMXYZHiDMzTsajQBJtE=,bQ8aqYWMPkz6kR5qXEc/nu/zB/c=
-22,7,zcA5T0kzgMXYZHiDMzTsajQBJtE=,sboLCoyFyzVvz+CUzRtEd+Ks4o8=
-22,6,zcA5T0kzgMXYZHiDMzTsajQBJtE=,sboLCoyFyzVvz+CUzRtEd+Ks4o8=
-23,8,zcA5T0kzgMXYZHiDMzTsajQBJtE=,D3TKqNjrnZjSv805T26oEKuDDls=
-22,5,zcA5T0kzgMXYZHiDMzTsajQBJtE=,T5OM7OFzwNv8hFoeE1CfYZkS+Jg=
-23,6,zcA5T0kzgMXYZHiDMzTsajQBJtE=,bQ8aqYWMPkz6kR5qXEc/nu/zB/c=
-23,5,zcA5T0kzgMXYZHiDMzTsajQBJtE=,UdlxdnhzGsI0QE9MKg4YHJD6AQ8=
-22,3,zcA5T0kzgMXYZHiDMzTsajQBJtE=,6PQequIdH+QuW0cvt8cep7IlPeI=
-22,4,zcA5T0kzgMXYZHiDMzTsajQBJtE=,T5OM7OFzwNv8hFoeE1CfYZkS+Jg=
-23,3,zcA5T0kzgMXYZHiDMzTsajQBJtE=,VZKmV0ijqkSW6ZTBpecfIhCaD8w=
-23,4,zcA5T0kzgMXYZHiDMzTsajQBJtE=,UdlxdnhzGsI0QE9MKg4YHJD6AQ8=
-25,4,zcA5T0kzgMXYZHiDMzTsajQBJtE=,JDJu1aoNnOsKjpVDoV44vEYXa4I=
-24,4,zcA5T0kzgMXYZHiDMzTsajQBJtE=,UdlxdnhzGsI0QE9MKg4YHJD6AQ8=
-25,3,zcA5T0kzgMXYZHiDMzTsajQBJtE=,N2QfA+BKBin36WLsaFxgo6zEKmg=
-24,3,zcA5T0kzgMXYZHiDMzTsajQBJtE=,VZKmV0ijqkSW6ZTBpecfIhCaD8w=
-21,4,zcA5T0kzgMXYZHiDMzTsajQBJtE=,T5OM7OFzwNv8hFoeE1CfYZkS+Jg=
-21,3,zcA5T0kzgMXYZHiDMzTsajQBJtE=,6PQequIdH+QuW0cvt8cep7IlPeI=
-20,4,zcA5T0kzgMXYZHiDMzTsajQBJtE=,M4XcLcyCL6kDiCrRI6vzHyBRkSg=
-20,3,zcA5T0kzgMXYZHiDMzTsajQBJtE=,Zuvzzb+Xo48bWlj3h5UQIozU6wk=
-21,6,zcA5T0kzgMXYZHiDMzTsajQBJtE=,sboLCoyFyzVvz+CUzRtEd+Ks4o8=
-21,5,zcA5T0kzgMXYZHiDMzTsajQBJtE=,T5OM7OFzwNv8hFoeE1CfYZkS+Jg=
-20,6,zcA5T0kzgMXYZHiDMzTsajQBJtE=,bpgdNhndRn+YbN/uMWuau062BZU=
-20,5,zcA5T0kzgMXYZHiDMzTsajQBJtE=,M4XcLcyCL6kDiCrRI6vzHyBRkSg=
-21,7,zcA5T0kzgMXYZHiDMzTsajQBJtE=,sboLCoyFyzVvz+CUzRtEd+Ks4o8=
-21,8,owLrDnVwOHLNjDuEUut/trJsGls=,S+jwXgmvgMczz+R/Mm6X62hR1TY=
-20,8,owLrDnVwOHLNjDuEUut/trJsGls=,QQDO0Wb9aTm86kXWL74HVKU/wW8=
-20,7,owLrDnVwOHLNjDuEUut/trJsGls=,bpgdNhndRn+YbN/uMWuau062BZU=
-21,10,owLrDnVwOHLNjDuEUut/trJsGls=,VoeGZJJN8GcnCe1uGjA1p90HfJo=
-21,9,owLrDnVwOHLNjDuEUut/trJsGls=,S+jwXgmvgMczz+R/Mm6X62hR1TY=
-20,10,owLrDnVwOHLNjDuEUut/trJsGls=,tGMmoobgRQ4XTTt5Wlwf3GUi7N4=
-20,9,owLrDnVwOHLNjDuEUut/trJsGls=,QQDO0Wb9aTm86kXWL74HVKU/wW8=
-19,4,owLrDnVwOHLNjDuEUut/trJsGls=,M4XcLcyCL6kDiCrRI6vzHyBRkSg=
-19,3,owLrDnVwOHLNjDuEUut/trJsGls=,Zuvzzb+Xo48bWlj3h5UQIozU6wk=
-19,6,owLrDnVwOHLNjDuEUut/trJsGls=,bpgdNhndRn+YbN/uMWuau062BZU=
-18,3,owLrDnVwOHLNjDuEUut/trJsGls=,jrektazUcrpppTGuiEvHEzd0CN8=
-19,5,owLrDnVwOHLNjDuEUut/trJsGls=,M4XcLcyCL6kDiCrRI6vzHyBRkSg=
-18,4,owLrDnVwOHLNjDuEUut/trJsGls=,xt46/7N03ZqkZv3/r0wYMMmOyi8=
-19,8,owLrDnVwOHLNjDuEUut/trJsGls=,QQDO0Wb9aTm86kXWL74HVKU/wW8=
-18,8,owLrDnVwOHLNjDuEUut/trJsGls=,TRKmkghLjdJtbMLlt1aq7E18f+k=
-18,5,owLrDnVwOHLNjDuEUut/trJsGls=,xt46/7N03ZqkZv3/r0wYMMmOyi8=
-18,6,owLrDnVwOHLNjDuEUut/trJsGls=,sIo168sSz0PDEFMcTHvC+jYRy6Q=
-19,7,owLrDnVwOHLNjDuEUut/trJsGls=,bpgdNhndRn+YbN/uMWuau062BZU=
-18,7,owLrDnVwOHLNjDuEUut/trJsGls=,sIo168sSz0PDEFMcTHvC+jYRy6Q=
-26,4,owLrDnVwOHLNjDuEUut/trJsGls=,JDJu1aoNnOsKjpVDoV44vEYXa4I=
-27,3,owLrDnVwOHLNjDuEUut/trJsGls=,+BmbPfiDA+pc6KxTD6Y+n3yteUs=
-26,3,owLrDnVwOHLNjDuEUut/trJsGls=,N2QfA+BKBin36WLsaFxgo6zEKmg=
-21,1,owLrDnVwOHLNjDuEUut/trJsGls=,m8VystXjCOVhAlW/LxP+75M4zoc=
-21,2,owLrDnVwOHLNjDuEUut/trJsGls=,6PQequIdH+QuW0cvt8cep7IlPeI=
-18,2,owLrDnVwOHLNjDuEUut/trJsGls=,jrektazUcrpppTGuiEvHEzd0CN8=
-19,1,owLrDnVwOHLNjDuEUut/trJsGls=,tvyjBx6fB3lf9cf7YdbFzqbuU9g=
-18,1,owLrDnVwOHLNjDuEUut/trJsGls=,+E9NgMzXLv0DVmx9orBJf+jgw5o=
-21,0,owLrDnVwOHLNjDuEUut/trJsGls=,m8VystXjCOVhAlW/LxP+75M4zoc=
-19,2,owLrDnVwOHLNjDuEUut/trJsGls=,Zuvzzb+Xo48bWlj3h5UQIozU6wk=
-23,2,owLrDnVwOHLNjDuEUut/trJsGls=,VZKmV0ijqkSW6ZTBpecfIhCaD8w=
-22,1,owLrDnVwOHLNjDuEUut/trJsGls=,m8VystXjCOVhAlW/LxP+75M4zoc=
-23,1,owLrDnVwOHLNjDuEUut/trJsGls=,wSUW/Xk+B88wF5//BrP+ih9HWW8=
-22,2,owLrDnVwOHLNjDuEUut/trJsGls=,6PQequIdH+QuW0cvt8cep7IlPeI=
-20,2,owLrDnVwOHLNjDuEUut/trJsGls=,Zuvzzb+Xo48bWlj3h5UQIozU6wk=
-22,0,owLrDnVwOHLNjDuEUut/trJsGls=,m8VystXjCOVhAlW/LxP+75M4zoc=
-20,1,owLrDnVwOHLNjDuEUut/trJsGls=,tvyjBx6fB3lf9cf7YdbFzqbuU9g=
-20,0,owLrDnVwOHLNjDuEUut/trJsGls=,tvyjBx6fB3lf9cf7YdbFzqbuU9g=
-23,0,owLrDnVwOHLNjDuEUut/trJsGls=,wSUW/Xk+B88wF5//BrP+ih9HWW8=
-18,0,owLrDnVwOHLNjDuEUut/trJsGls=,+E9NgMzXLv0DVmx9orBJf+jgw5o=
-19,0,owLrDnVwOHLNjDuEUut/trJsGls=,tvyjBx6fB3lf9cf7YdbFzqbuU9g=
-17,1,owLrDnVwOHLNjDuEUut/trJsGls=,+E9NgMzXLv0DVmx9orBJf+jgw5o=
-17,2,owLrDnVwOHLNjDuEUut/trJsGls=,jrektazUcrpppTGuiEvHEzd0CN8=
-17,8,owLrDnVwOHLNjDuEUut/trJsGls=,TRKmkghLjdJtbMLlt1aq7E18f+k=
-17,4,owLrDnVwOHLNjDuEUut/trJsGls=,xt46/7N03ZqkZv3/r0wYMMmOyi8=
-17,5,owLrDnVwOHLNjDuEUut/trJsGls=,xt46/7N03ZqkZv3/r0wYMMmOyi8=
-17,6,owLrDnVwOHLNjDuEUut/trJsGls=,sIo168sSz0PDEFMcTHvC+jYRy6Q=
-17,3,owLrDnVwOHLNjDuEUut/trJsGls=,jrektazUcrpppTGuiEvHEzd0CN8=
-26,1,owLrDnVwOHLNjDuEUut/trJsGls=,gMypBEBXSfoDLVRHKrxIdfKWm+0=
-17,7,owLrDnVwOHLNjDuEUut/trJsGls=,sIo168sSz0PDEFMcTHvC+jYRy6Q=
-24,2,owLrDnVwOHLNjDuEUut/trJsGls=,VZKmV0ijqkSW6ZTBpecfIhCaD8w=
-27,2,owLrDnVwOHLNjDuEUut/trJsGls=,+BmbPfiDA+pc6KxTD6Y+n3yteUs=
-26,2,owLrDnVwOHLNjDuEUut/trJsGls=,N2QfA+BKBin36WLsaFxgo6zEKmg=
-24,1,owLrDnVwOHLNjDuEUut/trJsGls=,wSUW/Xk+B88wF5//BrP+ih9HWW8=
-26,0,owLrDnVwOHLNjDuEUut/trJsGls=,gMypBEBXSfoDLVRHKrxIdfKWm+0=
-25,1,owLrDnVwOHLNjDuEUut/trJsGls=,gMypBEBXSfoDLVRHKrxIdfKWm+0=
-25,2,owLrDnVwOHLNjDuEUut/trJsGls=,N2QfA+BKBin36WLsaFxgo6zEKmg=
-25,0,owLrDnVwOHLNjDuEUut/trJsGls=,gMypBEBXSfoDLVRHKrxIdfKWm+0=
-24,0,owLrDnVwOHLNjDuEUut/trJsGls=,wSUW/Xk+B88wF5//BrP+ih9HWW8=
-19,10,owLrDnVwOHLNjDuEUut/trJsGls=,tGMmoobgRQ4XTTt5Wlwf3GUi7N4=
-19,9,owLrDnVwOHLNjDuEUut/trJsGls=,QQDO0Wb9aTm86kXWL74HVKU/wW8=
-18,9,owLrDnVwOHLNjDuEUut/trJsGls=,TRKmkghLjdJtbMLlt1aq7E18f+k=
-21,11,owLrDnVwOHLNjDuEUut/trJsGls=,VoeGZJJN8GcnCe1uGjA1p90HfJo=
-18,10,owLrDnVwOHLNjDuEUut/trJsGls=,+ArtkDJFI5LBbvnaWlgdrTx0CUQ=
-18,11,owLrDnVwOHLNjDuEUut/trJsGls=,+ArtkDJFI5LBbvnaWlgdrTx0CUQ=
-20,11,owLrDnVwOHLNjDuEUut/trJsGls=,tGMmoobgRQ4XTTt5Wlwf3GUi7N4=
-20,12,owLrDnVwOHLNjDuEUut/trJsGls=,6H3srVu65lIroaVlS9kH3QGioVQ=
-19,11,owLrDnVwOHLNjDuEUut/trJsGls=,tGMmoobgRQ4XTTt5Wlwf3GUi7N4=
-18,12,owLrDnVwOHLNjDuEUut/trJsGls=,OPswW/P43BNgDSCOAitMIKWSYyw=
-22,11,owLrDnVwOHLNjDuEUut/trJsGls=,VoeGZJJN8GcnCe1uGjA1p90HfJo=
-23,12,owLrDnVwOHLNjDuEUut/trJsGls=,oN6Q7/8eb1RA9d2skVnMFMuciGk=
-23,11,owLrDnVwOHLNjDuEUut/trJsGls=,j0xqwiosGsornjGAQwyVpfDF3NU=
-19,13,owLrDnVwOHLNjDuEUut/trJsGls=,6H3srVu65lIroaVlS9kH3QGioVQ=
-19,14,owLrDnVwOHLNjDuEUut/trJsGls=,B+5yamYV7jh0xC3y61+ieFLRsjs=
-19,12,owLrDnVwOHLNjDuEUut/trJsGls=,6H3srVu65lIroaVlS9kH3QGioVQ=
-18,14,owLrDnVwOHLNjDuEUut/trJsGls=,x0ABVX/6Disvhl7JL4nvNlumaJ4=
-18,13,owLrDnVwOHLNjDuEUut/trJsGls=,OPswW/P43BNgDSCOAitMIKWSYyw=
-22,14,owLrDnVwOHLNjDuEUut/trJsGls=,FgGhapBRjcnsAjL1RE1KWcIDdA4=
-23,14,owLrDnVwOHLNjDuEUut/trJsGls=,qdxrCtecB5PM8Xvo13NsWQZEpw4=
-23,13,owLrDnVwOHLNjDuEUut/trJsGls=,oN6Q7/8eb1RA9d2skVnMFMuciGk=
-20,13,owLrDnVwOHLNjDuEUut/trJsGls=,6H3srVu65lIroaVlS9kH3QGioVQ=
-21,14,owLrDnVwOHLNjDuEUut/trJsGls=,FgGhapBRjcnsAjL1RE1KWcIDdA4=
-20,14,owLrDnVwOHLNjDuEUut/trJsGls=,B+5yamYV7jh0xC3y61+ieFLRsjs=
-24,11,owLrDnVwOHLNjDuEUut/trJsGls=,j0xqwiosGsornjGAQwyVpfDF3NU=
-24,12,owLrDnVwOHLNjDuEUut/trJsGls=,oN6Q7/8eb1RA9d2skVnMFMuciGk=
-25,12,owLrDnVwOHLNjDuEUut/trJsGls=,2WyFVNSi8J2+sG0FM874yg/8UoE=
-25,11,owLrDnVwOHLNjDuEUut/trJsGls=,vtuPekIRQntAh7e96VrtKBCurbA=
-25,9,owLrDnVwOHLNjDuEUut/trJsGls=,LIqiI8XdhWC7LdmVsUCbVT9i7rs=
-25,10,owLrDnVwOHLNjDuEUut/trJsGls=,vtuPekIRQntAh7e96VrtKBCurbA=
-24,10,owLrDnVwOHLNjDuEUut/trJsGls=,j0xqwiosGsornjGAQwyVpfDF3NU=
-24,9,owLrDnVwOHLNjDuEUut/trJsGls=,D3TKqNjrnZjSv805T26oEKuDDls=
-26,12,owLrDnVwOHLNjDuEUut/trJsGls=,2WyFVNSi8J2+sG0FM874yg/8UoE=
-26,11,owLrDnVwOHLNjDuEUut/trJsGls=,vtuPekIRQntAh7e96VrtKBCurbA=
-27,12,owLrDnVwOHLNjDuEUut/trJsGls=,QOSHKXcxUZDJtnfa3UXCPhd6XIY=
-27,11,owLrDnVwOHLNjDuEUut/trJsGls=,8xlBCU1+9hz1LgtwIOIivCQLN6k=
-26,10,owLrDnVwOHLNjDuEUut/trJsGls=,vtuPekIRQntAh7e96VrtKBCurbA=
-26,9,owLrDnVwOHLNjDuEUut/trJsGls=,LIqiI8XdhWC7LdmVsUCbVT9i7rs=
-27,10,owLrDnVwOHLNjDuEUut/trJsGls=,8xlBCU1+9hz1LgtwIOIivCQLN6k=
-27,9,owLrDnVwOHLNjDuEUut/trJsGls=,3Jo+TiXG+cax1exG0X3zYXeYPWE=
-29,11,owLrDnVwOHLNjDuEUut/trJsGls=,ROY+PCOut1Y09rMN2m6yXjwLlpY=
-28,12,owLrDnVwOHLNjDuEUut/trJsGls=,QOSHKXcxUZDJtnfa3UXCPhd6XIY=
-29,12,owLrDnVwOHLNjDuEUut/trJsGls=,3b1YHZZuvcEoYs1CFw9DlvKjW6M=
-28,11,owLrDnVwOHLNjDuEUut/trJsGls=,8xlBCU1+9hz1LgtwIOIivCQLN6k=
-29,9,owLrDnVwOHLNjDuEUut/trJsGls=,jOq/2rou+UMeBd6un2KpcBJ7MNk=
-29,10,owLrDnVwOHLNjDuEUut/trJsGls=,ROY+PCOut1Y09rMN2m6yXjwLlpY=
-28,9,owLrDnVwOHLNjDuEUut/trJsGls=,3Jo+TiXG+cax1exG0X3zYXeYPWE=
-28,10,owLrDnVwOHLNjDuEUut/trJsGls=,8xlBCU1+9hz1LgtwIOIivCQLN6k=
-26,15,owLrDnVwOHLNjDuEUut/trJsGls=,guwegBzOyFeS26vHtkt4g4Kag18=
-27,14,owLrDnVwOHLNjDuEUut/trJsGls=,fzeCZ8RQ2aQlFFUARo6rxZYTBew=
-26,13,owLrDnVwOHLNjDuEUut/trJsGls=,2WyFVNSi8J2+sG0FM874yg/8UoE=
-26,14,owLrDnVwOHLNjDuEUut/trJsGls=,guwegBzOyFeS26vHtkt4g4Kag18=
-27,15,owLrDnVwOHLNjDuEUut/trJsGls=,fzeCZ8RQ2aQlFFUARo6rxZYTBew=
-24,14,owLrDnVwOHLNjDuEUut/trJsGls=,qdxrCtecB5PM8Xvo13NsWQZEpw4=
-24,13,owLrDnVwOHLNjDuEUut/trJsGls=,oN6Q7/8eb1RA9d2skVnMFMuciGk=
-25,14,owLrDnVwOHLNjDuEUut/trJsGls=,guwegBzOyFeS26vHtkt4g4Kag18=
-25,13,owLrDnVwOHLNjDuEUut/trJsGls=,2WyFVNSi8J2+sG0FM874yg/8UoE=
-27,13,owLrDnVwOHLNjDuEUut/trJsGls=,QOSHKXcxUZDJtnfa3UXCPhd6XIY=
-28,13,owLrDnVwOHLNjDuEUut/trJsGls=,QOSHKXcxUZDJtnfa3UXCPhd6XIY=
-29,13,owLrDnVwOHLNjDuEUut/trJsGls=,3b1YHZZuvcEoYs1CFw9DlvKjW6M=
-29,14,owLrDnVwOHLNjDuEUut/trJsGls=,2wLjzWZeXd3Xb1to8+AmHMkouY8=
-28,14,owLrDnVwOHLNjDuEUut/trJsGls=,fzeCZ8RQ2aQlFFUARo6rxZYTBew=
-28,8,owLrDnVwOHLNjDuEUut/trJsGls=,3Jo+TiXG+cax1exG0X3zYXeYPWE=
-29,8,owLrDnVwOHLNjDuEUut/trJsGls=,jOq/2rou+UMeBd6un2KpcBJ7MNk=
-30,7,owLrDnVwOHLNjDuEUut/trJsGls=,8zS2d1XpS3ke0NPtIeg2JQKzRWQ=
-29,7,owLrDnVwOHLNjDuEUut/trJsGls=,8zS2d1XpS3ke0NPtIeg2JQKzRWQ=
-30,8,owLrDnVwOHLNjDuEUut/trJsGls=,jOq/2rou+UMeBd6un2KpcBJ7MNk=
-29,0,owLrDnVwOHLNjDuEUut/trJsGls=,mLQV+vGVaGD2Le4608XDhUGw7Tg=
-30,0,owLrDnVwOHLNjDuEUut/trJsGls=,mLQV+vGVaGD2Le4608XDhUGw7Tg=
-24,15,owLrDnVwOHLNjDuEUut/trJsGls=,qdxrCtecB5PM8Xvo13NsWQZEpw4=
-29,2,owLrDnVwOHLNjDuEUut/trJsGls=,BJQJrFE1HiSuG9TjibrTL33ChRg=
-25,15,owLrDnVwOHLNjDuEUut/trJsGls=,guwegBzOyFeS26vHtkt4g4Kag18=
-28,2,owLrDnVwOHLNjDuEUut/trJsGls=,+BmbPfiDA+pc6KxTD6Y+n3yteUs=
-29,1,owLrDnVwOHLNjDuEUut/trJsGls=,mLQV+vGVaGD2Le4608XDhUGw7Tg=
-30,2,owLrDnVwOHLNjDuEUut/trJsGls=,BJQJrFE1HiSuG9TjibrTL33ChRg=
-30,1,owLrDnVwOHLNjDuEUut/trJsGls=,mLQV+vGVaGD2Le4608XDhUGw7Tg=
-23,15,owLrDnVwOHLNjDuEUut/trJsGls=,qdxrCtecB5PM8Xvo13NsWQZEpw4=
-21,15,owLrDnVwOHLNjDuEUut/trJsGls=,FgGhapBRjcnsAjL1RE1KWcIDdA4=
-22,15,owLrDnVwOHLNjDuEUut/trJsGls=,FgGhapBRjcnsAjL1RE1KWcIDdA4=
-29,5,owLrDnVwOHLNjDuEUut/trJsGls=,SzYvMi7OY4B+Gnax/9O3r6tH1eA=
-30,3,owLrDnVwOHLNjDuEUut/trJsGls=,BJQJrFE1HiSuG9TjibrTL33ChRg=
-30,5,owLrDnVwOHLNjDuEUut/trJsGls=,SzYvMi7OY4B+Gnax/9O3r6tH1eA=
-29,6,owLrDnVwOHLNjDuEUut/trJsGls=,8zS2d1XpS3ke0NPtIeg2JQKzRWQ=
-30,4,owLrDnVwOHLNjDuEUut/trJsGls=,SzYvMi7OY4B+Gnax/9O3r6tH1eA=
-28,3,owLrDnVwOHLNjDuEUut/trJsGls=,+BmbPfiDA+pc6KxTD6Y+n3yteUs=
-30,6,owLrDnVwOHLNjDuEUut/trJsGls=,8zS2d1XpS3ke0NPtIeg2JQKzRWQ=
-29,3,owLrDnVwOHLNjDuEUut/trJsGls=,BJQJrFE1HiSuG9TjibrTL33ChRg=
-20,15,owLrDnVwOHLNjDuEUut/trJsGls=,B+5yamYV7jh0xC3y61+ieFLRsjs=
-29,4,owLrDnVwOHLNjDuEUut/trJsGls=,SzYvMi7OY4B+Gnax/9O3r6tH1eA=
-30,14,owLrDnVwOHLNjDuEUut/trJsGls=,2wLjzWZeXd3Xb1to8+AmHMkouY8=
-30,13,owLrDnVwOHLNjDuEUut/trJsGls=,3b1YHZZuvcEoYs1CFw9DlvKjW6M=
-30,9,owLrDnVwOHLNjDuEUut/trJsGls=,jOq/2rou+UMeBd6un2KpcBJ7MNk=
-17,14,owLrDnVwOHLNjDuEUut/trJsGls=,x0ABVX/6Disvhl7JL4nvNlumaJ4=
-30,12,owLrDnVwOHLNjDuEUut/trJsGls=,3b1YHZZuvcEoYs1CFw9DlvKjW6M=
-30,10,owLrDnVwOHLNjDuEUut/trJsGls=,ROY+PCOut1Y09rMN2m6yXjwLlpY=
-30,11,owLrDnVwOHLNjDuEUut/trJsGls=,ROY+PCOut1Y09rMN2m6yXjwLlpY=
-17,13,owLrDnVwOHLNjDuEUut/trJsGls=,OPswW/P43BNgDSCOAitMIKWSYyw=
-17,15,owLrDnVwOHLNjDuEUut/trJsGls=,x0ABVX/6Disvhl7JL4nvNlumaJ4=
-18,15,owLrDnVwOHLNjDuEUut/trJsGls=,x0ABVX/6Disvhl7JL4nvNlumaJ4=
-17,11,owLrDnVwOHLNjDuEUut/trJsGls=,+ArtkDJFI5LBbvnaWlgdrTx0CUQ=
-30,15,owLrDnVwOHLNjDuEUut/trJsGls=,2wLjzWZeXd3Xb1to8+AmHMkouY8=
-17,12,owLrDnVwOHLNjDuEUut/trJsGls=,OPswW/P43BNgDSCOAitMIKWSYyw=
-19,15,owLrDnVwOHLNjDuEUut/trJsGls=,B+5yamYV7jh0xC3y61+ieFLRsjs=
-17,10,owLrDnVwOHLNjDuEUut/trJsGls=,+ArtkDJFI5LBbvnaWlgdrTx0CUQ=
-28,15,owLrDnVwOHLNjDuEUut/trJsGls=,fzeCZ8RQ2aQlFFUARo6rxZYTBew=
-17,9,owLrDnVwOHLNjDuEUut/trJsGls=,TRKmkghLjdJtbMLlt1aq7E18f+k=
-29,15,owLrDnVwOHLNjDuEUut/trJsGls=,2wLjzWZeXd3Xb1to8+AmHMkouY8=
-17,0,owLrDnVwOHLNjDuEUut/trJsGls=,+E9NgMzXLv0DVmx9orBJf+jgw5o=
-26,5,owLrDnVwOHLNjDuEUut/trJsGls=,JDJu1aoNnOsKjpVDoV44vEYXa4I=
-26,6,owLrDnVwOHLNjDuEUut/trJsGls=,0NtSdiTRfoCJOZIcSmXgMRDyrcw=
-26,7,owLrDnVwOHLNjDuEUut/trJsGls=,0NtSdiTRfoCJOZIcSmXgMRDyrcw=
-27,8,owLrDnVwOHLNjDuEUut/trJsGls=,3Jo+TiXG+cax1exG0X3zYXeYPWE=
-24,5,owLrDnVwOHLNjDuEUut/trJsGls=,UdlxdnhzGsI0QE9MKg4YHJD6AQ8=
-26,8,owLrDnVwOHLNjDuEUut/trJsGls=,LIqiI8XdhWC7LdmVsUCbVT9i7rs=
-25,5,owLrDnVwOHLNjDuEUut/trJsGls=,JDJu1aoNnOsKjpVDoV44vEYXa4I=
-25,6,owLrDnVwOHLNjDuEUut/trJsGls=,0NtSdiTRfoCJOZIcSmXgMRDyrcw=
-25,7,owLrDnVwOHLNjDuEUut/trJsGls=,0NtSdiTRfoCJOZIcSmXgMRDyrcw=
-24,6,owLrDnVwOHLNjDuEUut/trJsGls=,bQ8aqYWMPkz6kR5qXEc/nu/zB/c=
-24,8,owLrDnVwOHLNjDuEUut/trJsGls=,D3TKqNjrnZjSv805T26oEKuDDls=
-25,8,owLrDnVwOHLNjDuEUut/trJsGls=,LIqiI8XdhWC7LdmVsUCbVT9i7rs=
-24,7,owLrDnVwOHLNjDuEUut/trJsGls=,bQ8aqYWMPkz6kR5qXEc/nu/zB/c=
-24,28,fDABkpqXpHuQa/nfUGeuEaJJjoo=,hlX5TO1smWzkJAXLMF8q9Dc1OgQ=
-25,27,fDABkpqXpHuQa/nfUGeuEaJJjoo=,dKjuPT6KINC/D+wfQbSrezEmZvE=
-24,27,fDABkpqXpHuQa/nfUGeuEaJJjoo=,UPvxa9PTT3wDzhurcxuycFCHJgs=
-25,28,fDABkpqXpHuQa/nfUGeuEaJJjoo=,QveX6+9ZdaKlKwspJX6g+FFsikA=
-22,27,fDABkpqXpHuQa/nfUGeuEaJJjoo=,cPEC4DNGZswp++WIbEr5ahFm5/U=
-22,28,fDABkpqXpHuQa/nfUGeuEaJJjoo=,cE8ibh2ONP7NjaRAMvqHUOGhYIo=
-23,28,fDABkpqXpHuQa/nfUGeuEaJJjoo=,hlX5TO1smWzkJAXLMF8q9Dc1OgQ=
-23,27,fDABkpqXpHuQa/nfUGeuEaJJjoo=,UPvxa9PTT3wDzhurcxuycFCHJgs=
-23,22,fDABkpqXpHuQa/nfUGeuEaJJjoo=,MoBxUgGlkBbC3Pq4LGcrZ8wCkWY=
-22,21,fDABkpqXpHuQa/nfUGeuEaJJjoo=,tgsfAMV1Rn9PBBUIzmRiBPxYjUU=
-23,21,fDABkpqXpHuQa/nfUGeuEaJJjoo=,N9IZrEb19W4kV8BHbR4j5oUNVR0=
-22,22,fDABkpqXpHuQa/nfUGeuEaJJjoo=,R3h2fh/Wqvg8rVosMsvlb1wjMmI=
-23,26,fDABkpqXpHuQa/nfUGeuEaJJjoo=,UPvxa9PTT3wDzhurcxuycFCHJgs=
-23,23,fDABkpqXpHuQa/nfUGeuEaJJjoo=,MoBxUgGlkBbC3Pq4LGcrZ8wCkWY=
-23,25,fDABkpqXpHuQa/nfUGeuEaJJjoo=,DUOfF+qHFqWh8F64IsNUO3W68fc=
-22,26,fDABkpqXpHuQa/nfUGeuEaJJjoo=,cPEC4DNGZswp++WIbEr5ahFm5/U=
-22,23,fDABkpqXpHuQa/nfUGeuEaJJjoo=,R3h2fh/Wqvg8rVosMsvlb1wjMmI=
-22,25,fDABkpqXpHuQa/nfUGeuEaJJjoo=,mmAS+jL7dV8nZpzYxb4JEvcwMJE=
-23,24,fDABkpqXpHuQa/nfUGeuEaJJjoo=,DUOfF+qHFqWh8F64IsNUO3W68fc=
-22,24,fDABkpqXpHuQa/nfUGeuEaJJjoo=,mmAS+jL7dV8nZpzYxb4JEvcwMJE=
-22,17,fDABkpqXpHuQa/nfUGeuEaJJjoo=,DV52+hNyVv7If/vIBfACCQl7jQA=
-23,20,fDABkpqXpHuQa/nfUGeuEaJJjoo=,N9IZrEb19W4kV8BHbR4j5oUNVR0=
-23,17,fDABkpqXpHuQa/nfUGeuEaJJjoo=,XywP9v3McjtNf8Z7udDio5kGRSA=
-22,20,fDABkpqXpHuQa/nfUGeuEaJJjoo=,tgsfAMV1Rn9PBBUIzmRiBPxYjUU=
-22,19,fDABkpqXpHuQa/nfUGeuEaJJjoo=,Fb2F9V8BqRuhj+IGc/YK8OSqUss=
-22,18,ZqyI0SJSOQd3cInFzA7fCV7NFCI=,Fb2F9V8BqRuhj+IGc/YK8OSqUss=
-23,19,ZqyI0SJSOQd3cInFzA7fCV7NFCI=,gc42ZDg57jx2fgUG5JpL2WLc+dY=
-23,18,ZqyI0SJSOQd3cInFzA7fCV7NFCI=,gc42ZDg57jx2fgUG5JpL2WLc+dY=
-25,17,ZqyI0SJSOQd3cInFzA7fCV7NFCI=,q7xxHJbX/fBccVDnxkoekqi3Qlc=
-24,18,ZqyI0SJSOQd3cInFzA7fCV7NFCI=,gc42ZDg57jx2fgUG5JpL2WLc+dY=
-20,21,ZqyI0SJSOQd3cInFzA7fCV7NFCI=,TtqWCEZVSW9H5/EtwNTIhF9JW8Q=
-20,22,ZqyI0SJSOQd3cInFzA7fCV7NFCI=,ERP64AZUlb6eoYmxwOl2gN46n2c=
-21,21,ZqyI0SJSOQd3cInFzA7fCV7NFCI=,tgsfAMV1Rn9PBBUIzmRiBPxYjUU=
-21,22,ZqyI0SJSOQd3cInFzA7fCV7NFCI=,R3h2fh/Wqvg8rVosMsvlb1wjMmI=
-24,17,ZqyI0SJSOQd3cInFzA7fCV7NFCI=,XywP9v3McjtNf8Z7udDio5kGRSA=
-25,18,ZqyI0SJSOQd3cInFzA7fCV7NFCI=,ZbDSrfvkcvkR1Js9CCgMQfsfC6E=
-20,23,ZqyI0SJSOQd3cInFzA7fCV7NFCI=,ERP64AZUlb6eoYmxwOl2gN46n2c=
-20,24,ZqyI0SJSOQd3cInFzA7fCV7NFCI=,oiUlGqYQfb4Nn4URsv9A5mmMcaM=
-21,23,ZqyI0SJSOQd3cInFzA7fCV7NFCI=,R3h2fh/Wqvg8rVosMsvlb1wjMmI=
-21,24,ZqyI0SJSOQd3cInFzA7fCV7NFCI=,mmAS+jL7dV8nZpzYxb4JEvcwMJE=
-20,20,ZqyI0SJSOQd3cInFzA7fCV7NFCI=,TtqWCEZVSW9H5/EtwNTIhF9JW8Q=
-21,20,ZqyI0SJSOQd3cInFzA7fCV7NFCI=,tgsfAMV1Rn9PBBUIzmRiBPxYjUU=
-21,19,ZqyI0SJSOQd3cInFzA7fCV7NFCI=,Fb2F9V8BqRuhj+IGc/YK8OSqUss=
-20,19,ZqyI0SJSOQd3cInFzA7fCV7NFCI=,rGu+zaQQyL7icYKDqEcrmDETFkk=
-21,17,ZqyI0SJSOQd3cInFzA7fCV7NFCI=,DV52+hNyVv7If/vIBfACCQl7jQA=
-18,17,ZqyI0SJSOQd3cInFzA7fCV7NFCI=,b2T/TLfoYM6vT/S6pa1MXcPRCuk=
-18,18,ZqyI0SJSOQd3cInFzA7fCV7NFCI=,bgYY5gbuLpZqdTzCg5PXJY29WwE=
-21,18,ZqyI0SJSOQd3cInFzA7fCV7NFCI=,Fb2F9V8BqRuhj+IGc/YK8OSqUss=
-19,17,ZqyI0SJSOQd3cInFzA7fCV7NFCI=,YORqsBSRdV2MXIRdMDCT0zWgsfM=
-20,17,ZqyI0SJSOQd3cInFzA7fCV7NFCI=,YORqsBSRdV2MXIRdMDCT0zWgsfM=
-19,18,ZqyI0SJSOQd3cInFzA7fCV7NFCI=,rGu+zaQQyL7icYKDqEcrmDETFkk=
-20,18,ZqyI0SJSOQd3cInFzA7fCV7NFCI=,rGu+zaQQyL7icYKDqEcrmDETFkk=
-20,26,ZqyI0SJSOQd3cInFzA7fCV7NFCI=,pk7aX/fa/naLC3rruOZBu8qQ11w=
-21,26,ZqyI0SJSOQd3cInFzA7fCV7NFCI=,cPEC4DNGZswp++WIbEr5ahFm5/U=
-18,26,ZqyI0SJSOQd3cInFzA7fCV7NFCI=,PVETWunD+CSrVyvMelF6YzgPj/w=
-21,25,ZqyI0SJSOQd3cInFzA7fCV7NFCI=,mmAS+jL7dV8nZpzYxb4JEvcwMJE=
-19,25,ZqyI0SJSOQd3cInFzA7fCV7NFCI=,oiUlGqYQfb4Nn4URsv9A5mmMcaM=
-19,26,ZqyI0SJSOQd3cInFzA7fCV7NFCI=,pk7aX/fa/naLC3rruOZBu8qQ11w=
-18,25,ZqyI0SJSOQd3cInFzA7fCV7NFCI=,450TejQBRX7QhIjhMVAcThiCnj4=
-20,25,ZqyI0SJSOQd3cInFzA7fCV7NFCI=,oiUlGqYQfb4Nn4URsv9A5mmMcaM=
-19,20,ZqyI0SJSOQd3cInFzA7fCV7NFCI=,TtqWCEZVSW9H5/EtwNTIhF9JW8Q=
-19,24,ZqyI0SJSOQd3cInFzA7fCV7NFCI=,oiUlGqYQfb4Nn4URsv9A5mmMcaM=
-19,22,ZqyI0SJSOQd3cInFzA7fCV7NFCI=,ERP64AZUlb6eoYmxwOl2gN46n2c=
-18,23,ZqyI0SJSOQd3cInFzA7fCV7NFCI=,QsiCI3E/3/wcfuQmNPWfiFQ/sPI=
-19,21,ZqyI0SJSOQd3cInFzA7fCV7NFCI=,TtqWCEZVSW9H5/EtwNTIhF9JW8Q=
-18,24,ZqyI0SJSOQd3cInFzA7fCV7NFCI=,450TejQBRX7QhIjhMVAcThiCnj4=
-17,23,ZqyI0SJSOQd3cInFzA7fCV7NFCI=,QsiCI3E/3/wcfuQmNPWfiFQ/sPI=
-17,24,ZqyI0SJSOQd3cInFzA7fCV7NFCI=,450TejQBRX7QhIjhMVAcThiCnj4=
-19,23,ZqyI0SJSOQd3cInFzA7fCV7NFCI=,ERP64AZUlb6eoYmxwOl2gN46n2c=
-17,25,ZqyI0SJSOQd3cInFzA7fCV7NFCI=,450TejQBRX7QhIjhMVAcThiCnj4=
-18,21,ZqyI0SJSOQd3cInFzA7fCV7NFCI=,xFQB5n2Dd39+FciWJeqlDZ2sQ24=
-17,26,ZqyI0SJSOQd3cInFzA7fCV7NFCI=,PVETWunD+CSrVyvMelF6YzgPj/w=
-18,20,ZqyI0SJSOQd3cInFzA7fCV7NFCI=,xFQB5n2Dd39+FciWJeqlDZ2sQ24=
-22,29,ZqyI0SJSOQd3cInFzA7fCV7NFCI=,cE8ibh2ONP7NjaRAMvqHUOGhYIo=
-19,19,ZqyI0SJSOQd3cInFzA7fCV7NFCI=,rGu+zaQQyL7icYKDqEcrmDETFkk=
-18,22,ZqyI0SJSOQd3cInFzA7fCV7NFCI=,QsiCI3E/3/wcfuQmNPWfiFQ/sPI=
-25,29,ZqyI0SJSOQd3cInFzA7fCV7NFCI=,QveX6+9ZdaKlKwspJX6g+FFsikA=
-18,19,ZqyI0SJSOQd3cInFzA7fCV7NFCI=,bgYY5gbuLpZqdTzCg5PXJY29WwE=
-23,29,ZqyI0SJSOQd3cInFzA7fCV7NFCI=,hlX5TO1smWzkJAXLMF8q9Dc1OgQ=
-24,29,ZqyI0SJSOQd3cInFzA7fCV7NFCI=,hlX5TO1smWzkJAXLMF8q9Dc1OgQ=
-18,29,ZqyI0SJSOQd3cInFzA7fCV7NFCI=,snUsi2x+x0u10kulW14vE2xwu8A=
-19,27,ZqyI0SJSOQd3cInFzA7fCV7NFCI=,pk7aX/fa/naLC3rruOZBu8qQ11w=
-17,27,ZqyI0SJSOQd3cInFzA7fCV7NFCI=,PVETWunD+CSrVyvMelF6YzgPj/w=
-21,27,ZqyI0SJSOQd3cInFzA7fCV7NFCI=,cPEC4DNGZswp++WIbEr5ahFm5/U=
-17,29,ZqyI0SJSOQd3cInFzA7fCV7NFCI=,snUsi2x+x0u10kulW14vE2xwu8A=
-20,28,ZqyI0SJSOQd3cInFzA7fCV7NFCI=,YvcHiVbPc9UHykMWSgVTwcKchBE=
-18,27,ZqyI0SJSOQd3cInFzA7fCV7NFCI=,PVETWunD+CSrVyvMelF6YzgPj/w=
-19,28,ZqyI0SJSOQd3cInFzA7fCV7NFCI=,YvcHiVbPc9UHykMWSgVTwcKchBE=
-21,29,ZqyI0SJSOQd3cInFzA7fCV7NFCI=,cE8ibh2ONP7NjaRAMvqHUOGhYIo=
-21,28,ZqyI0SJSOQd3cInFzA7fCV7NFCI=,cE8ibh2ONP7NjaRAMvqHUOGhYIo=
-17,28,ZqyI0SJSOQd3cInFzA7fCV7NFCI=,snUsi2x+x0u10kulW14vE2xwu8A=
-18,28,ZqyI0SJSOQd3cInFzA7fCV7NFCI=,snUsi2x+x0u10kulW14vE2xwu8A=
-20,29,ZqyI0SJSOQd3cInFzA7fCV7NFCI=,YvcHiVbPc9UHykMWSgVTwcKchBE=
-20,27,ZqyI0SJSOQd3cInFzA7fCV7NFCI=,pk7aX/fa/naLC3rruOZBu8qQ11w=
-19,29,ZqyI0SJSOQd3cInFzA7fCV7NFCI=,YvcHiVbPc9UHykMWSgVTwcKchBE=
-25,16,ZqyI0SJSOQd3cInFzA7fCV7NFCI=,q7xxHJbX/fBccVDnxkoekqi3Qlc=
-24,16,ZqyI0SJSOQd3cInFzA7fCV7NFCI=,XywP9v3McjtNf8Z7udDio5kGRSA=
-22,16,ZqyI0SJSOQd3cInFzA7fCV7NFCI=,DV52+hNyVv7If/vIBfACCQl7jQA=
-23,16,ZqyI0SJSOQd3cInFzA7fCV7NFCI=,XywP9v3McjtNf8Z7udDio5kGRSA=
-21,16,ZqyI0SJSOQd3cInFzA7fCV7NFCI=,DV52+hNyVv7If/vIBfACCQl7jQA=
-20,16,ZqyI0SJSOQd3cInFzA7fCV7NFCI=,YORqsBSRdV2MXIRdMDCT0zWgsfM=
-17,20,ZqyI0SJSOQd3cInFzA7fCV7NFCI=,xFQB5n2Dd39+FciWJeqlDZ2sQ24=
-18,16,ZqyI0SJSOQd3cInFzA7fCV7NFCI=,b2T/TLfoYM6vT/S6pa1MXcPRCuk=
-17,16,ZqyI0SJSOQd3cInFzA7fCV7NFCI=,b2T/TLfoYM6vT/S6pa1MXcPRCuk=
-30,18,ZqyI0SJSOQd3cInFzA7fCV7NFCI=,+y+SWhj8El6Qhqo6AwbLTTaHKAg=
-17,22,ZqyI0SJSOQd3cInFzA7fCV7NFCI=,QsiCI3E/3/wcfuQmNPWfiFQ/sPI=
-30,16,ZqyI0SJSOQd3cInFzA7fCV7NFCI=,Larw51nvxcLkyahh+YJNz2RurWA=
-30,17,ZqyI0SJSOQd3cInFzA7fCV7NFCI=,Larw51nvxcLkyahh+YJNz2RurWA=
-17,17,ZqyI0SJSOQd3cInFzA7fCV7NFCI=,b2T/TLfoYM6vT/S6pa1MXcPRCuk=
-17,21,ZqyI0SJSOQd3cInFzA7fCV7NFCI=,xFQB5n2Dd39+FciWJeqlDZ2sQ24=
-17,18,ZqyI0SJSOQd3cInFzA7fCV7NFCI=,bgYY5gbuLpZqdTzCg5PXJY29WwE=
-19,16,ZqyI0SJSOQd3cInFzA7fCV7NFCI=,YORqsBSRdV2MXIRdMDCT0zWgsfM=
-17,19,ZqyI0SJSOQd3cInFzA7fCV7NFCI=,bgYY5gbuLpZqdTzCg5PXJY29WwE=
-28,19,ZqyI0SJSOQd3cInFzA7fCV7NFCI=,r/rJARw4zHbWoqyzMuSXHDwTZ+w=
-29,20,ZqyI0SJSOQd3cInFzA7fCV7NFCI=,sgYUiBhiz3X1AwwsSK8TS0N5vgM=
-29,19,ZqyI0SJSOQd3cInFzA7fCV7NFCI=,+y+SWhj8El6Qhqo6AwbLTTaHKAg=
-29,22,ZqyI0SJSOQd3cInFzA7fCV7NFCI=,YZhfIxv9FvAlO8c+xBn6V67cAqM=
-29,21,ZqyI0SJSOQd3cInFzA7fCV7NFCI=,sgYUiBhiz3X1AwwsSK8TS0N5vgM=
-28,24,ZqyI0SJSOQd3cInFzA7fCV7NFCI=,+s/bIM4eQ/qxzqhCeUTRcu7vdI8=
-24,23,ZqyI0SJSOQd3cInFzA7fCV7NFCI=,MoBxUgGlkBbC3Pq4LGcrZ8wCkWY=
-26,26,ZqyI0SJSOQd3cInFzA7fCV7NFCI=,dKjuPT6KINC/D+wfQbSrezEmZvE=
-24,26,ZqyI0SJSOQd3cInFzA7fCV7NFCI=,UPvxa9PTT3wDzhurcxuycFCHJgs=
-27,25,ZqyI0SJSOQd3cInFzA7fCV7NFCI=,+s/bIM4eQ/qxzqhCeUTRcu7vdI8=
-29,23,ZqyI0SJSOQd3cInFzA7fCV7NFCI=,YZhfIxv9FvAlO8c+xBn6V67cAqM=
-29,24,ZqyI0SJSOQd3cInFzA7fCV7NFCI=,N0XEgOTG0s9ecJ5n0bM3hwfDSwU=
-25,26,ZqyI0SJSOQd3cInFzA7fCV7NFCI=,dKjuPT6KINC/D+wfQbSrezEmZvE=
-27,24,ZqyI0SJSOQd3cInFzA7fCV7NFCI=,+s/bIM4eQ/qxzqhCeUTRcu7vdI8=
-26,25,ZqyI0SJSOQd3cInFzA7fCV7NFCI=,8mf6Oc/dRDxQfC/BTJTTpstwxck=
-26,16,ZqyI0SJSOQd3cInFzA7fCV7NFCI=,q7xxHJbX/fBccVDnxkoekqi3Qlc=
-26,24,ZqyI0SJSOQd3cInFzA7fCV7NFCI=,8mf6Oc/dRDxQfC/BTJTTpstwxck=
-25,25,ZqyI0SJSOQd3cInFzA7fCV7NFCI=,8mf6Oc/dRDxQfC/BTJTTpstwxck=
-24,25,ZqyI0SJSOQd3cInFzA7fCV7NFCI=,DUOfF+qHFqWh8F64IsNUO3W68fc=
-26,23,ZqyI0SJSOQd3cInFzA7fCV7NFCI=,F5r9MB0U8Oj97SyPhuxI+x0NYxA=
-26,18,ZqyI0SJSOQd3cInFzA7fCV7NFCI=,ZbDSrfvkcvkR1Js9CCgMQfsfC6E=
-25,23,ZqyI0SJSOQd3cInFzA7fCV7NFCI=,F5r9MB0U8Oj97SyPhuxI+x0NYxA=
-26,17,ZqyI0SJSOQd3cInFzA7fCV7NFCI=,q7xxHJbX/fBccVDnxkoekqi3Qlc=
-24,24,ZqyI0SJSOQd3cInFzA7fCV7NFCI=,DUOfF+qHFqWh8F64IsNUO3W68fc=
-27,18,ZqyI0SJSOQd3cInFzA7fCV7NFCI=,r/rJARw4zHbWoqyzMuSXHDwTZ+w=
-28,18,ZqyI0SJSOQd3cInFzA7fCV7NFCI=,r/rJARw4zHbWoqyzMuSXHDwTZ+w=
-25,24,ZqyI0SJSOQd3cInFzA7fCV7NFCI=,8mf6Oc/dRDxQfC/BTJTTpstwxck=
-29,16,ZqyI0SJSOQd3cInFzA7fCV7NFCI=,Larw51nvxcLkyahh+YJNz2RurWA=
-29,18,ZqyI0SJSOQd3cInFzA7fCV7NFCI=,+y+SWhj8El6Qhqo6AwbLTTaHKAg=
-28,16,ZqyI0SJSOQd3cInFzA7fCV7NFCI=,9zB9IPIXxiPgOvl0jKZLQ3SeUBk=
-27,16,ZqyI0SJSOQd3cInFzA7fCV7NFCI=,9zB9IPIXxiPgOvl0jKZLQ3SeUBk=
-29,17,ZqyI0SJSOQd3cInFzA7fCV7NFCI=,Larw51nvxcLkyahh+YJNz2RurWA=
-27,17,ZqyI0SJSOQd3cInFzA7fCV7NFCI=,9zB9IPIXxiPgOvl0jKZLQ3SeUBk=
-25,21,ZqyI0SJSOQd3cInFzA7fCV7NFCI=,JhP6ql+6RK1+23KMEi+s4dhupMU=
-27,19,ZqyI0SJSOQd3cInFzA7fCV7NFCI=,r/rJARw4zHbWoqyzMuSXHDwTZ+w=
-26,21,ZqyI0SJSOQd3cInFzA7fCV7NFCI=,JhP6ql+6RK1+23KMEi+s4dhupMU=
-26,22,ZqyI0SJSOQd3cInFzA7fCV7NFCI=,F5r9MB0U8Oj97SyPhuxI+x0NYxA=
-30,19,ZqyI0SJSOQd3cInFzA7fCV7NFCI=,+y+SWhj8El6Qhqo6AwbLTTaHKAg=
-24,21,ZqyI0SJSOQd3cInFzA7fCV7NFCI=,N9IZrEb19W4kV8BHbR4j5oUNVR0=
-24,20,ZqyI0SJSOQd3cInFzA7fCV7NFCI=,N9IZrEb19W4kV8BHbR4j5oUNVR0=
-24,19,ZqyI0SJSOQd3cInFzA7fCV7NFCI=,gc42ZDg57jx2fgUG5JpL2WLc+dY=
-28,17,ZqyI0SJSOQd3cInFzA7fCV7NFCI=,9zB9IPIXxiPgOvl0jKZLQ3SeUBk=
-24,22,ZqyI0SJSOQd3cInFzA7fCV7NFCI=,MoBxUgGlkBbC3Pq4LGcrZ8wCkWY=
-26,19,ZqyI0SJSOQd3cInFzA7fCV7NFCI=,ZbDSrfvkcvkR1Js9CCgMQfsfC6E=
-25,22,ZqyI0SJSOQd3cInFzA7fCV7NFCI=,F5r9MB0U8Oj97SyPhuxI+x0NYxA=
-30,20,ZqyI0SJSOQd3cInFzA7fCV7NFCI=,sgYUiBhiz3X1AwwsSK8TS0N5vgM=
-30,22,ZqyI0SJSOQd3cInFzA7fCV7NFCI=,YZhfIxv9FvAlO8c+xBn6V67cAqM=
-26,20,ZqyI0SJSOQd3cInFzA7fCV7NFCI=,JhP6ql+6RK1+23KMEi+s4dhupMU=
-30,21,ZqyI0SJSOQd3cInFzA7fCV7NFCI=,sgYUiBhiz3X1AwwsSK8TS0N5vgM=
-30,23,ZqyI0SJSOQd3cInFzA7fCV7NFCI=,YZhfIxv9FvAlO8c+xBn6V67cAqM=
-30,24,ZqyI0SJSOQd3cInFzA7fCV7NFCI=,N0XEgOTG0s9ecJ5n0bM3hwfDSwU=
-25,19,ZqyI0SJSOQd3cInFzA7fCV7NFCI=,ZbDSrfvkcvkR1Js9CCgMQfsfC6E=
-25,20,ZqyI0SJSOQd3cInFzA7fCV7NFCI=,JhP6ql+6RK1+23KMEi+s4dhupMU=
-30,25,ZqyI0SJSOQd3cInFzA7fCV7NFCI=,N0XEgOTG0s9ecJ5n0bM3hwfDSwU=
-28,25,ZqyI0SJSOQd3cInFzA7fCV7NFCI=,+s/bIM4eQ/qxzqhCeUTRcu7vdI8=
-29,26,ZqyI0SJSOQd3cInFzA7fCV7NFCI=,a2cyQ8U/TT+8gGtw8sYMMM4eOs0=
-30,26,ZqyI0SJSOQd3cInFzA7fCV7NFCI=,a2cyQ8U/TT+8gGtw8sYMMM4eOs0=
-30,29,ZqyI0SJSOQd3cInFzA7fCV7NFCI=,xmQOwcjaufqsxj1I9OMUQkwXrYU=
-26,27,ZqyI0SJSOQd3cInFzA7fCV7NFCI=,dKjuPT6KINC/D+wfQbSrezEmZvE=
-29,27,ZqyI0SJSOQd3cInFzA7fCV7NFCI=,a2cyQ8U/TT+8gGtw8sYMMM4eOs0=
-27,29,ZqyI0SJSOQd3cInFzA7fCV7NFCI=,cgd0SdgId6xyA9pHwLI2A8IRG+Q=
-28,28,ZqyI0SJSOQd3cInFzA7fCV7NFCI=,cgd0SdgId6xyA9pHwLI2A8IRG+Q=
-29,29,ZqyI0SJSOQd3cInFzA7fCV7NFCI=,xmQOwcjaufqsxj1I9OMUQkwXrYU=
-30,27,ZqyI0SJSOQd3cInFzA7fCV7NFCI=,a2cyQ8U/TT+8gGtw8sYMMM4eOs0=
-28,29,ZqyI0SJSOQd3cInFzA7fCV7NFCI=,cgd0SdgId6xyA9pHwLI2A8IRG+Q=
-29,28,ZqyI0SJSOQd3cInFzA7fCV7NFCI=,xmQOwcjaufqsxj1I9OMUQkwXrYU=
-26,29,ZqyI0SJSOQd3cInFzA7fCV7NFCI=,QveX6+9ZdaKlKwspJX6g+FFsikA=
-26,28,ZqyI0SJSOQd3cInFzA7fCV7NFCI=,QveX6+9ZdaKlKwspJX6g+FFsikA=
-27,28,ZqyI0SJSOQd3cInFzA7fCV7NFCI=,cgd0SdgId6xyA9pHwLI2A8IRG+Q=
-30,28,ZqyI0SJSOQd3cInFzA7fCV7NFCI=,xmQOwcjaufqsxj1I9OMUQkwXrYU=
-29,25,ZqyI0SJSOQd3cInFzA7fCV7NFCI=,N0XEgOTG0s9ecJ5n0bM3hwfDSwU=
-14,27,5SAjnWkzi6wvUrSebpjnKjlbd2A=,5DecImG4b5R6sd3j6t37i+Yk83E=
-15,28,5SAjnWkzi6wvUrSebpjnKjlbd2A=,F7pLbALlzviJGbYOzRgYx6mGkSM=
-15,27,GISfhBiEVZ49D/zCDk2lCTxCGuo=,4s8KlrLXvzfQyVfIbOj7dP26pnk=
-14,28,GISfhBiEVZ49D/zCDk2lCTxCGuo=,+503Cn7W1Un8cBLtLhWVZD0ygl4=
-13,26,GISfhBiEVZ49D/zCDk2lCTxCGuo=,5DecImG4b5R6sd3j6t37i+Yk83E=
-12,25,GISfhBiEVZ49D/zCDk2lCTxCGuo=,t48xt2s4hJm5WwZ0aFf2u3PLPxo=
-12,26,GISfhBiEVZ49D/zCDk2lCTxCGuo=,WxDWHNgjgN1Hn7kq73ZfzOZBTSs=
-13,25,GISfhBiEVZ49D/zCDk2lCTxCGuo=,QL09UHNNMWVWwm3EqOMAoGckh0E=
-13,24,GISfhBiEVZ49D/zCDk2lCTxCGuo=,QL09UHNNMWVWwm3EqOMAoGckh0E=
-12,24,GISfhBiEVZ49D/zCDk2lCTxCGuo=,t48xt2s4hJm5WwZ0aFf2u3PLPxo=
-13,23,GISfhBiEVZ49D/zCDk2lCTxCGuo=,G07EZ6nchSVD4fpbsNNNEw5bW6k=
-12,23,GISfhBiEVZ49D/zCDk2lCTxCGuo=,50HKfBzQe2cxNdwpoeC91cYL7Ks=
-12,27,GISfhBiEVZ49D/zCDk2lCTxCGuo=,WxDWHNgjgN1Hn7kq73ZfzOZBTSs=
-13,27,GISfhBiEVZ49D/zCDk2lCTxCGuo=,5DecImG4b5R6sd3j6t37i+Yk83E=
-13,28,GISfhBiEVZ49D/zCDk2lCTxCGuo=,+503Cn7W1Un8cBLtLhWVZD0ygl4=
-12,28,GISfhBiEVZ49D/zCDk2lCTxCGuo=,1GvK1ZttboGade8fBxSwJgTe2eE=
-13,21,GISfhBiEVZ49D/zCDk2lCTxCGuo=,Y0EzrWyHtCb5M1h5pRsDBRzuitU=
-13,22,GISfhBiEVZ49D/zCDk2lCTxCGuo=,G07EZ6nchSVD4fpbsNNNEw5bW6k=
-12,21,GISfhBiEVZ49D/zCDk2lCTxCGuo=,Q+gaD6mRThRhpoNO2ds7Zg4Qr50=
-12,22,GISfhBiEVZ49D/zCDk2lCTxCGuo=,50HKfBzQe2cxNdwpoeC91cYL7Ks=
-13,20,GISfhBiEVZ49D/zCDk2lCTxCGuo=,Y0EzrWyHtCb5M1h5pRsDBRzuitU=
-12,20,GISfhBiEVZ49D/zCDk2lCTxCGuo=,Q+gaD6mRThRhpoNO2ds7Zg4Qr50=
-13,19,GISfhBiEVZ49D/zCDk2lCTxCGuo=,7yP0ijkuxlcvisOnuSXTFpc59Jw=
-12,19,GISfhBiEVZ49D/zCDk2lCTxCGuo=,vdynuR3xQkV7OkAh6z5TziyFDVQ=
-14,20,GISfhBiEVZ49D/zCDk2lCTxCGuo=,Y0EzrWyHtCb5M1h5pRsDBRzuitU=
-14,19,GISfhBiEVZ49D/zCDk2lCTxCGuo=,7yP0ijkuxlcvisOnuSXTFpc59Jw=
-15,20,GISfhBiEVZ49D/zCDk2lCTxCGuo=,8X57r2RxjjSHV+vVVVmpvFDJZmY=
-15,19,LiDCyTsvYOkURDTkO9YpuVE2yzg=,WG3y76qlzN9xbqtGkZMuVDtDZ1E=
-10,17,LiDCyTsvYOkURDTkO9YpuVE2yzg=,66AsXBeFirSCtvw18/1/8RWEFrg=
-11,17,LiDCyTsvYOkURDTkO9YpuVE2yzg=,g/kasVVRCLZdKS4pmlNVr+cBEM0=
-10,18,LiDCyTsvYOkURDTkO9YpuVE2yzg=,lqZgChUe0adWoho5Oy9mi6Rp9TU=
-12,17,LiDCyTsvYOkURDTkO9YpuVE2yzg=,g/kasVVRCLZdKS4pmlNVr+cBEM0=
-11,18,LiDCyTsvYOkURDTkO9YpuVE2yzg=,vdynuR3xQkV7OkAh6z5TziyFDVQ=
-15,17,LiDCyTsvYOkURDTkO9YpuVE2yzg=,d1uhZfGs67UtFzIwkVTN76d9pgw=
-14,18,LiDCyTsvYOkURDTkO9YpuVE2yzg=,7yP0ijkuxlcvisOnuSXTFpc59Jw=
-14,17,LiDCyTsvYOkURDTkO9YpuVE2yzg=,X98ykGHbcthAMCeDlvEtcz0LFlo=
-12,18,LiDCyTsvYOkURDTkO9YpuVE2yzg=,vdynuR3xQkV7OkAh6z5TziyFDVQ=
-15,18,LiDCyTsvYOkURDTkO9YpuVE2yzg=,WG3y76qlzN9xbqtGkZMuVDtDZ1E=
-13,17,LiDCyTsvYOkURDTkO9YpuVE2yzg=,X98ykGHbcthAMCeDlvEtcz0LFlo=
-13,18,LiDCyTsvYOkURDTkO9YpuVE2yzg=,7yP0ijkuxlcvisOnuSXTFpc59Jw=
-10,24,LiDCyTsvYOkURDTkO9YpuVE2yzg=,dQ/zk0QB0KXhWOh0kiesUVZlYys=
-11,24,LiDCyTsvYOkURDTkO9YpuVE2yzg=,t48xt2s4hJm5WwZ0aFf2u3PLPxo=
-10,23,LiDCyTsvYOkURDTkO9YpuVE2yzg=,yqngVs21a8750tbK78Ag4oBeCk8=
-11,23,LiDCyTsvYOkURDTkO9YpuVE2yzg=,50HKfBzQe2cxNdwpoeC91cYL7Ks=
-11,20,LiDCyTsvYOkURDTkO9YpuVE2yzg=,Q+gaD6mRThRhpoNO2ds7Zg4Qr50=
-10,22,LiDCyTsvYOkURDTkO9YpuVE2yzg=,yqngVs21a8750tbK78Ag4oBeCk8=
-10,20,LiDCyTsvYOkURDTkO9YpuVE2yzg=,BVCJpBgr2mltchnVHGxnBv36jGM=
-10,21,LiDCyTsvYOkURDTkO9YpuVE2yzg=,BVCJpBgr2mltchnVHGxnBv36jGM=
-10,19,Sfd2Gq+JCUpE4ZWHbyjHUrf1i9k=,lqZgChUe0adWoho5Oy9mi6Rp9TU=
-11,21,Sfd2Gq+JCUpE4ZWHbyjHUrf1i9k=,Q+gaD6mRThRhpoNO2ds7Zg4Qr50=
-11,22,Sfd2Gq+JCUpE4ZWHbyjHUrf1i9k=,50HKfBzQe2cxNdwpoeC91cYL7Ks=
-11,19,Sfd2Gq+JCUpE4ZWHbyjHUrf1i9k=,vdynuR3xQkV7OkAh6z5TziyFDVQ=
-11,25,Sfd2Gq+JCUpE4ZWHbyjHUrf1i9k=,t48xt2s4hJm5WwZ0aFf2u3PLPxo=
-10,25,Sfd2Gq+JCUpE4ZWHbyjHUrf1i9k=,dQ/zk0QB0KXhWOh0kiesUVZlYys=
-9,26,Sfd2Gq+JCUpE4ZWHbyjHUrf1i9k=,ZGFd3nhvk5xPXbmZz09xfqgjNIo=
-8,26,Sfd2Gq+JCUpE4ZWHbyjHUrf1i9k=,f5v/YpZlesVjBXW1EnqCnHx8p7c=
-8,25,Sfd2Gq+JCUpE4ZWHbyjHUrf1i9k=,0Pm5tODuRYY/5PnSxZiN/pjIlgk=
-10,26,Sfd2Gq+JCUpE4ZWHbyjHUrf1i9k=,ZGFd3nhvk5xPXbmZz09xfqgjNIo=
-9,25,Sfd2Gq+JCUpE4ZWHbyjHUrf1i9k=,dQ/zk0QB0KXhWOh0kiesUVZlYys=
-11,26,Sfd2Gq+JCUpE4ZWHbyjHUrf1i9k=,WxDWHNgjgN1Hn7kq73ZfzOZBTSs=
-9,22,Sfd2Gq+JCUpE4ZWHbyjHUrf1i9k=,yqngVs21a8750tbK78Ag4oBeCk8=
-8,21,Sfd2Gq+JCUpE4ZWHbyjHUrf1i9k=,sK7UhvZJY1fD5WdthUpu5GfG/Uk=
-9,24,Sfd2Gq+JCUpE4ZWHbyjHUrf1i9k=,dQ/zk0QB0KXhWOh0kiesUVZlYys=
-8,23,Sfd2Gq+JCUpE4ZWHbyjHUrf1i9k=,eESszSwo/87ZNl6QoU6eHYcfiDI=
-9,23,Sfd2Gq+JCUpE4ZWHbyjHUrf1i9k=,yqngVs21a8750tbK78Ag4oBeCk8=
-8,24,Sfd2Gq+JCUpE4ZWHbyjHUrf1i9k=,0Pm5tODuRYY/5PnSxZiN/pjIlgk=
-9,21,Sfd2Gq+JCUpE4ZWHbyjHUrf1i9k=,BVCJpBgr2mltchnVHGxnBv36jGM=
-8,22,Sfd2Gq+JCUpE4ZWHbyjHUrf1i9k=,eESszSwo/87ZNl6QoU6eHYcfiDI=
-6,23,Sfd2Gq+JCUpE4ZWHbyjHUrf1i9k=,cBBzsZIlWl9U5t1B6GA+CcsOHho=
-11,28,Sfd2Gq+JCUpE4ZWHbyjHUrf1i9k=,1GvK1ZttboGade8fBxSwJgTe2eE=
-7,24,Sfd2Gq+JCUpE4ZWHbyjHUrf1i9k=,0Pm5tODuRYY/5PnSxZiN/pjIlgk=
-10,28,Sfd2Gq+JCUpE4ZWHbyjHUrf1i9k=,0QFfPpZl+pdCYGViyKRBtpQMLmE=
-11,27,Sfd2Gq+JCUpE4ZWHbyjHUrf1i9k=,WxDWHNgjgN1Hn7kq73ZfzOZBTSs=
-7,23,Sfd2Gq+JCUpE4ZWHbyjHUrf1i9k=,eESszSwo/87ZNl6QoU6eHYcfiDI=
-10,27,Sfd2Gq+JCUpE4ZWHbyjHUrf1i9k=,ZGFd3nhvk5xPXbmZz09xfqgjNIo=
-2,26,Sfd2Gq+JCUpE4ZWHbyjHUrf1i9k=,fJPcRH4EVJRZyJpPOGKavwq1DJM=
-6,24,Sfd2Gq+JCUpE4ZWHbyjHUrf1i9k=,fqcN6WXM0G4F4uY+9c0cWk02GNA=
-3,26,Sfd2Gq+JCUpE4ZWHbyjHUrf1i9k=,TutAD3YVlJvj4KlXuzSGVhRs8sQ=
-2,25,Sfd2Gq+JCUpE4ZWHbyjHUrf1i9k=,kSEjJ4YN/Hf+1oToexxHz26IP7s=
-3,25,Sfd2Gq+JCUpE4ZWHbyjHUrf1i9k=,XWkQd5vT1s/NxeFGDmkeOx348UA=
-2,23,Sfd2Gq+JCUpE4ZWHbyjHUrf1i9k=,lPPUjN7WlLYH+brh88Bz3m52LTU=
-5,23,Sfd2Gq+JCUpE4ZWHbyjHUrf1i9k=,cBBzsZIlWl9U5t1B6GA+CcsOHho=
-3,23,Sfd2Gq+JCUpE4ZWHbyjHUrf1i9k=,hJnfSR23smGJMrbdXzeGoqsiykE=
-4,24,Sfd2Gq+JCUpE4ZWHbyjHUrf1i9k=,XWkQd5vT1s/NxeFGDmkeOx348UA=
-5,24,Sfd2Gq+JCUpE4ZWHbyjHUrf1i9k=,fqcN6WXM0G4F4uY+9c0cWk02GNA=
-4,23,Sfd2Gq+JCUpE4ZWHbyjHUrf1i9k=,hJnfSR23smGJMrbdXzeGoqsiykE=
-3,24,Sfd2Gq+JCUpE4ZWHbyjHUrf1i9k=,XWkQd5vT1s/NxeFGDmkeOx348UA=
-2,24,Sfd2Gq+JCUpE4ZWHbyjHUrf1i9k=,kSEjJ4YN/Hf+1oToexxHz26IP7s=
-2,22,Sfd2Gq+JCUpE4ZWHbyjHUrf1i9k=,lPPUjN7WlLYH+brh88Bz3m52LTU=
-3,22,Sfd2Gq+JCUpE4ZWHbyjHUrf1i9k=,hJnfSR23smGJMrbdXzeGoqsiykE=
-2,21,Sfd2Gq+JCUpE4ZWHbyjHUrf1i9k=,Tr0hG3EjC6Kt7MLz1JSGNS8ivAA=
-3,21,Sfd2Gq+JCUpE4ZWHbyjHUrf1i9k=,BMrtVS9gEWsxMVhEy5HQBum6PrE=
-2,20,Sfd2Gq+JCUpE4ZWHbyjHUrf1i9k=,Tr0hG3EjC6Kt7MLz1JSGNS8ivAA=
-2,19,Sfd2Gq+JCUpE4ZWHbyjHUrf1i9k=,bPBFY2zMwYJ7jT60q/tLlYXCvA8=
-3,20,Sfd2Gq+JCUpE4ZWHbyjHUrf1i9k=,BMrtVS9gEWsxMVhEy5HQBum6PrE=
-3,19,Sfd2Gq+JCUpE4ZWHbyjHUrf1i9k=,0Ula57RVLH1QQFY0VwhnqNBygvQ=
-5,17,Sfd2Gq+JCUpE4ZWHbyjHUrf1i9k=,A3OytkksRw7O8zP7le+3bK3Wdfo=
-4,17,Sfd2Gq+JCUpE4ZWHbyjHUrf1i9k=,9m+Jtrjj/EAXD9wE2AQrdneL58M=
-6,22,Sfd2Gq+JCUpE4ZWHbyjHUrf1i9k=,cBBzsZIlWl9U5t1B6GA+CcsOHho=
-5,18,Sfd2Gq+JCUpE4ZWHbyjHUrf1i9k=,4AT+ngduWek4dXf2Bb8WU/OMFAk=
-4,20,Sfd2Gq+JCUpE4ZWHbyjHUrf1i9k=,BMrtVS9gEWsxMVhEy5HQBum6PrE=
-4,21,Sfd2Gq+JCUpE4ZWHbyjHUrf1i9k=,BMrtVS9gEWsxMVhEy5HQBum6PrE=
-5,22,Sfd2Gq+JCUpE4ZWHbyjHUrf1i9k=,cBBzsZIlWl9U5t1B6GA+CcsOHho=
-4,18,Sfd2Gq+JCUpE4ZWHbyjHUrf1i9k=,0Ula57RVLH1QQFY0VwhnqNBygvQ=
-4,19,Sfd2Gq+JCUpE4ZWHbyjHUrf1i9k=,0Ula57RVLH1QQFY0VwhnqNBygvQ=
-7,21,Sfd2Gq+JCUpE4ZWHbyjHUrf1i9k=,sK7UhvZJY1fD5WdthUpu5GfG/Uk=
-4,22,Sfd2Gq+JCUpE4ZWHbyjHUrf1i9k=,hJnfSR23smGJMrbdXzeGoqsiykE=
-5,19,Sfd2Gq+JCUpE4ZWHbyjHUrf1i9k=,4AT+ngduWek4dXf2Bb8WU/OMFAk=
-7,22,Sfd2Gq+JCUpE4ZWHbyjHUrf1i9k=,eESszSwo/87ZNl6QoU6eHYcfiDI=
-3,18,Sfd2Gq+JCUpE4ZWHbyjHUrf1i9k=,0Ula57RVLH1QQFY0VwhnqNBygvQ=
-1,20,Sfd2Gq+JCUpE4ZWHbyjHUrf1i9k=,Tr0hG3EjC6Kt7MLz1JSGNS8ivAA=
-3,17,Sfd2Gq+JCUpE4ZWHbyjHUrf1i9k=,9m+Jtrjj/EAXD9wE2AQrdneL58M=
-2,17,Sfd2Gq+JCUpE4ZWHbyjHUrf1i9k=,CPaqckInY1HfP0BggXR8Wp116Y4=
-1,19,Sfd2Gq+JCUpE4ZWHbyjHUrf1i9k=,bPBFY2zMwYJ7jT60q/tLlYXCvA8=
-2,18,Sfd2Gq+JCUpE4ZWHbyjHUrf1i9k=,bPBFY2zMwYJ7jT60q/tLlYXCvA8=
-1,17,Sfd2Gq+JCUpE4ZWHbyjHUrf1i9k=,CPaqckInY1HfP0BggXR8Wp116Y4=
-1,18,Sfd2Gq+JCUpE4ZWHbyjHUrf1i9k=,bPBFY2zMwYJ7jT60q/tLlYXCvA8=
-1,26,Sfd2Gq+JCUpE4ZWHbyjHUrf1i9k=,fJPcRH4EVJRZyJpPOGKavwq1DJM=
-1,25,Sfd2Gq+JCUpE4ZWHbyjHUrf1i9k=,kSEjJ4YN/Hf+1oToexxHz26IP7s=
-1,23,Sfd2Gq+JCUpE4ZWHbyjHUrf1i9k=,lPPUjN7WlLYH+brh88Bz3m52LTU=
-1,22,Sfd2Gq+JCUpE4ZWHbyjHUrf1i9k=,lPPUjN7WlLYH+brh88Bz3m52LTU=
-1,21,Sfd2Gq+JCUpE4ZWHbyjHUrf1i9k=,Tr0hG3EjC6Kt7MLz1JSGNS8ivAA=
-1,24,Sfd2Gq+JCUpE4ZWHbyjHUrf1i9k=,kSEjJ4YN/Hf+1oToexxHz26IP7s=
-7,20,Sfd2Gq+JCUpE4ZWHbyjHUrf1i9k=,sK7UhvZJY1fD5WdthUpu5GfG/Uk=
-8,20,Sfd2Gq+JCUpE4ZWHbyjHUrf1i9k=,sK7UhvZJY1fD5WdthUpu5GfG/Uk=
-8,19,Sfd2Gq+JCUpE4ZWHbyjHUrf1i9k=,QrmLOEhgzhKK3D7paKwhmwP3j/k=
-7,19,Sfd2Gq+JCUpE4ZWHbyjHUrf1i9k=,QrmLOEhgzhKK3D7paKwhmwP3j/k=
-9,19,Sfd2Gq+JCUpE4ZWHbyjHUrf1i9k=,lqZgChUe0adWoho5Oy9mi6Rp9TU=
-6,19,Sfd2Gq+JCUpE4ZWHbyjHUrf1i9k=,4AT+ngduWek4dXf2Bb8WU/OMFAk=
-9,20,Sfd2Gq+JCUpE4ZWHbyjHUrf1i9k=,BVCJpBgr2mltchnVHGxnBv36jGM=
-7,17,Sfd2Gq+JCUpE4ZWHbyjHUrf1i9k=,bHbsLdrHwfn/3C9o1zVrX7ISoWU=
-6,18,Sfd2Gq+JCUpE4ZWHbyjHUrf1i9k=,4AT+ngduWek4dXf2Bb8WU/OMFAk=
-8,17,Sfd2Gq+JCUpE4ZWHbyjHUrf1i9k=,bHbsLdrHwfn/3C9o1zVrX7ISoWU=
-9,17,Sfd2Gq+JCUpE4ZWHbyjHUrf1i9k=,66AsXBeFirSCtvw18/1/8RWEFrg=
-6,17,Sfd2Gq+JCUpE4ZWHbyjHUrf1i9k=,A3OytkksRw7O8zP7le+3bK3Wdfo=
-7,18,Sfd2Gq+JCUpE4ZWHbyjHUrf1i9k=,QrmLOEhgzhKK3D7paKwhmwP3j/k=
-8,18,Sfd2Gq+JCUpE4ZWHbyjHUrf1i9k=,QrmLOEhgzhKK3D7paKwhmwP3j/k=
-9,18,Sfd2Gq+JCUpE4ZWHbyjHUrf1i9k=,lqZgChUe0adWoho5Oy9mi6Rp9TU=
-6,26,Sfd2Gq+JCUpE4ZWHbyjHUrf1i9k=,RxHJfxl5CuJBNtWaiFFL4yHiGjU=
-7,26,Sfd2Gq+JCUpE4ZWHbyjHUrf1i9k=,f5v/YpZlesVjBXW1EnqCnHx8p7c=
-5,26,Sfd2Gq+JCUpE4ZWHbyjHUrf1i9k=,RxHJfxl5CuJBNtWaiFFL4yHiGjU=
-4,26,Sfd2Gq+JCUpE4ZWHbyjHUrf1i9k=,TutAD3YVlJvj4KlXuzSGVhRs8sQ=
-4,25,Sfd2Gq+JCUpE4ZWHbyjHUrf1i9k=,XWkQd5vT1s/NxeFGDmkeOx348UA=
-5,25,Sfd2Gq+JCUpE4ZWHbyjHUrf1i9k=,fqcN6WXM0G4F4uY+9c0cWk02GNA=
-7,25,Sfd2Gq+JCUpE4ZWHbyjHUrf1i9k=,0Pm5tODuRYY/5PnSxZiN/pjIlgk=
-6,25,Sfd2Gq+JCUpE4ZWHbyjHUrf1i9k=,fqcN6WXM0G4F4uY+9c0cWk02GNA=
-11,29,Sfd2Gq+JCUpE4ZWHbyjHUrf1i9k=,1GvK1ZttboGade8fBxSwJgTe2eE=
-3,27,Sfd2Gq+JCUpE4ZWHbyjHUrf1i9k=,TutAD3YVlJvj4KlXuzSGVhRs8sQ=
-10,29,Sfd2Gq+JCUpE4ZWHbyjHUrf1i9k=,0QFfPpZl+pdCYGViyKRBtpQMLmE=
-2,27,Sfd2Gq+JCUpE4ZWHbyjHUrf1i9k=,fJPcRH4EVJRZyJpPOGKavwq1DJM=
-2,29,Sfd2Gq+JCUpE4ZWHbyjHUrf1i9k=,n1azc7702UvRFMntlmEWRLMFC4k=
-1,29,Sfd2Gq+JCUpE4ZWHbyjHUrf1i9k=,n1azc7702UvRFMntlmEWRLMFC4k=
-3,29,Sfd2Gq+JCUpE4ZWHbyjHUrf1i9k=,s6eOuFkZyygcuzHi1NdSKsZir+w=
-2,28,Sfd2Gq+JCUpE4ZWHbyjHUrf1i9k=,n1azc7702UvRFMntlmEWRLMFC4k=
-1,27,Sfd2Gq+JCUpE4ZWHbyjHUrf1i9k=,fJPcRH4EVJRZyJpPOGKavwq1DJM=
-1,28,Sfd2Gq+JCUpE4ZWHbyjHUrf1i9k=,n1azc7702UvRFMntlmEWRLMFC4k=
-3,28,Sfd2Gq+JCUpE4ZWHbyjHUrf1i9k=,s6eOuFkZyygcuzHi1NdSKsZir+w=
-14,22,Sfd2Gq+JCUpE4ZWHbyjHUrf1i9k=,G07EZ6nchSVD4fpbsNNNEw5bW6k=
-7,27,Sfd2Gq+JCUpE4ZWHbyjHUrf1i9k=,f5v/YpZlesVjBXW1EnqCnHx8p7c=
-15,22,Sfd2Gq+JCUpE4ZWHbyjHUrf1i9k=,s3FwpgdhyLDV5kfPYhiO9gL5/vE=
-15,21,Sfd2Gq+JCUpE4ZWHbyjHUrf1i9k=,8X57r2RxjjSHV+vVVVmpvFDJZmY=
-6,27,Sfd2Gq+JCUpE4ZWHbyjHUrf1i9k=,RxHJfxl5CuJBNtWaiFFL4yHiGjU=
-8,27,Sfd2Gq+JCUpE4ZWHbyjHUrf1i9k=,f5v/YpZlesVjBXW1EnqCnHx8p7c=
-5,29,Sfd2Gq+JCUpE4ZWHbyjHUrf1i9k=,iXmwJPn1Jnf6IZXd7hroG3L5DOY=
-4,29,Sfd2Gq+JCUpE4ZWHbyjHUrf1i9k=,s6eOuFkZyygcuzHi1NdSKsZir+w=
-14,21,Sfd2Gq+JCUpE4ZWHbyjHUrf1i9k=,Y0EzrWyHtCb5M1h5pRsDBRzuitU=
-5,27,Sfd2Gq+JCUpE4ZWHbyjHUrf1i9k=,RxHJfxl5CuJBNtWaiFFL4yHiGjU=
-4,27,Sfd2Gq+JCUpE4ZWHbyjHUrf1i9k=,TutAD3YVlJvj4KlXuzSGVhRs8sQ=
-9,29,Sfd2Gq+JCUpE4ZWHbyjHUrf1i9k=,0QFfPpZl+pdCYGViyKRBtpQMLmE=
-8,29,Sfd2Gq+JCUpE4ZWHbyjHUrf1i9k=,tuA4OETCTinUrJjI0h32K2HDASw=
-16,27,Sfd2Gq+JCUpE4ZWHbyjHUrf1i9k=,4s8KlrLXvzfQyVfIbOj7dP26pnk=
-7,29,Sfd2Gq+JCUpE4ZWHbyjHUrf1i9k=,tuA4OETCTinUrJjI0h32K2HDASw=
-8,28,Sfd2Gq+JCUpE4ZWHbyjHUrf1i9k=,tuA4OETCTinUrJjI0h32K2HDASw=
-9,27,Sfd2Gq+JCUpE4ZWHbyjHUrf1i9k=,ZGFd3nhvk5xPXbmZz09xfqgjNIo=
-16,28,Sfd2Gq+JCUpE4ZWHbyjHUrf1i9k=,F7pLbALlzviJGbYOzRgYx6mGkSM=
-16,29,Sfd2Gq+JCUpE4ZWHbyjHUrf1i9k=,F7pLbALlzviJGbYOzRgYx6mGkSM=
-4,28,Sfd2Gq+JCUpE4ZWHbyjHUrf1i9k=,s6eOuFkZyygcuzHi1NdSKsZir+w=
-7,28,Sfd2Gq+JCUpE4ZWHbyjHUrf1i9k=,tuA4OETCTinUrJjI0h32K2HDASw=
-6,29,Sfd2Gq+JCUpE4ZWHbyjHUrf1i9k=,iXmwJPn1Jnf6IZXd7hroG3L5DOY=
-16,22,Sfd2Gq+JCUpE4ZWHbyjHUrf1i9k=,s3FwpgdhyLDV5kfPYhiO9gL5/vE=
-9,28,Sfd2Gq+JCUpE4ZWHbyjHUrf1i9k=,0QFfPpZl+pdCYGViyKRBtpQMLmE=
-5,28,Sfd2Gq+JCUpE4ZWHbyjHUrf1i9k=,iXmwJPn1Jnf6IZXd7hroG3L5DOY=
-16,23,Sfd2Gq+JCUpE4ZWHbyjHUrf1i9k=,s3FwpgdhyLDV5kfPYhiO9gL5/vE=
-15,26,Sfd2Gq+JCUpE4ZWHbyjHUrf1i9k=,4s8KlrLXvzfQyVfIbOj7dP26pnk=
-14,25,Sfd2Gq+JCUpE4ZWHbyjHUrf1i9k=,QL09UHNNMWVWwm3EqOMAoGckh0E=
-14,26,Sfd2Gq+JCUpE4ZWHbyjHUrf1i9k=,5DecImG4b5R6sd3j6t37i+Yk83E=
-16,26,Sfd2Gq+JCUpE4ZWHbyjHUrf1i9k=,4s8KlrLXvzfQyVfIbOj7dP26pnk=
-6,28,Sfd2Gq+JCUpE4ZWHbyjHUrf1i9k=,iXmwJPn1Jnf6IZXd7hroG3L5DOY=
-16,21,Sfd2Gq+JCUpE4ZWHbyjHUrf1i9k=,8X57r2RxjjSHV+vVVVmpvFDJZmY=
-15,25,Sfd2Gq+JCUpE4ZWHbyjHUrf1i9k=,dSV+J/c33Z9NgPDsya7b1mXvdDg=
-16,25,Sfd2Gq+JCUpE4ZWHbyjHUrf1i9k=,dSV+J/c33Z9NgPDsya7b1mXvdDg=
-16,20,Sfd2Gq+JCUpE4ZWHbyjHUrf1i9k=,8X57r2RxjjSHV+vVVVmpvFDJZmY=
-16,24,Sfd2Gq+JCUpE4ZWHbyjHUrf1i9k=,dSV+J/c33Z9NgPDsya7b1mXvdDg=
-15,23,Sfd2Gq+JCUpE4ZWHbyjHUrf1i9k=,s3FwpgdhyLDV5kfPYhiO9gL5/vE=
-14,23,Sfd2Gq+JCUpE4ZWHbyjHUrf1i9k=,G07EZ6nchSVD4fpbsNNNEw5bW6k=
-15,24,Sfd2Gq+JCUpE4ZWHbyjHUrf1i9k=,dSV+J/c33Z9NgPDsya7b1mXvdDg=
-16,19,Sfd2Gq+JCUpE4ZWHbyjHUrf1i9k=,WG3y76qlzN9xbqtGkZMuVDtDZ1E=
-14,24,Sfd2Gq+JCUpE4ZWHbyjHUrf1i9k=,QL09UHNNMWVWwm3EqOMAoGckh0E=
-15,29,Sfd2Gq+JCUpE4ZWHbyjHUrf1i9k=,F7pLbALlzviJGbYOzRgYx6mGkSM=
-16,18,Sfd2Gq+JCUpE4ZWHbyjHUrf1i9k=,WG3y76qlzN9xbqtGkZMuVDtDZ1E=
-8,16,Sfd2Gq+JCUpE4ZWHbyjHUrf1i9k=,bHbsLdrHwfn/3C9o1zVrX7ISoWU=
-9,16,Sfd2Gq+JCUpE4ZWHbyjHUrf1i9k=,66AsXBeFirSCtvw18/1/8RWEFrg=
-14,16,Sfd2Gq+JCUpE4ZWHbyjHUrf1i9k=,X98ykGHbcthAMCeDlvEtcz0LFlo=
-12,29,Sfd2Gq+JCUpE4ZWHbyjHUrf1i9k=,1GvK1ZttboGade8fBxSwJgTe2eE=
-10,16,Sfd2Gq+JCUpE4ZWHbyjHUrf1i9k=,66AsXBeFirSCtvw18/1/8RWEFrg=
-14,29,Sfd2Gq+JCUpE4ZWHbyjHUrf1i9k=,+503Cn7W1Un8cBLtLhWVZD0ygl4=
-16,16,Sfd2Gq+JCUpE4ZWHbyjHUrf1i9k=,d1uhZfGs67UtFzIwkVTN76d9pgw=
-6,16,Sfd2Gq+JCUpE4ZWHbyjHUrf1i9k=,A3OytkksRw7O8zP7le+3bK3Wdfo=
-7,16,Sfd2Gq+JCUpE4ZWHbyjHUrf1i9k=,bHbsLdrHwfn/3C9o1zVrX7ISoWU=
-16,17,Sfd2Gq+JCUpE4ZWHbyjHUrf1i9k=,d1uhZfGs67UtFzIwkVTN76d9pgw=
-2,16,Sfd2Gq+JCUpE4ZWHbyjHUrf1i9k=,CPaqckInY1HfP0BggXR8Wp116Y4=
-4,16,Sfd2Gq+JCUpE4ZWHbyjHUrf1i9k=,9m+Jtrjj/EAXD9wE2AQrdneL58M=
-5,16,Sfd2Gq+JCUpE4ZWHbyjHUrf1i9k=,A3OytkksRw7O8zP7le+3bK3Wdfo=
-3,16,Sfd2Gq+JCUpE4ZWHbyjHUrf1i9k=,9m+Jtrjj/EAXD9wE2AQrdneL58M=
-15,16,Sfd2Gq+JCUpE4ZWHbyjHUrf1i9k=,d1uhZfGs67UtFzIwkVTN76d9pgw=
-1,16,Sfd2Gq+JCUpE4ZWHbyjHUrf1i9k=,CPaqckInY1HfP0BggXR8Wp116Y4=
-13,29,Sfd2Gq+JCUpE4ZWHbyjHUrf1i9k=,+503Cn7W1Un8cBLtLhWVZD0ygl4=
-13,16,Sfd2Gq+JCUpE4ZWHbyjHUrf1i9k=,X98ykGHbcthAMCeDlvEtcz0LFlo=
-12,16,Sfd2Gq+JCUpE4ZWHbyjHUrf1i9k=,g/kasVVRCLZdKS4pmlNVr+cBEM0=
-11,16,Sfd2Gq+JCUpE4ZWHbyjHUrf1i9k=,g/kasVVRCLZdKS4pmlNVr+cBEM0=
-2,1,T8NrNGh87yP9xvvtagPC6HULstw=,oh57BkWKgE3RI0E+gVm+LnbSW2A=
-2,2,Sfd2Gq+JCUpE4ZWHbyjHUrf1i9k=,8wK27bQ1wuejfIw71jTMAfw3QGE=
-3,1,Sfd2Gq+JCUpE4ZWHbyjHUrf1i9k=,ud5xdefQEZxZ/myEWG0OEKO6NLE=
-3,2,Sfd2Gq+JCUpE4ZWHbyjHUrf1i9k=,nSVr4tMPUkN5WBJQakFNer05DLU=
-6,3,Sfd2Gq+JCUpE4ZWHbyjHUrf1i9k=,M4+ppLswrRco98YldtesUhnS3CE=
-7,4,Sfd2Gq+JCUpE4ZWHbyjHUrf1i9k=,K0y03Zkzj8VTgoJztAnuzSGBr+A=
-7,3,Sfd2Gq+JCUpE4ZWHbyjHUrf1i9k=,SD4HigS3dIRMsIwe3XRXMHBKeXM=
-6,4,Sfd2Gq+JCUpE4ZWHbyjHUrf1i9k=,fW6dM43hsgt3tCrNQIVqVNsLxFM=
-5,6,8OL7TBlQaNQE0Uz6HQKz1v9pAr8=,xAHYjf7mgR9KId09/pVvlvXFz8I=
-5,5,8OL7TBlQaNQE0Uz6HQKz1v9pAr8=,fW6dM43hsgt3tCrNQIVqVNsLxFM=
-4,6,8OL7TBlQaNQE0Uz6HQKz1v9pAr8=,pCG6wZ69Yo2XMTqF32BNGJq7Aqo=
-5,4,8OL7TBlQaNQE0Uz6HQKz1v9pAr8=,fW6dM43hsgt3tCrNQIVqVNsLxFM=
-5,3,8OL7TBlQaNQE0Uz6HQKz1v9pAr8=,M4+ppLswrRco98YldtesUhnS3CE=
-4,5,8OL7TBlQaNQE0Uz6HQKz1v9pAr8=,kaCA22IG2cn/5MsWM/3DaHrLVOM=
-4,3,8OL7TBlQaNQE0Uz6HQKz1v9pAr8=,nSVr4tMPUkN5WBJQakFNer05DLU=
-4,4,8OL7TBlQaNQE0Uz6HQKz1v9pAr8=,kaCA22IG2cn/5MsWM/3DaHrLVOM=
-3,3,8OL7TBlQaNQE0Uz6HQKz1v9pAr8=,nSVr4tMPUkN5WBJQakFNer05DLU=
-2,3,8OL7TBlQaNQE0Uz6HQKz1v9pAr8=,8wK27bQ1wuejfIw71jTMAfw3QGE=
-2,4,8OL7TBlQaNQE0Uz6HQKz1v9pAr8=,kVvmFC9h3KdKbTnEqF17jDLjKuo=
-3,4,8OL7TBlQaNQE0Uz6HQKz1v9pAr8=,kaCA22IG2cn/5MsWM/3DaHrLVOM=
-3,5,8OL7TBlQaNQE0Uz6HQKz1v9pAr8=,kaCA22IG2cn/5MsWM/3DaHrLVOM=
-2,6,8OL7TBlQaNQE0Uz6HQKz1v9pAr8=,ax1U0kZMFQDednsKt+NuByBbZNI=
-3,6,MSLswN9HHC1UP8xMdPj6xiyWEE4=,pCG6wZ69Yo2XMTqF32BNGJq7Aqo=
-5,7,MSLswN9HHC1UP8xMdPj6xiyWEE4=,xAHYjf7mgR9KId09/pVvlvXFz8I=
-2,5,MSLswN9HHC1UP8xMdPj6xiyWEE4=,kVvmFC9h3KdKbTnEqF17jDLjKuo=
-4,7,MSLswN9HHC1UP8xMdPj6xiyWEE4=,pCG6wZ69Yo2XMTqF32BNGJq7Aqo=
-4,8,MSLswN9HHC1UP8xMdPj6xiyWEE4=,hBLUaiYp1z360Zpu5N/8IiASKRI=
-5,8,MSLswN9HHC1UP8xMdPj6xiyWEE4=,QFGeQUH7Ja5ar+COzR5rX9iWcWM=
-3,8,MSLswN9HHC1UP8xMdPj6xiyWEE4=,hBLUaiYp1z360Zpu5N/8IiASKRI=
-3,7,MSLswN9HHC1UP8xMdPj6xiyWEE4=,pCG6wZ69Yo2XMTqF32BNGJq7Aqo=
-2,8,MSLswN9HHC1UP8xMdPj6xiyWEE4=,E1KvtBEzL0zAq/Mhf0Ls9EGy5SM=
-2,7,MSLswN9HHC1UP8xMdPj6xiyWEE4=,ax1U0kZMFQDednsKt+NuByBbZNI=
-9,7,MSLswN9HHC1UP8xMdPj6xiyWEE4=,2HlQ/MAcuYJsuFyBxcjIY26def4=
-9,8,MSLswN9HHC1UP8xMdPj6xiyWEE4=,uRad0v2+WNUjA4QiKgN9K2O2Sgw=
-7,7,MSLswN9HHC1UP8xMdPj6xiyWEE4=,oj+hAJhldgiKMNPqLC2g9E6eGyg=
-6,8,MSLswN9HHC1UP8xMdPj6xiyWEE4=,QFGeQUH7Ja5ar+COzR5rX9iWcWM=
-6,6,MSLswN9HHC1UP8xMdPj6xiyWEE4=,xAHYjf7mgR9KId09/pVvlvXFz8I=
-6,7,MSLswN9HHC1UP8xMdPj6xiyWEE4=,xAHYjf7mgR9KId09/pVvlvXFz8I=
-8,8,MSLswN9HHC1UP8xMdPj6xiyWEE4=,JHp4zA21MlzV2B4jD9BEhd8IFMQ=
-7,6,MSLswN9HHC1UP8xMdPj6xiyWEE4=,oj+hAJhldgiKMNPqLC2g9E6eGyg=
-6,5,MSLswN9HHC1UP8xMdPj6xiyWEE4=,fW6dM43hsgt3tCrNQIVqVNsLxFM=
-7,8,MSLswN9HHC1UP8xMdPj6xiyWEE4=,JHp4zA21MlzV2B4jD9BEhd8IFMQ=
-7,5,MSLswN9HHC1UP8xMdPj6xiyWEE4=,K0y03Zkzj8VTgoJztAnuzSGBr+A=
-8,7,QFH6kWmALYnXf4uDS9uv6v3B3JQ=,oj+hAJhldgiKMNPqLC2g9E6eGyg=
-9,5,QFH6kWmALYnXf4uDS9uv6v3B3JQ=,KZdQU8kwbWzLJ1fqXO5ipid8MxE=
-9,6,QFH6kWmALYnXf4uDS9uv6v3B3JQ=,2HlQ/MAcuYJsuFyBxcjIY26def4=
-10,5,QFH6kWmALYnXf4uDS9uv6v3B3JQ=,KZdQU8kwbWzLJ1fqXO5ipid8MxE=
-8,5,QFH6kWmALYnXf4uDS9uv6v3B3JQ=,K0y03Zkzj8VTgoJztAnuzSGBr+A=
-10,6,QFH6kWmALYnXf4uDS9uv6v3B3JQ=,2HlQ/MAcuYJsuFyBxcjIY26def4=
-8,6,QFH6kWmALYnXf4uDS9uv6v3B3JQ=,oj+hAJhldgiKMNPqLC2g9E6eGyg=
-11,5,QFH6kWmALYnXf4uDS9uv6v3B3JQ=,5U0hpVkKeFDt62W7j+tDKs18yds=
-11,6,QFH6kWmALYnXf4uDS9uv6v3B3JQ=,NAJHFXQb5nxQLfJmlDvlSluKQr4=
-13,5,QFH6kWmALYnXf4uDS9uv6v3B3JQ=,mTXEvfxI5U1e8sVLfyjqiKSVU2E=
-13,6,QFH6kWmALYnXf4uDS9uv6v3B3JQ=,OnmrLEzevL9503WOFQX8hg6XP+s=
-12,5,QFH6kWmALYnXf4uDS9uv6v3B3JQ=,5U0hpVkKeFDt62W7j+tDKs18yds=
-12,6,QFH6kWmALYnXf4uDS9uv6v3B3JQ=,NAJHFXQb5nxQLfJmlDvlSluKQr4=
-13,3,QFH6kWmALYnXf4uDS9uv6v3B3JQ=,VALHNk5n/SDQD2Vd2p8xr3QlGZU=
-12,3,QFH6kWmALYnXf4uDS9uv6v3B3JQ=,tIPukDN5A7qtT60OtaL2L8fi6vM=
-13,4,QFH6kWmALYnXf4uDS9uv6v3B3JQ=,mTXEvfxI5U1e8sVLfyjqiKSVU2E=
-12,4,QFH6kWmALYnXf4uDS9uv6v3B3JQ=,5U0hpVkKeFDt62W7j+tDKs18yds=
-14,3,QFH6kWmALYnXf4uDS9uv6v3B3JQ=,VALHNk5n/SDQD2Vd2p8xr3QlGZU=
-14,4,QFH6kWmALYnXf4uDS9uv6v3B3JQ=,mTXEvfxI5U1e8sVLfyjqiKSVU2E=
-15,3,QFH6kWmALYnXf4uDS9uv6v3B3JQ=,iWv84h/XGu2nZRJftZDQS6WInY0=
-15,4,QFH6kWmALYnXf4uDS9uv6v3B3JQ=,iAn2gzL1Rd3lhI8MTcSocJhTNY8=
-10,4,QFH6kWmALYnXf4uDS9uv6v3B3JQ=,KZdQU8kwbWzLJ1fqXO5ipid8MxE=
-12,1,QFH6kWmALYnXf4uDS9uv6v3B3JQ=,hTBrO+NuRzn7HMDCNVL4lqXhm9c=
-9,4,QFH6kWmALYnXf4uDS9uv6v3B3JQ=,KZdQU8kwbWzLJ1fqXO5ipid8MxE=
-13,1,QFH6kWmALYnXf4uDS9uv6v3B3JQ=,UsaG7oyQNhdeABW6o0SzANjd2gM=
-11,4,QFH6kWmALYnXf4uDS9uv6v3B3JQ=,5U0hpVkKeFDt62W7j+tDKs18yds=
-13,2,QFH6kWmALYnXf4uDS9uv6v3B3JQ=,VALHNk5n/SDQD2Vd2p8xr3QlGZU=
-12,2,QFH6kWmALYnXf4uDS9uv6v3B3JQ=,tIPukDN5A7qtT60OtaL2L8fi6vM=
-10,3,QFH6kWmALYnXf4uDS9uv6v3B3JQ=,7JFSwVNuV0CpfdcpjILmE7yA3xk=
-11,3,QFH6kWmALYnXf4uDS9uv6v3B3JQ=,tIPukDN5A7qtT60OtaL2L8fi6vM=
-8,3,QFH6kWmALYnXf4uDS9uv6v3B3JQ=,SD4HigS3dIRMsIwe3XRXMHBKeXM=
-9,3,QFH6kWmALYnXf4uDS9uv6v3B3JQ=,7JFSwVNuV0CpfdcpjILmE7yA3xk=
-11,1,QFH6kWmALYnXf4uDS9uv6v3B3JQ=,hTBrO+NuRzn7HMDCNVL4lqXhm9c=
-8,4,QFH6kWmALYnXf4uDS9uv6v3B3JQ=,K0y03Zkzj8VTgoJztAnuzSGBr+A=
-11,2,3n9tFWH4Fx2G4FloMsPxU+U7/Es=,tIPukDN5A7qtT60OtaL2L8fi6vM=
-10,2,3n9tFWH4Fx2G4FloMsPxU+U7/Es=,7JFSwVNuV0CpfdcpjILmE7yA3xk=
-10,1,3n9tFWH4Fx2G4FloMsPxU+U7/Es=,ljzQENLR1TI2aCIRaYvLQCRHouk=
-14,2,3n9tFWH4Fx2G4FloMsPxU+U7/Es=,VALHNk5n/SDQD2Vd2p8xr3QlGZU=
-14,1,3n9tFWH4Fx2G4FloMsPxU+U7/Es=,UsaG7oyQNhdeABW6o0SzANjd2gM=
-15,1,3n9tFWH4Fx2G4FloMsPxU+U7/Es=,24e4KyB2KqXqjo8fTe0sgRUa6Z8=
-15,2,3n9tFWH4Fx2G4FloMsPxU+U7/Es=,iWv84h/XGu2nZRJftZDQS6WInY0=
-15,0,3n9tFWH4Fx2G4FloMsPxU+U7/Es=,24e4KyB2KqXqjo8fTe0sgRUa6Z8=
-14,0,3n9tFWH4Fx2G4FloMsPxU+U7/Es=,UsaG7oyQNhdeABW6o0SzANjd2gM=
-11,0,PMgxvkAe+pTJPP/xfl0BHnOvG/8=,hTBrO+NuRzn7HMDCNVL4lqXhm9c=
-12,0,PMgxvkAe+pTJPP/xfl0BHnOvG/8=,hTBrO+NuRzn7HMDCNVL4lqXhm9c=
-10,0,PMgxvkAe+pTJPP/xfl0BHnOvG/8=,ljzQENLR1TI2aCIRaYvLQCRHouk=
-13,0,PMgxvkAe+pTJPP/xfl0BHnOvG/8=,UsaG7oyQNhdeABW6o0SzANjd2gM=
-2,0,T8NrNGh87yP9xvvtagPC6HULstw=,oh57BkWKgE3RI0E+gVm+LnbSW2A=
-3,0,PMgxvkAe+pTJPP/xfl0BHnOvG/8=,ud5xdefQEZxZ/myEWG0OEKO6NLE=
-1,1,T8NrNGh87yP9xvvtagPC6HULstw=,oh57BkWKgE3RI0E+gVm+LnbSW2A=
-1,2,PMgxvkAe+pTJPP/xfl0BHnOvG/8=,8wK27bQ1wuejfIw71jTMAfw3QGE=
-1,3,PMgxvkAe+pTJPP/xfl0BHnOvG/8=,8wK27bQ1wuejfIw71jTMAfw3QGE=
-1,4,PMgxvkAe+pTJPP/xfl0BHnOvG/8=,kVvmFC9h3KdKbTnEqF17jDLjKuo=
-1,5,PMgxvkAe+pTJPP/xfl0BHnOvG/8=,kVvmFC9h3KdKbTnEqF17jDLjKuo=
-1,8,PMgxvkAe+pTJPP/xfl0BHnOvG/8=,E1KvtBEzL0zAq/Mhf0Ls9EGy5SM=
-1,7,PMgxvkAe+pTJPP/xfl0BHnOvG/8=,ax1U0kZMFQDednsKt+NuByBbZNI=
-1,6,PMgxvkAe+pTJPP/xfl0BHnOvG/8=,ax1U0kZMFQDednsKt+NuByBbZNI=
-9,2,PMgxvkAe+pTJPP/xfl0BHnOvG/8=,7JFSwVNuV0CpfdcpjILmE7yA3xk=
-9,0,PMgxvkAe+pTJPP/xfl0BHnOvG/8=,ljzQENLR1TI2aCIRaYvLQCRHouk=
-8,1,PMgxvkAe+pTJPP/xfl0BHnOvG/8=,hsBe2IzS7t3nGIbnjDuaaO6Mq1g=
-9,1,PMgxvkAe+pTJPP/xfl0BHnOvG/8=,ljzQENLR1TI2aCIRaYvLQCRHouk=
-8,2,PMgxvkAe+pTJPP/xfl0BHnOvG/8=,SD4HigS3dIRMsIwe3XRXMHBKeXM=
-4,0,PMgxvkAe+pTJPP/xfl0BHnOvG/8=,ud5xdefQEZxZ/myEWG0OEKO6NLE=
-8,0,PMgxvkAe+pTJPP/xfl0BHnOvG/8=,hsBe2IzS7t3nGIbnjDuaaO6Mq1g=
-4,1,PMgxvkAe+pTJPP/xfl0BHnOvG/8=,ud5xdefQEZxZ/myEWG0OEKO6NLE=
-5,0,PMgxvkAe+pTJPP/xfl0BHnOvG/8=,0lAreJMexE6X5RqfOAp9Yd8Vo2Q=
-5,1,PMgxvkAe+pTJPP/xfl0BHnOvG/8=,0lAreJMexE6X5RqfOAp9Yd8Vo2Q=
-7,2,PMgxvkAe+pTJPP/xfl0BHnOvG/8=,SD4HigS3dIRMsIwe3XRXMHBKeXM=
-7,1,PMgxvkAe+pTJPP/xfl0BHnOvG/8=,hsBe2IzS7t3nGIbnjDuaaO6Mq1g=
-7,0,PMgxvkAe+pTJPP/xfl0BHnOvG/8=,hsBe2IzS7t3nGIbnjDuaaO6Mq1g=
-5,2,PMgxvkAe+pTJPP/xfl0BHnOvG/8=,M4+ppLswrRco98YldtesUhnS3CE=
-6,2,PMgxvkAe+pTJPP/xfl0BHnOvG/8=,M4+ppLswrRco98YldtesUhnS3CE=
-6,1,PMgxvkAe+pTJPP/xfl0BHnOvG/8=,0lAreJMexE6X5RqfOAp9Yd8Vo2Q=
-4,2,PMgxvkAe+pTJPP/xfl0BHnOvG/8=,nSVr4tMPUkN5WBJQakFNer05DLU=
-6,0,PMgxvkAe+pTJPP/xfl0BHnOvG/8=,0lAreJMexE6X5RqfOAp9Yd8Vo2Q=
-3,9,PMgxvkAe+pTJPP/xfl0BHnOvG/8=,hBLUaiYp1z360Zpu5N/8IiASKRI=
-2,9,PMgxvkAe+pTJPP/xfl0BHnOvG/8=,E1KvtBEzL0zAq/Mhf0Ls9EGy5SM=
-2,10,PMgxvkAe+pTJPP/xfl0BHnOvG/8=,zJjRDYwvsyQ9wXw5Y66JqXi2GqE=
-3,10,PMgxvkAe+pTJPP/xfl0BHnOvG/8=,g3Xo/ajCpb3dEdtRd718LSp5fnw=
-2,12,PMgxvkAe+pTJPP/xfl0BHnOvG/8=,XH5Ycpik9YshPp5tFS2FI49g+WE=
-3,12,PMgxvkAe+pTJPP/xfl0BHnOvG/8=,uEQQKt0yfnSZt0BiQCzRAH48ayw=
-2,11,PMgxvkAe+pTJPP/xfl0BHnOvG/8=,zJjRDYwvsyQ9wXw5Y66JqXi2GqE=
-3,11,PMgxvkAe+pTJPP/xfl0BHnOvG/8=,g3Xo/ajCpb3dEdtRd718LSp5fnw=
-2,14,T8NrNGh87yP9xvvtagPC6HULstw=,g2tEsXt4jPTmFJWMuny73ykLFew=
-3,14,PMgxvkAe+pTJPP/xfl0BHnOvG/8=,KD9wvGhW7GJ17loN+WEywFIW3YA=
-2,13,PMgxvkAe+pTJPP/xfl0BHnOvG/8=,XH5Ycpik9YshPp5tFS2FI49g+WE=
-3,13,PMgxvkAe+pTJPP/xfl0BHnOvG/8=,uEQQKt0yfnSZt0BiQCzRAH48ayw=
-5,14,PMgxvkAe+pTJPP/xfl0BHnOvG/8=,Nf2ssCZm2D1p8AF+22aBdYSfry0=
-5,13,PMgxvkAe+pTJPP/xfl0BHnOvG/8=,pel655GGMYnjZY6tRBjLKZpK/74=
-4,13,PMgxvkAe+pTJPP/xfl0BHnOvG/8=,uEQQKt0yfnSZt0BiQCzRAH48ayw=
-4,14,PMgxvkAe+pTJPP/xfl0BHnOvG/8=,KD9wvGhW7GJ17loN+WEywFIW3YA=
-8,14,PMgxvkAe+pTJPP/xfl0BHnOvG/8=,HfW6qJilo3hRlNU7aXKB1Xc5jYY=
-7,14,PMgxvkAe+pTJPP/xfl0BHnOvG/8=,HfW6qJilo3hRlNU7aXKB1Xc5jYY=
-6,14,PMgxvkAe+pTJPP/xfl0BHnOvG/8=,Nf2ssCZm2D1p8AF+22aBdYSfry0=
-9,14,PMgxvkAe+pTJPP/xfl0BHnOvG/8=,2XFCpw3Che6JZSZ7R/BAwHj13eE=
-7,13,PMgxvkAe+pTJPP/xfl0BHnOvG/8=,XPOV2s6EryAg+2NnyPpSMw0ql5Y=
-9,13,PMgxvkAe+pTJPP/xfl0BHnOvG/8=,dZiBohF37C0gJy9GGScY8vuucgI=
-8,13,PMgxvkAe+pTJPP/xfl0BHnOvG/8=,XPOV2s6EryAg+2NnyPpSMw0ql5Y=
-6,13,PMgxvkAe+pTJPP/xfl0BHnOvG/8=,pel655GGMYnjZY6tRBjLKZpK/74=
-8,9,PMgxvkAe+pTJPP/xfl0BHnOvG/8=,JHp4zA21MlzV2B4jD9BEhd8IFMQ=
-9,11,PMgxvkAe+pTJPP/xfl0BHnOvG/8=,p1fakLjWbbsRrf0bI0r2aozzZrs=
-9,10,PMgxvkAe+pTJPP/xfl0BHnOvG/8=,p1fakLjWbbsRrf0bI0r2aozzZrs=
-9,9,PMgxvkAe+pTJPP/xfl0BHnOvG/8=,uRad0v2+WNUjA4QiKgN9K2O2Sgw=
-10,8,PMgxvkAe+pTJPP/xfl0BHnOvG/8=,uRad0v2+WNUjA4QiKgN9K2O2Sgw=
-8,10,PMgxvkAe+pTJPP/xfl0BHnOvG/8=,xKEMJvxlpGVVB5kq1qBP25RWX/o=
-10,7,PMgxvkAe+pTJPP/xfl0BHnOvG/8=,2HlQ/MAcuYJsuFyBxcjIY26def4=
-11,8,PMgxvkAe+pTJPP/xfl0BHnOvG/8=,ymxfL1KYxtgQxln+VMjbdRKxGEo=
-9,12,PMgxvkAe+pTJPP/xfl0BHnOvG/8=,dZiBohF37C0gJy9GGScY8vuucgI=
-8,12,PMgxvkAe+pTJPP/xfl0BHnOvG/8=,XPOV2s6EryAg+2NnyPpSMw0ql5Y=
-8,11,PMgxvkAe+pTJPP/xfl0BHnOvG/8=,xKEMJvxlpGVVB5kq1qBP25RWX/o=
-11,7,PMgxvkAe+pTJPP/xfl0BHnOvG/8=,NAJHFXQb5nxQLfJmlDvlSluKQr4=
-10,9,PMgxvkAe+pTJPP/xfl0BHnOvG/8=,uRad0v2+WNUjA4QiKgN9K2O2Sgw=
-10,10,PMgxvkAe+pTJPP/xfl0BHnOvG/8=,p1fakLjWbbsRrf0bI0r2aozzZrs=
-11,9,PMgxvkAe+pTJPP/xfl0BHnOvG/8=,ymxfL1KYxtgQxln+VMjbdRKxGEo=
-11,10,PMgxvkAe+pTJPP/xfl0BHnOvG/8=,8BEBbMjOB9f2WKkqZdjKZ9sTp/s=
-13,8,PMgxvkAe+pTJPP/xfl0BHnOvG/8=,ReQAPkzizqb45bJTvR0brYl6e9w=
-13,9,PMgxvkAe+pTJPP/xfl0BHnOvG/8=,ReQAPkzizqb45bJTvR0brYl6e9w=
-13,7,PMgxvkAe+pTJPP/xfl0BHnOvG/8=,OnmrLEzevL9503WOFQX8hg6XP+s=
-12,8,PMgxvkAe+pTJPP/xfl0BHnOvG/8=,ymxfL1KYxtgQxln+VMjbdRKxGEo=
-12,9,PMgxvkAe+pTJPP/xfl0BHnOvG/8=,ymxfL1KYxtgQxln+VMjbdRKxGEo=
-12,10,PMgxvkAe+pTJPP/xfl0BHnOvG/8=,8BEBbMjOB9f2WKkqZdjKZ9sTp/s=
-13,10,PMgxvkAe+pTJPP/xfl0BHnOvG/8=,fbQjKtYQBZQKR/awyYTDbcNm+xo=
-12,7,PMgxvkAe+pTJPP/xfl0BHnOvG/8=,NAJHFXQb5nxQLfJmlDvlSluKQr4=
-14,9,PMgxvkAe+pTJPP/xfl0BHnOvG/8=,ReQAPkzizqb45bJTvR0brYl6e9w=
-15,10,PMgxvkAe+pTJPP/xfl0BHnOvG/8=,uXz6cOWF2lhPqRaffabmjKJOjGo=
-15,9,PMgxvkAe+pTJPP/xfl0BHnOvG/8=,vDjYbrLXAG+1xnbxMHw35NEQsHs=
-14,10,PMgxvkAe+pTJPP/xfl0BHnOvG/8=,fbQjKtYQBZQKR/awyYTDbcNm+xo=
-15,11,PMgxvkAe+pTJPP/xfl0BHnOvG/8=,uXz6cOWF2lhPqRaffabmjKJOjGo=
-15,12,PMgxvkAe+pTJPP/xfl0BHnOvG/8=,DqtDibep31othGmnJm1Rl7GZlAk=
-14,12,PMgxvkAe+pTJPP/xfl0BHnOvG/8=,axzPQUm9OhEeLgyL9OcEJeq1I8A=
-14,11,PMgxvkAe+pTJPP/xfl0BHnOvG/8=,fbQjKtYQBZQKR/awyYTDbcNm+xo=
-10,11,PMgxvkAe+pTJPP/xfl0BHnOvG/8=,p1fakLjWbbsRrf0bI0r2aozzZrs=
-10,12,PMgxvkAe+pTJPP/xfl0BHnOvG/8=,dZiBohF37C0gJy9GGScY8vuucgI=
-11,11,PMgxvkAe+pTJPP/xfl0BHnOvG/8=,8BEBbMjOB9f2WKkqZdjKZ9sTp/s=
-13,11,PMgxvkAe+pTJPP/xfl0BHnOvG/8=,fbQjKtYQBZQKR/awyYTDbcNm+xo=
-12,12,PMgxvkAe+pTJPP/xfl0BHnOvG/8=,//dHoTiO2lGEy89RyB4LzO6Lsms=
-12,11,PMgxvkAe+pTJPP/xfl0BHnOvG/8=,8BEBbMjOB9f2WKkqZdjKZ9sTp/s=
-13,12,PMgxvkAe+pTJPP/xfl0BHnOvG/8=,axzPQUm9OhEeLgyL9OcEJeq1I8A=
-11,12,PMgxvkAe+pTJPP/xfl0BHnOvG/8=,//dHoTiO2lGEy89RyB4LzO6Lsms=
-11,13,PMgxvkAe+pTJPP/xfl0BHnOvG/8=,//dHoTiO2lGEy89RyB4LzO6Lsms=
-10,13,PMgxvkAe+pTJPP/xfl0BHnOvG/8=,dZiBohF37C0gJy9GGScY8vuucgI=
-11,14,PMgxvkAe+pTJPP/xfl0BHnOvG/8=,oOOKz1B+RMaB1XDcvOQg4Uqvw6g=
-10,15,PMgxvkAe+pTJPP/xfl0BHnOvG/8=,2XFCpw3Che6JZSZ7R/BAwHj13eE=
-8,15,PMgxvkAe+pTJPP/xfl0BHnOvG/8=,HfW6qJilo3hRlNU7aXKB1Xc5jYY=
-10,14,PMgxvkAe+pTJPP/xfl0BHnOvG/8=,2XFCpw3Che6JZSZ7R/BAwHj13eE=
-7,15,PMgxvkAe+pTJPP/xfl0BHnOvG/8=,HfW6qJilo3hRlNU7aXKB1Xc5jYY=
-11,15,PMgxvkAe+pTJPP/xfl0BHnOvG/8=,oOOKz1B+RMaB1XDcvOQg4Uqvw6g=
-6,15,PMgxvkAe+pTJPP/xfl0BHnOvG/8=,Nf2ssCZm2D1p8AF+22aBdYSfry0=
-2,15,T8NrNGh87yP9xvvtagPC6HULstw=,g2tEsXt4jPTmFJWMuny73ykLFew=
-9,15,PMgxvkAe+pTJPP/xfl0BHnOvG/8=,2XFCpw3Che6JZSZ7R/BAwHj13eE=
-5,15,PMgxvkAe+pTJPP/xfl0BHnOvG/8=,Nf2ssCZm2D1p8AF+22aBdYSfry0=
-3,15,PMgxvkAe+pTJPP/xfl0BHnOvG/8=,KD9wvGhW7GJ17loN+WEywFIW3YA=
-16,11,PMgxvkAe+pTJPP/xfl0BHnOvG/8=,uXz6cOWF2lhPqRaffabmjKJOjGo=
-4,15,PMgxvkAe+pTJPP/xfl0BHnOvG/8=,KD9wvGhW7GJ17loN+WEywFIW3YA=
-16,12,PMgxvkAe+pTJPP/xfl0BHnOvG/8=,DqtDibep31othGmnJm1Rl7GZlAk=
-16,9,PMgxvkAe+pTJPP/xfl0BHnOvG/8=,vDjYbrLXAG+1xnbxMHw35NEQsHs=
-16,10,PMgxvkAe+pTJPP/xfl0BHnOvG/8=,uXz6cOWF2lhPqRaffabmjKJOjGo=
-16,14,PMgxvkAe+pTJPP/xfl0BHnOvG/8=,LMRV5MafCzSdb3gzPPq557IpeDs=
-16,1,PMgxvkAe+pTJPP/xfl0BHnOvG/8=,24e4KyB2KqXqjo8fTe0sgRUa6Z8=
-16,3,PMgxvkAe+pTJPP/xfl0BHnOvG/8=,iWv84h/XGu2nZRJftZDQS6WInY0=
-16,13,PMgxvkAe+pTJPP/xfl0BHnOvG/8=,DqtDibep31othGmnJm1Rl7GZlAk=
-16,4,PMgxvkAe+pTJPP/xfl0BHnOvG/8=,iAn2gzL1Rd3lhI8MTcSocJhTNY8=
-16,2,PMgxvkAe+pTJPP/xfl0BHnOvG/8=,iWv84h/XGu2nZRJftZDQS6WInY0=
-16,0,PMgxvkAe+pTJPP/xfl0BHnOvG/8=,24e4KyB2KqXqjo8fTe0sgRUa6Z8=
-12,15,PMgxvkAe+pTJPP/xfl0BHnOvG/8=,oOOKz1B+RMaB1XDcvOQg4Uqvw6g=
-14,15,PMgxvkAe+pTJPP/xfl0BHnOvG/8=,028OdANOP46MuxOEvcin9vFPqM4=
-12,14,PMgxvkAe+pTJPP/xfl0BHnOvG/8=,oOOKz1B+RMaB1XDcvOQg4Uqvw6g=
-13,13,PMgxvkAe+pTJPP/xfl0BHnOvG/8=,axzPQUm9OhEeLgyL9OcEJeq1I8A=
-12,13,PMgxvkAe+pTJPP/xfl0BHnOvG/8=,//dHoTiO2lGEy89RyB4LzO6Lsms=
-15,14,PMgxvkAe+pTJPP/xfl0BHnOvG/8=,LMRV5MafCzSdb3gzPPq557IpeDs=
-13,14,PMgxvkAe+pTJPP/xfl0BHnOvG/8=,028OdANOP46MuxOEvcin9vFPqM4=
-1,14,T8NrNGh87yP9xvvtagPC6HULstw=,g2tEsXt4jPTmFJWMuny73ykLFew=
-1,13,PMgxvkAe+pTJPP/xfl0BHnOvG/8=,XH5Ycpik9YshPp5tFS2FI49g+WE=
-14,14,PMgxvkAe+pTJPP/xfl0BHnOvG/8=,028OdANOP46MuxOEvcin9vFPqM4=
-14,13,PMgxvkAe+pTJPP/xfl0BHnOvG/8=,axzPQUm9OhEeLgyL9OcEJeq1I8A=
-15,13,PMgxvkAe+pTJPP/xfl0BHnOvG/8=,DqtDibep31othGmnJm1Rl7GZlAk=
-13,15,PMgxvkAe+pTJPP/xfl0BHnOvG/8=,028OdANOP46MuxOEvcin9vFPqM4=
-1,15,T8NrNGh87yP9xvvtagPC6HULstw=,g2tEsXt4jPTmFJWMuny73ykLFew=
-15,15,PMgxvkAe+pTJPP/xfl0BHnOvG/8=,LMRV5MafCzSdb3gzPPq557IpeDs=
-1,0,T8NrNGh87yP9xvvtagPC6HULstw=,oh57BkWKgE3RI0E+gVm+LnbSW2A=
-1,12,PMgxvkAe+pTJPP/xfl0BHnOvG/8=,XH5Ycpik9YshPp5tFS2FI49g+WE=
-16,15,PMgxvkAe+pTJPP/xfl0BHnOvG/8=,LMRV5MafCzSdb3gzPPq557IpeDs=
-1,10,PMgxvkAe+pTJPP/xfl0BHnOvG/8=,zJjRDYwvsyQ9wXw5Y66JqXi2GqE=
-1,9,PMgxvkAe+pTJPP/xfl0BHnOvG/8=,E1KvtBEzL0zAq/Mhf0Ls9EGy5SM=
-1,11,PMgxvkAe+pTJPP/xfl0BHnOvG/8=,zJjRDYwvsyQ9wXw5Y66JqXi2GqE=
-14,5,PMgxvkAe+pTJPP/xfl0BHnOvG/8=,mTXEvfxI5U1e8sVLfyjqiKSVU2E=
-14,8,PMgxvkAe+pTJPP/xfl0BHnOvG/8=,ReQAPkzizqb45bJTvR0brYl6e9w=
-16,5,PMgxvkAe+pTJPP/xfl0BHnOvG/8=,iAn2gzL1Rd3lhI8MTcSocJhTNY8=
-14,6,PMgxvkAe+pTJPP/xfl0BHnOvG/8=,OnmrLEzevL9503WOFQX8hg6XP+s=
-15,5,PMgxvkAe+pTJPP/xfl0BHnOvG/8=,iAn2gzL1Rd3lhI8MTcSocJhTNY8=
-15,8,PMgxvkAe+pTJPP/xfl0BHnOvG/8=,vDjYbrLXAG+1xnbxMHw35NEQsHs=
-14,7,PMgxvkAe+pTJPP/xfl0BHnOvG/8=,OnmrLEzevL9503WOFQX8hg6XP+s=
-16,8,PMgxvkAe+pTJPP/xfl0BHnOvG/8=,vDjYbrLXAG+1xnbxMHw35NEQsHs=
-15,7,PMgxvkAe+pTJPP/xfl0BHnOvG/8=,T3kvoF08dHrtAWhPWTkwfod9roI=
-16,7,PMgxvkAe+pTJPP/xfl0BHnOvG/8=,T3kvoF08dHrtAWhPWTkwfod9roI=
-15,6,PMgxvkAe+pTJPP/xfl0BHnOvG/8=,T3kvoF08dHrtAWhPWTkwfod9roI=
-6,9,PMgxvkAe+pTJPP/xfl0BHnOvG/8=,QFGeQUH7Ja5ar+COzR5rX9iWcWM=
-7,11,PMgxvkAe+pTJPP/xfl0BHnOvG/8=,xKEMJvxlpGVVB5kq1qBP25RWX/o=
-5,12,PMgxvkAe+pTJPP/xfl0BHnOvG/8=,pel655GGMYnjZY6tRBjLKZpK/74=
-6,12,PMgxvkAe+pTJPP/xfl0BHnOvG/8=,pel655GGMYnjZY6tRBjLKZpK/74=
-7,9,PMgxvkAe+pTJPP/xfl0BHnOvG/8=,JHp4zA21MlzV2B4jD9BEhd8IFMQ=
-5,9,PMgxvkAe+pTJPP/xfl0BHnOvG/8=,QFGeQUH7Ja5ar+COzR5rX9iWcWM=
-16,6,PMgxvkAe+pTJPP/xfl0BHnOvG/8=,T3kvoF08dHrtAWhPWTkwfod9roI=
-5,11,PMgxvkAe+pTJPP/xfl0BHnOvG/8=,8j3sCmlbRhQNmiBBeOXYiElXoJU=
-6,11,PMgxvkAe+pTJPP/xfl0BHnOvG/8=,8j3sCmlbRhQNmiBBeOXYiElXoJU=
-7,10,PMgxvkAe+pTJPP/xfl0BHnOvG/8=,xKEMJvxlpGVVB5kq1qBP25RWX/o=
-5,10,PMgxvkAe+pTJPP/xfl0BHnOvG/8=,8j3sCmlbRhQNmiBBeOXYiElXoJU=
-4,9,PMgxvkAe+pTJPP/xfl0BHnOvG/8=,hBLUaiYp1z360Zpu5N/8IiASKRI=
-6,10,PMgxvkAe+pTJPP/xfl0BHnOvG/8=,8j3sCmlbRhQNmiBBeOXYiElXoJU=
-4,11,PMgxvkAe+pTJPP/xfl0BHnOvG/8=,g3Xo/ajCpb3dEdtRd718LSp5fnw=
-4,12,PMgxvkAe+pTJPP/xfl0BHnOvG/8=,uEQQKt0yfnSZt0BiQCzRAH48ayw=
-7,12,PMgxvkAe+pTJPP/xfl0BHnOvG/8=,XPOV2s6EryAg+2NnyPpSMw0ql5Y=
-4,10,PMgxvkAe+pTJPP/xfl0BHnOvG/8=,g3Xo/ajCpb3dEdtRd718LSp5fnw=
