-13,-3,j2AuMyoEeWXG9t/1yhD1zxzmc8A=,U6qBHRBOPMNP8bseX7BlW1YwcrQ=
-13,-2,j2AuMyoEeWXG9t/1yhD1zxzmc8A=,sDe369daFwuMePvxc5EEAC5joWU=
-12,-3,j2AuMyoEeWXG9t/1yhD1zxzmc8A=,TfyuAGYr/PTWTP04gPzEHT4JFQA=
-12,-2,j2AuMyoEeWXG9t/1yhD1zxzmc8A=,BQuEEHsbLhp6Qa4lnxO3WF15QN8=
-12,-4,j2AuMyoEeWXG9t/1yhD1zxzmc8A=,TfyuAGYr/PTWTP04gPzEHT4JFQA=
-13,-5,j2AuMyoEeWXG9t/1yhD1zxzmc8A=,SwnIIj2MrrWPLsOjsWp6ponQizo=
-13,-4,j2AuMyoEeWXG9t/1yhD1zxzmc8A=,U6qBHRBOPMNP8bseX7BlW1YwcrQ=
-12,-5,9rns/OaqFwVVaeEFl5j6gXj95zI=,BN9PmQNhX8SXU4evg9E/XeLaLZY=
-12,-7,9rns/OaqFwVVaeEFl5j6gXj95zI=,2JCcEVWBQ3QfItI4XB9OTdnHsgM=
-13,-6,9rns/OaqFwVVaeEFl5j6gXj95zI=,SwnIIj2MrrWPLsOjsWp6ponQizo=
-12,-9,9rns/OaqFwVVaeEFl5j6gXj95zI=,dkizxZj1tYG8ITNjtPuoTfzZd+w=
-13,-7,9rns/OaqFwVVaeEFl5j6gXj95zI=,HiO0RMxuxa9MldAh9U/XjuClBhU=
-12,-6,9rns/OaqFwVVaeEFl5j6gXj95zI=,BN9PmQNhX8SXU4evg9E/XeLaLZY=
-12,-8,9rns/OaqFwVVaeEFl5j6gXj95zI=,2JCcEVWBQ3QfItI4XB9OTdnHsgM=
-13,-8,9rns/OaqFwVVaeEFl5j6gXj95zI=,HiO0RMxuxa9MldAh9U/XjuClBhU=
-13,-9,9rns/OaqFwVVaeEFl5j6gXj95zI=,FvcMKVNNhWso8cr+xa6UzTkd8Qg=
-10,-8,9rns/OaqFwVVaeEFl5j6gXj95zI=,+LM3v4rYMRSMXoxyK2JGtJcpJ2I=
-11,-8,9rns/OaqFwVVaeEFl5j6gXj95zI=,2JCcEVWBQ3QfItI4XB9OTdnHsgM=
-11,-9,9rns/OaqFwVVaeEFl5j6gXj95zI=,dkizxZj1tYG8ITNjtPuoTfzZd+w=
-10,-9,9rns/OaqFwVVaeEFl5j6gXj95zI=,63Omo87kb4qhQc0O8OI6iPIjPlo=
-11,-10,9rns/OaqFwVVaeEFl5j6gXj95zI=,dkizxZj1tYG8ITNjtPuoTfzZd+w=
-10,-11,9rns/OaqFwVVaeEFl5j6gXj95zI=,xZb/hcdmHmt2S+V5LR7m4vrWCbE=
-11,-11,9rns/OaqFwVVaeEFl5j6gXj95zI=,ASKLAWYyqEC2NVQRSfPvccVCL14=
-11,-12,9rns/OaqFwVVaeEFl5j6gXj95zI=,ASKLAWYyqEC2NVQRSfPvccVCL14=
-10,-10,9rns/OaqFwVVaeEFl5j6gXj95zI=,63Omo87kb4qhQc0O8OI6iPIjPlo=
-10,-12,9rns/OaqFwVVaeEFl5j6gXj95zI=,xZb/hcdmHmt2S+V5LR7m4vrWCbE=
-10,-13,9rns/OaqFwVVaeEFl5j6gXj95zI=,rl+aRR7UB7q/OepuW7H3HqaqjZQ=
-11,-13,9rns/OaqFwVVaeEFl5j6gXj95zI=,yTJNZS0MxAMowLkcbr1N4LXxWJo=
-11,-15,9rns/OaqFwVVaeEFl5j6gXj95zI=,O50ULUxrq6SwfYOW/9e7EptaIXA=
-8,-14,9rns/OaqFwVVaeEFl5j6gXj95zI=,IQrBcyzD3Pa+DqglXtm+JkhdXp0=
-11,-14,9rns/OaqFwVVaeEFl5j6gXj95zI=,yTJNZS0MxAMowLkcbr1N4LXxWJo=
-8,-15,9rns/OaqFwVVaeEFl5j6gXj95zI=,bkVN3r09t+fVNabGM6yETKVHwdw=
-9,-14,9rns/OaqFwVVaeEFl5j6gXj95zI=,rl+aRR7UB7q/OepuW7H3HqaqjZQ=
-9,-15,1CZLvOcaoQQJuS4I0l/qzA8sT/w=,cVyEL12TCHW+wduOeRkZhB9FS8c=
-10,-15,1CZLvOcaoQQJuS4I0l/qzA8sT/w=,cVyEL12TCHW+wduOeRkZhB9FS8c=
-10,-14,1CZLvOcaoQQJuS4I0l/qzA8sT/w=,rl+aRR7UB7q/OepuW7H3HqaqjZQ=
-6,-14,1CZLvOcaoQQJuS4I0l/qzA8sT/w=,B7AUAsbVksr8W2z8vsBykpnWTmQ=
-6,-15,1CZLvOcaoQQJuS4I0l/qzA8sT/w=,gUCuxf/kNtfdlbLys/0+FmtTrL4=
-7,-14,1CZLvOcaoQQJuS4I0l/qzA8sT/w=,IQrBcyzD3Pa+DqglXtm+JkhdXp0=
-7,-15,1CZLvOcaoQQJuS4I0l/qzA8sT/w=,bkVN3r09t+fVNabGM6yETKVHwdw=
-5,-15,1CZLvOcaoQQJuS4I0l/qzA8sT/w=,gUCuxf/kNtfdlbLys/0+FmtTrL4=
-5,-14,1CZLvOcaoQQJuS4I0l/qzA8sT/w=,B7AUAsbVksr8W2z8vsBykpnWTmQ=
-4,-15,1CZLvOcaoQQJuS4I0l/qzA8sT/w=,83pyqoVPGp34C04WXM3fXu/g4vA=
-4,-14,1CZLvOcaoQQJuS4I0l/qzA8sT/w=,Fhre7NPJnlZTMIyUPHHIale3G+o=
-3,-15,1CZLvOcaoQQJuS4I0l/qzA8sT/w=,83pyqoVPGp34C04WXM3fXu/g4vA=
-2,-15,1CZLvOcaoQQJuS4I0l/qzA8sT/w=,99es7/MhJ9SJ/RIV7f25JSNfCb8=
-3,-14,1CZLvOcaoQQJuS4I0l/qzA8sT/w=,Fhre7NPJnlZTMIyUPHHIale3G+o=
-2,-14,1CZLvOcaoQQJuS4I0l/qzA8sT/w=,oD52JMbEC+anQc9cK/diT3O+y8E=
-5,-12,1CZLvOcaoQQJuS4I0l/qzA8sT/w=,utm19pXcd/BvypWAMRMTuYJZ2mw=
-4,-12,1CZLvOcaoQQJuS4I0l/qzA8sT/w=,GbChjh0cedkZNDb2SDaMRS/dU/M=
-5,-13,1CZLvOcaoQQJuS4I0l/qzA8sT/w=,B7AUAsbVksr8W2z8vsBykpnWTmQ=
-2,-13,1CZLvOcaoQQJuS4I0l/qzA8sT/w=,oD52JMbEC+anQc9cK/diT3O+y8E=
-4,-13,1CZLvOcaoQQJuS4I0l/qzA8sT/w=,Fhre7NPJnlZTMIyUPHHIale3G+o=
-3,-12,1CZLvOcaoQQJuS4I0l/qzA8sT/w=,GbChjh0cedkZNDb2SDaMRS/dU/M=
-2,-12,1CZLvOcaoQQJuS4I0l/qzA8sT/w=,rGLVeHeLjJCCF9SBbr5fllQ/MtI=
-3,-13,1CZLvOcaoQQJuS4I0l/qzA8sT/w=,Fhre7NPJnlZTMIyUPHHIale3G+o=
-5,-11,1CZLvOcaoQQJuS4I0l/qzA8sT/w=,utm19pXcd/BvypWAMRMTuYJZ2mw=
-4,-11,1CZLvOcaoQQJuS4I0l/qzA8sT/w=,GbChjh0cedkZNDb2SDaMRS/dU/M=
-4,-10,1CZLvOcaoQQJuS4I0l/qzA8sT/w=,hqgVSBoim6HmEP3I0l9kfpvFEtI=
-5,-10,1CZLvOcaoQQJuS4I0l/qzA8sT/w=,eNnUYIak2kx5fCbWKd8sXb4FvEU=
-2,-11,1CZLvOcaoQQJuS4I0l/qzA8sT/w=,rGLVeHeLjJCCF9SBbr5fllQ/MtI=
-3,-11,1CZLvOcaoQQJuS4I0l/qzA8sT/w=,GbChjh0cedkZNDb2SDaMRS/dU/M=
-2,-10,1CZLvOcaoQQJuS4I0l/qzA8sT/w=,oz2e1cl2Fhba99dFdWA15i5hpec=
-3,-10,1CZLvOcaoQQJuS4I0l/qzA8sT/w=,hqgVSBoim6HmEP3I0l9kfpvFEtI=
-5,-8,1CZLvOcaoQQJuS4I0l/qzA8sT/w=,ELZl96A7JbC+HsnPkh9pl9osvCI=
-4,-8,1CZLvOcaoQQJuS4I0l/qzA8sT/w=,WLrsa0TCNf43O5WeveUD/3/S44w=
-5,-9,1CZLvOcaoQQJuS4I0l/qzA8sT/w=,eNnUYIak2kx5fCbWKd8sXb4FvEU=
-4,-9,1CZLvOcaoQQJuS4I0l/qzA8sT/w=,hqgVSBoim6HmEP3I0l9kfpvFEtI=
-3,-8,1CZLvOcaoQQJuS4I0l/qzA8sT/w=,WLrsa0TCNf43O5WeveUD/3/S44w=
-2,-8,EsaqLmz5aFyANahCuANBraOVxMc=,8oJTMP3pMuR1Vzz5hVIpaqjr6jI=
-2,-9,EsaqLmz5aFyANahCuANBraOVxMc=,oz2e1cl2Fhba99dFdWA15i5hpec=
-3,-9,EsaqLmz5aFyANahCuANBraOVxMc=,hqgVSBoim6HmEP3I0l9kfpvFEtI=
-7,-7,EsaqLmz5aFyANahCuANBraOVxMc=,t1rcG+cOPsJ7E/aS2vWPRG/boME=
-7,-6,EsaqLmz5aFyANahCuANBraOVxMc=,c4+69RU2FDGGQnPctEQLbaEN0Cw=
-6,-6,EsaqLmz5aFyANahCuANBraOVxMc=,fKoGtdvOdj54sdIT9+DXqcVxEwQ=
-4,-6,EsaqLmz5aFyANahCuANBraOVxMc=,wrTA4u9ysDTi6Ga1YJLVsvvibng=
-5,-7,EsaqLmz5aFyANahCuANBraOVxMc=,ELZl96A7JbC+HsnPkh9pl9osvCI=
-6,-7,EsaqLmz5aFyANahCuANBraOVxMc=,ELZl96A7JbC+HsnPkh9pl9osvCI=
-5,-6,EsaqLmz5aFyANahCuANBraOVxMc=,fKoGtdvOdj54sdIT9+DXqcVxEwQ=
-4,-7,EsaqLmz5aFyANahCuANBraOVxMc=,WLrsa0TCNf43O5WeveUD/3/S44w=
-5,-4,EsaqLmz5aFyANahCuANBraOVxMc=,tqNs8cvrr3IdD791VcMNubQR0Mg=
-5,-5,EsaqLmz5aFyANahCuANBraOVxMc=,fKoGtdvOdj54sdIT9+DXqcVxEwQ=
-4,-4,EsaqLmz5aFyANahCuANBraOVxMc=,Jl7T26F7WXsq1CalIC7PLb+cBPI=
-3,-6,EsaqLmz5aFyANahCuANBraOVxMc=,wrTA4u9ysDTi6Ga1YJLVsvvibng=
-4,-5,EsaqLmz5aFyANahCuANBraOVxMc=,wrTA4u9ysDTi6Ga1YJLVsvvibng=
-3,-7,EsaqLmz5aFyANahCuANBraOVxMc=,WLrsa0TCNf43O5WeveUD/3/S44w=
-2,-7,EsaqLmz5aFyANahCuANBraOVxMc=,8oJTMP3pMuR1Vzz5hVIpaqjr6jI=
-2,-6,EsaqLmz5aFyANahCuANBraOVxMc=,7hQoMjTr8n6eQ5VfehEw0rwxnmA=
-6,-5,EsaqLmz5aFyANahCuANBraOVxMc=,fKoGtdvOdj54sdIT9+DXqcVxEwQ=
-7,-5,EsaqLmz5aFyANahCuANBraOVxMc=,c4+69RU2FDGGQnPctEQLbaEN0Cw=
-6,-4,EsaqLmz5aFyANahCuANBraOVxMc=,tqNs8cvrr3IdD791VcMNubQR0Mg=
-7,-4,EsaqLmz5aFyANahCuANBraOVxMc=,TCcAKrGKF5lQsRTHexASMiSq5oc=
-8,-6,EsaqLmz5aFyANahCuANBraOVxMc=,c4+69RU2FDGGQnPctEQLbaEN0Cw=
-9,-6,EsaqLmz5aFyANahCuANBraOVxMc=,hkbJ9wEpUf/IpxWkLY/p8eJAFqo=
-11,-7,EsaqLmz5aFyANahCuANBraOVxMc=,2JCcEVWBQ3QfItI4XB9OTdnHsgM=
-9,-7,EsaqLmz5aFyANahCuANBraOVxMc=,+LM3v4rYMRSMXoxyK2JGtJcpJ2I=
-8,-7,EsaqLmz5aFyANahCuANBraOVxMc=,t1rcG+cOPsJ7E/aS2vWPRG/boME=
-10,-6,EsaqLmz5aFyANahCuANBraOVxMc=,hkbJ9wEpUf/IpxWkLY/p8eJAFqo=
-10,-7,EsaqLmz5aFyANahCuANBraOVxMc=,+LM3v4rYMRSMXoxyK2JGtJcpJ2I=
-11,-6,EsaqLmz5aFyANahCuANBraOVxMc=,BN9PmQNhX8SXU4evg9E/XeLaLZY=
-9,-5,EsaqLmz5aFyANahCuANBraOVxMc=,hkbJ9wEpUf/IpxWkLY/p8eJAFqo=
-8,-5,E0jFSLM3BR7uQ8Klw0TRRfwRCUI=,c4+69RU2FDGGQnPctEQLbaEN0Cw=
-9,-4,E0jFSLM3BR7uQ8Klw0TRRfwRCUI=,UPyidj7TDVT512Xjcwk2YITFVLU=
-10,-5,E0jFSLM3BR7uQ8Klw0TRRfwRCUI=,hkbJ9wEpUf/IpxWkLY/p8eJAFqo=
-8,-4,E0jFSLM3BR7uQ8Klw0TRRfwRCUI=,TCcAKrGKF5lQsRTHexASMiSq5oc=
-10,-4,E0jFSLM3BR7uQ8Klw0TRRfwRCUI=,UPyidj7TDVT512Xjcwk2YITFVLU=
-11,-5,E0jFSLM3BR7uQ8Klw0TRRfwRCUI=,BN9PmQNhX8SXU4evg9E/XeLaLZY=
-11,-4,E0jFSLM3BR7uQ8Klw0TRRfwRCUI=,TfyuAGYr/PTWTP04gPzEHT4JFQA=
-2,-4,E0jFSLM3BR7uQ8Klw0TRRfwRCUI=,07le84+V+dzyFaueUJsor1QL7os=
-3,-4,E0jFSLM3BR7uQ8Klw0TRRfwRCUI=,Jl7T26F7WXsq1CalIC7PLb+cBPI=
-2,-5,E0jFSLM3BR7uQ8Klw0TRRfwRCUI=,7hQoMjTr8n6eQ5VfehEw0rwxnmA=
-3,-5,E0jFSLM3BR7uQ8Klw0TRRfwRCUI=,wrTA4u9ysDTi6Ga1YJLVsvvibng=
-10,-3,E0jFSLM3BR7uQ8Klw0TRRfwRCUI=,UPyidj7TDVT512Xjcwk2YITFVLU=
-10,-2,E0jFSLM3BR7uQ8Klw0TRRfwRCUI=,KEwl3CsxTrXFthj1l+durnrmhhY=
-11,-3,E0jFSLM3BR7uQ8Klw0TRRfwRCUI=,TfyuAGYr/PTWTP04gPzEHT4JFQA=
-11,-2,VwUqwvQk8JIQaUQPB1yA3EWC+QM=,BQuEEHsbLhp6Qa4lnxO3WF15QN8=
-8,-3,VwUqwvQk8JIQaUQPB1yA3EWC+QM=,TCcAKrGKF5lQsRTHexASMiSq5oc=
-9,-3,VwUqwvQk8JIQaUQPB1yA3EWC+QM=,UPyidj7TDVT512Xjcwk2YITFVLU=
-9,-2,VwUqwvQk8JIQaUQPB1yA3EWC+QM=,KEwl3CsxTrXFthj1l+durnrmhhY=
-2,-3,VwUqwvQk8JIQaUQPB1yA3EWC+QM=,07le84+V+dzyFaueUJsor1QL7os=
-3,-3,VwUqwvQk8JIQaUQPB1yA3EWC+QM=,Jl7T26F7WXsq1CalIC7PLb+cBPI=
-1,-2,VwUqwvQk8JIQaUQPB1yA3EWC+QM=,7M988GGBKTO6vBYvn9PyxugS+2Y=
-8,-2,VwUqwvQk8JIQaUQPB1yA3EWC+QM=,N+IaQbGvDf5uSwpzznWjwkG7iNc=
-3,-2,VwUqwvQk8JIQaUQPB1yA3EWC+QM=,Z6z82zWGBabktxuGziAhuHewrb4=
-1,-3,VwUqwvQk8JIQaUQPB1yA3EWC+QM=,07le84+V+dzyFaueUJsor1QL7os=
-2,-2,VwUqwvQk8JIQaUQPB1yA3EWC+QM=,7M988GGBKTO6vBYvn9PyxugS+2Y=
-2,-1,VwUqwvQk8JIQaUQPB1yA3EWC+QM=,7M988GGBKTO6vBYvn9PyxugS+2Y=
-3,-1,VwUqwvQk8JIQaUQPB1yA3EWC+QM=,Z6z82zWGBabktxuGziAhuHewrb4=
-1,-4,VwUqwvQk8JIQaUQPB1yA3EWC+QM=,07le84+V+dzyFaueUJsor1QL7os=
-1,-5,VwUqwvQk8JIQaUQPB1yA3EWC+QM=,7hQoMjTr8n6eQ5VfehEw0rwxnmA=
-1,-11,VwUqwvQk8JIQaUQPB1yA3EWC+QM=,rGLVeHeLjJCCF9SBbr5fllQ/MtI=
-1,-13,VwUqwvQk8JIQaUQPB1yA3EWC+QM=,oD52JMbEC+anQc9cK/diT3O+y8E=
-1,-9,VwUqwvQk8JIQaUQPB1yA3EWC+QM=,oz2e1cl2Fhba99dFdWA15i5hpec=
-1,-7,VwUqwvQk8JIQaUQPB1yA3EWC+QM=,8oJTMP3pMuR1Vzz5hVIpaqjr6jI=
-1,-12,VwUqwvQk8JIQaUQPB1yA3EWC+QM=,rGLVeHeLjJCCF9SBbr5fllQ/MtI=
-1,-10,VwUqwvQk8JIQaUQPB1yA3EWC+QM=,oz2e1cl2Fhba99dFdWA15i5hpec=
-1,-6,VwUqwvQk8JIQaUQPB1yA3EWC+QM=,7hQoMjTr8n6eQ5VfehEw0rwxnmA=
-1,-15,VwUqwvQk8JIQaUQPB1yA3EWC+QM=,99es7/MhJ9SJ/RIV7f25JSNfCb8=
-3,-16,VwUqwvQk8JIQaUQPB1yA3EWC+QM=,83pyqoVPGp34C04WXM3fXu/g4vA=
-1,-14,VwUqwvQk8JIQaUQPB1yA3EWC+QM=,oD52JMbEC+anQc9cK/diT3O+y8E=
-2,-16,VwUqwvQk8JIQaUQPB1yA3EWC+QM=,99es7/MhJ9SJ/RIV7f25JSNfCb8=
-1,-8,VwUqwvQk8JIQaUQPB1yA3EWC+QM=,8oJTMP3pMuR1Vzz5hVIpaqjr6jI=
-4,-16,VwUqwvQk8JIQaUQPB1yA3EWC+QM=,83pyqoVPGp34C04WXM3fXu/g4vA=
-5,-16,VwUqwvQk8JIQaUQPB1yA3EWC+QM=,gUCuxf/kNtfdlbLys/0+FmtTrL4=
-6,-16,VwUqwvQk8JIQaUQPB1yA3EWC+QM=,gUCuxf/kNtfdlbLys/0+FmtTrL4=
-7,-16,VwUqwvQk8JIQaUQPB1yA3EWC+QM=,bkVN3r09t+fVNabGM6yETKVHwdw=
-8,-16,VwUqwvQk8JIQaUQPB1yA3EWC+QM=,bkVN3r09t+fVNabGM6yETKVHwdw=
-11,-16,VwUqwvQk8JIQaUQPB1yA3EWC+QM=,O50ULUxrq6SwfYOW/9e7EptaIXA=
-10,-16,VwUqwvQk8JIQaUQPB1yA3EWC+QM=,cVyEL12TCHW+wduOeRkZhB9FS8c=
-4,-2,VwUqwvQk8JIQaUQPB1yA3EWC+QM=,Z6z82zWGBabktxuGziAhuHewrb4=
-4,-3,VwUqwvQk8JIQaUQPB1yA3EWC+QM=,Jl7T26F7WXsq1CalIC7PLb+cBPI=
-9,-16,VwUqwvQk8JIQaUQPB1yA3EWC+QM=,cVyEL12TCHW+wduOeRkZhB9FS8c=
-4,-1,VwUqwvQk8JIQaUQPB1yA3EWC+QM=,Z6z82zWGBabktxuGziAhuHewrb4=
-5,-2,VwUqwvQk8JIQaUQPB1yA3EWC+QM=,aXb8QWI4B/F7KExho0Plibgx+vw=
-5,-3,VwUqwvQk8JIQaUQPB1yA3EWC+QM=,tqNs8cvrr3IdD791VcMNubQR0Mg=
-5,-1,VwUqwvQk8JIQaUQPB1yA3EWC+QM=,aXb8QWI4B/F7KExho0Plibgx+vw=
-7,-3,VwUqwvQk8JIQaUQPB1yA3EWC+QM=,TCcAKrGKF5lQsRTHexASMiSq5oc=
-6,-3,VwUqwvQk8JIQaUQPB1yA3EWC+QM=,tqNs8cvrr3IdD791VcMNubQR0Mg=
-6,-1,VwUqwvQk8JIQaUQPB1yA3EWC+QM=,aXb8QWI4B/F7KExho0Plibgx+vw=
-6,-2,VwUqwvQk8JIQaUQPB1yA3EWC+QM=,aXb8QWI4B/F7KExho0Plibgx+vw=
-7,-1,VwUqwvQk8JIQaUQPB1yA3EWC+QM=,N+IaQbGvDf5uSwpzznWjwkG7iNc=
-7,-2,VwUqwvQk8JIQaUQPB1yA3EWC+QM=,N+IaQbGvDf5uSwpzznWjwkG7iNc=
-13,-15,VwUqwvQk8JIQaUQPB1yA3EWC+QM=,YlC6bQ4DjHZAyrB9Sc6kkdmowLg=
-13,-14,VwUqwvQk8JIQaUQPB1yA3EWC+QM=,rd6MpucwtN9uNRK2b0xHb21jh0I=
-12,-14,VwUqwvQk8JIQaUQPB1yA3EWC+QM=,yTJNZS0MxAMowLkcbr1N4LXxWJo=
-12,-15,VwUqwvQk8JIQaUQPB1yA3EWC+QM=,O50ULUxrq6SwfYOW/9e7EptaIXA=
-13,-13,VwUqwvQk8JIQaUQPB1yA3EWC+QM=,rd6MpucwtN9uNRK2b0xHb21jh0I=
-12,-13,VwUqwvQk8JIQaUQPB1yA3EWC+QM=,yTJNZS0MxAMowLkcbr1N4LXxWJo=
-13,-10,VwUqwvQk8JIQaUQPB1yA3EWC+QM=,FvcMKVNNhWso8cr+xa6UzTkd8Qg=
-12,-12,VwUqwvQk8JIQaUQPB1yA3EWC+QM=,ASKLAWYyqEC2NVQRSfPvccVCL14=
-13,-11,VwUqwvQk8JIQaUQPB1yA3EWC+QM=,aHzlvEnMP+82NgSpm8PosZmXNgE=
-13,-12,VwUqwvQk8JIQaUQPB1yA3EWC+QM=,aHzlvEnMP+82NgSpm8PosZmXNgE=
-12,-10,VwUqwvQk8JIQaUQPB1yA3EWC+QM=,dkizxZj1tYG8ITNjtPuoTfzZd+w=
-12,-11,VwUqwvQk8JIQaUQPB1yA3EWC+QM=,ASKLAWYyqEC2NVQRSfPvccVCL14=
-14,-13,VwUqwvQk8JIQaUQPB1yA3EWC+QM=,rd6MpucwtN9uNRK2b0xHb21jh0I=
-15,-13,VwUqwvQk8JIQaUQPB1yA3EWC+QM=,yLuo/wsE4bv6BWI5QnpXBKjDr2w=
-15,-12,VwUqwvQk8JIQaUQPB1yA3EWC+QM=,zxGVpn+EX+ckrn2Vgu4rq8LDEjI=
-14,-12,VwUqwvQk8JIQaUQPB1yA3EWC+QM=,aHzlvEnMP+82NgSpm8PosZmXNgE=
-15,-10,VwUqwvQk8JIQaUQPB1yA3EWC+QM=,2Qk8g4Cz3lOOP3nqtN5VwvlkwAY=
-15,-11,VwUqwvQk8JIQaUQPB1yA3EWC+QM=,zxGVpn+EX+ckrn2Vgu4rq8LDEjI=
-14,-10,VwUqwvQk8JIQaUQPB1yA3EWC+QM=,FvcMKVNNhWso8cr+xa6UzTkd8Qg=
-14,-11,VwUqwvQk8JIQaUQPB1yA3EWC+QM=,aHzlvEnMP+82NgSpm8PosZmXNgE=
-14,-9,VwUqwvQk8JIQaUQPB1yA3EWC+QM=,FvcMKVNNhWso8cr+xa6UzTkd8Qg=
-15,-8,VwUqwvQk8JIQaUQPB1yA3EWC+QM=,6DDU0PEV8Ns0UU8WnxjgF1zL49E=
-14,-8,VwUqwvQk8JIQaUQPB1yA3EWC+QM=,HiO0RMxuxa9MldAh9U/XjuClBhU=
-15,-9,VwUqwvQk8JIQaUQPB1yA3EWC+QM=,2Qk8g4Cz3lOOP3nqtN5VwvlkwAY=
-12,-1,VwUqwvQk8JIQaUQPB1yA3EWC+QM=,BQuEEHsbLhp6Qa4lnxO3WF15QN8=
-14,-4,VwUqwvQk8JIQaUQPB1yA3EWC+QM=,U6qBHRBOPMNP8bseX7BlW1YwcrQ=
-16,-7,VwUqwvQk8JIQaUQPB1yA3EWC+QM=,6DDU0PEV8Ns0UU8WnxjgF1zL49E=
-14,-5,VwUqwvQk8JIQaUQPB1yA3EWC+QM=,SwnIIj2MrrWPLsOjsWp6ponQizo=
-13,-1,VwUqwvQk8JIQaUQPB1yA3EWC+QM=,sDe369daFwuMePvxc5EEAC5joWU=
-16,-6,VwUqwvQk8JIQaUQPB1yA3EWC+QM=,DkFFIMPDP+URv94PuSAax0ZznQg=
-16,-4,VwUqwvQk8JIQaUQPB1yA3EWC+QM=,vJJOF0D+Llot6zxghwJ8wtLXAek=
-15,-4,VwUqwvQk8JIQaUQPB1yA3EWC+QM=,vJJOF0D+Llot6zxghwJ8wtLXAek=
-15,-6,VwUqwvQk8JIQaUQPB1yA3EWC+QM=,DkFFIMPDP+URv94PuSAax0ZznQg=
-15,-5,VwUqwvQk8JIQaUQPB1yA3EWC+QM=,DkFFIMPDP+URv94PuSAax0ZznQg=
-16,-5,VwUqwvQk8JIQaUQPB1yA3EWC+QM=,DkFFIMPDP+URv94PuSAax0ZznQg=
-15,-7,VwUqwvQk8JIQaUQPB1yA3EWC+QM=,6DDU0PEV8Ns0UU8WnxjgF1zL49E=
-14,-7,VwUqwvQk8JIQaUQPB1yA3EWC+QM=,HiO0RMxuxa9MldAh9U/XjuClBhU=
-14,-6,VwUqwvQk8JIQaUQPB1yA3EWC+QM=,SwnIIj2MrrWPLsOjsWp6ponQizo=
-16,-9,VwUqwvQk8JIQaUQPB1yA3EWC+QM=,2Qk8g4Cz3lOOP3nqtN5VwvlkwAY=
-16,-8,VwUqwvQk8JIQaUQPB1yA3EWC+QM=,6DDU0PEV8Ns0UU8WnxjgF1zL49E=
-16,-11,VwUqwvQk8JIQaUQPB1yA3EWC+QM=,zxGVpn+EX+ckrn2Vgu4rq8LDEjI=
-16,-10,VwUqwvQk8JIQaUQPB1yA3EWC+QM=,2Qk8g4Cz3lOOP3nqtN5VwvlkwAY=
-16,-13,VwUqwvQk8JIQaUQPB1yA3EWC+QM=,yLuo/wsE4bv6BWI5QnpXBKjDr2w=
-16,-12,VwUqwvQk8JIQaUQPB1yA3EWC+QM=,zxGVpn+EX+ckrn2Vgu4rq8LDEjI=
-13,-16,VwUqwvQk8JIQaUQPB1yA3EWC+QM=,YlC6bQ4DjHZAyrB9Sc6kkdmowLg=
-16,-3,VwUqwvQk8JIQaUQPB1yA3EWC+QM=,vJJOF0D+Llot6zxghwJ8wtLXAek=
-16,-2,VwUqwvQk8JIQaUQPB1yA3EWC+QM=,7I0ig1rbk9AD5J9U/bL8pz/ReZk=
-12,-16,VwUqwvQk8JIQaUQPB1yA3EWC+QM=,O50ULUxrq6SwfYOW/9e7EptaIXA=
-15,-1,VwUqwvQk8JIQaUQPB1yA3EWC+QM=,7I0ig1rbk9AD5J9U/bL8pz/ReZk=
-15,-2,VwUqwvQk8JIQaUQPB1yA3EWC+QM=,7I0ig1rbk9AD5J9U/bL8pz/ReZk=
-14,-3,VwUqwvQk8JIQaUQPB1yA3EWC+QM=,U6qBHRBOPMNP8bseX7BlW1YwcrQ=
-16,-1,VwUqwvQk8JIQaUQPB1yA3EWC+QM=,7I0ig1rbk9AD5J9U/bL8pz/ReZk=
-14,-2,VwUqwvQk8JIQaUQPB1yA3EWC+QM=,sDe369daFwuMePvxc5EEAC5joWU=
-15,-3,VwUqwvQk8JIQaUQPB1yA3EWC+QM=,vJJOF0D+Llot6zxghwJ8wtLXAek=
-14,-1,VwUqwvQk8JIQaUQPB1yA3EWC+QM=,sDe369daFwuMePvxc5EEAC5joWU=
-1,-16,VwUqwvQk8JIQaUQPB1yA3EWC+QM=,99es7/MhJ9SJ/RIV7f25JSNfCb8=
-10,-1,VwUqwvQk8JIQaUQPB1yA3EWC+QM=,KEwl3CsxTrXFthj1l+durnrmhhY=
-9,-1,VwUqwvQk8JIQaUQPB1yA3EWC+QM=,KEwl3CsxTrXFthj1l+durnrmhhY=
-1,-1,VwUqwvQk8JIQaUQPB1yA3EWC+QM=,7M988GGBKTO6vBYvn9PyxugS+2Y=
-11,-1,VwUqwvQk8JIQaUQPB1yA3EWC+QM=,BQuEEHsbLhp6Qa4lnxO3WF15QN8=
-8,-1,VwUqwvQk8JIQaUQPB1yA3EWC+QM=,N+IaQbGvDf5uSwpzznWjwkG7iNc=
-15,-14,VwUqwvQk8JIQaUQPB1yA3EWC+QM=,yLuo/wsE4bv6BWI5QnpXBKjDr2w=
-14,-14,VwUqwvQk8JIQaUQPB1yA3EWC+QM=,rd6MpucwtN9uNRK2b0xHb21jh0I=
-15,-15,VwUqwvQk8JIQaUQPB1yA3EWC+QM=,I1oAqL33Ga75V+BwQ7KpWcLAjkM=
-14,-15,VwUqwvQk8JIQaUQPB1yA3EWC+QM=,YlC6bQ4DjHZAyrB9Sc6kkdmowLg=
-14,-16,VwUqwvQk8JIQaUQPB1yA3EWC+QM=,YlC6bQ4DjHZAyrB9Sc6kkdmowLg=
-16,-16,VwUqwvQk8JIQaUQPB1yA3EWC+QM=,I1oAqL33Ga75V+BwQ7KpWcLAjkM=
-16,-15,VwUqwvQk8JIQaUQPB1yA3EWC+QM=,I1oAqL33Ga75V+BwQ7KpWcLAjkM=
-16,-14,VwUqwvQk8JIQaUQPB1yA3EWC+QM=,yLuo/wsE4bv6BWI5QnpXBKjDr2w=
-15,-16,VwUqwvQk8JIQaUQPB1yA3EWC+QM=,I1oAqL33Ga75V+BwQ7KpWcLAjkM=
-7,-8,VwUqwvQk8JIQaUQPB1yA3EWC+QM=,t1rcG+cOPsJ7E/aS2vWPRG/boME=
-8,-8,VwUqwvQk8JIQaUQPB1yA3EWC+QM=,t1rcG+cOPsJ7E/aS2vWPRG/boME=
-9,-8,VwUqwvQk8JIQaUQPB1yA3EWC+QM=,+LM3v4rYMRSMXoxyK2JGtJcpJ2I=
-7,-9,VwUqwvQk8JIQaUQPB1yA3EWC+QM=,Ce9YrdSLVvyMu9yS/P4n2DqP3fE=
-6,-8,VwUqwvQk8JIQaUQPB1yA3EWC+QM=,ELZl96A7JbC+HsnPkh9pl9osvCI=
-8,-9,VwUqwvQk8JIQaUQPB1yA3EWC+QM=,Ce9YrdSLVvyMu9yS/P4n2DqP3fE=
-9,-9,VwUqwvQk8JIQaUQPB1yA3EWC+QM=,63Omo87kb4qhQc0O8OI6iPIjPlo=
-6,-11,VwUqwvQk8JIQaUQPB1yA3EWC+QM=,utm19pXcd/BvypWAMRMTuYJZ2mw=
-6,-10,VwUqwvQk8JIQaUQPB1yA3EWC+QM=,eNnUYIak2kx5fCbWKd8sXb4FvEU=
-9,-13,VwUqwvQk8JIQaUQPB1yA3EWC+QM=,rl+aRR7UB7q/OepuW7H3HqaqjZQ=
-6,-9,VwUqwvQk8JIQaUQPB1yA3EWC+QM=,eNnUYIak2kx5fCbWKd8sXb4FvEU=
-7,-11,VwUqwvQk8JIQaUQPB1yA3EWC+QM=,VFL6kjdLk6UvVwCyau1E/2g/ujQ=
-6,-12,VwUqwvQk8JIQaUQPB1yA3EWC+QM=,utm19pXcd/BvypWAMRMTuYJZ2mw=
-7,-13,VwUqwvQk8JIQaUQPB1yA3EWC+QM=,IQrBcyzD3Pa+DqglXtm+JkhdXp0=
-8,-12,VwUqwvQk8JIQaUQPB1yA3EWC+QM=,VFL6kjdLk6UvVwCyau1E/2g/ujQ=
-6,-13,VwUqwvQk8JIQaUQPB1yA3EWC+QM=,B7AUAsbVksr8W2z8vsBykpnWTmQ=
-8,-13,VwUqwvQk8JIQaUQPB1yA3EWC+QM=,IQrBcyzD3Pa+DqglXtm+JkhdXp0=
-8,-11,VwUqwvQk8JIQaUQPB1yA3EWC+QM=,VFL6kjdLk6UvVwCyau1E/2g/ujQ=
-9,-11,VwUqwvQk8JIQaUQPB1yA3EWC+QM=,xZb/hcdmHmt2S+V5LR7m4vrWCbE=
-7,-12,VwUqwvQk8JIQaUQPB1yA3EWC+QM=,VFL6kjdLk6UvVwCyau1E/2g/ujQ=
-8,-10,VwUqwvQk8JIQaUQPB1yA3EWC+QM=,Ce9YrdSLVvyMu9yS/P4n2DqP3fE=
-7,-10,VwUqwvQk8JIQaUQPB1yA3EWC+QM=,Ce9YrdSLVvyMu9yS/P4n2DqP3fE=
-9,-10,VwUqwvQk8JIQaUQPB1yA3EWC+QM=,63Omo87kb4qhQc0O8OI6iPIjPlo=
-9,-12,VwUqwvQk8JIQaUQPB1yA3EWC+QM=,xZb/hcdmHmt2S+V5LR7m4vrWCbE=
-3,-25,VwUqwvQk8JIQaUQPB1yA3EWC+QM=,BXdlgS1cELsW7+xBtSKnvVi+3FU=
-3,-24,VwUqwvQk8JIQaUQPB1yA3EWC+QM=,ncRSUOIJP97LnqqKlhFiStAp4kI=
-2,-24,VwUqwvQk8JIQaUQPB1yA3EWC+QM=,pPvKxG22EIGP9IvDL7XXm6zqx3Q=
-2,-25,VwUqwvQk8JIQaUQPB1yA3EWC+QM=,/si3Jt9IQghubJFZI+JSx6dAQDk=
-4,-25,VwUqwvQk8JIQaUQPB1yA3EWC+QM=,BXdlgS1cELsW7+xBtSKnvVi+3FU=
-5,-24,VwUqwvQk8JIQaUQPB1yA3EWC+QM=,7O25Na0ljxB7gLbj7nS5PE+Yhms=
-4,-24,VwUqwvQk8JIQaUQPB1yA3EWC+QM=,ncRSUOIJP97LnqqKlhFiStAp4kI=
-5,-25,VwUqwvQk8JIQaUQPB1yA3EWC+QM=,bPcnhRkgMf7RuMbQgkPVt4PspMs=
-4,-22,VwUqwvQk8JIQaUQPB1yA3EWC+QM=,74DopJiQ3SYgzdiGtnCwPbPXigQ=
-4,-23,VwUqwvQk8JIQaUQPB1yA3EWC+QM=,ncRSUOIJP97LnqqKlhFiStAp4kI=
-5,-23,VwUqwvQk8JIQaUQPB1yA3EWC+QM=,7O25Na0ljxB7gLbj7nS5PE+Yhms=
-5,-22,VwUqwvQk8JIQaUQPB1yA3EWC+QM=,BNNcuApPrO0x/oTjdSct1wkTkS0=
-7,-23,VwUqwvQk8JIQaUQPB1yA3EWC+QM=,EzGwwCZ29qFoX2OUSgaLJeWBp6A=
-6,-23,VwUqwvQk8JIQaUQPB1yA3EWC+QM=,7O25Na0ljxB7gLbj7nS5PE+Yhms=
-7,-22,VwUqwvQk8JIQaUQPB1yA3EWC+QM=,rrq8oeEVW9ZYUoInBUbGCIDfkyI=
-6,-22,VwUqwvQk8JIQaUQPB1yA3EWC+QM=,BNNcuApPrO0x/oTjdSct1wkTkS0=
-6,-20,VwUqwvQk8JIQaUQPB1yA3EWC+QM=,AmhhlCObslrROGwUIbOdB4Tv1tM=
-7,-21,VwUqwvQk8JIQaUQPB1yA3EWC+QM=,rrq8oeEVW9ZYUoInBUbGCIDfkyI=
-7,-20,/F3fHLnd+rqqv48nsJ7EvYIIjLM=,1cEhhKg6PXMdrCLSw07MnJabr6g=
-6,-21,/F3fHLnd+rqqv48nsJ7EvYIIjLM=,BNNcuApPrO0x/oTjdSct1wkTkS0=
-4,-20,/F3fHLnd+rqqv48nsJ7EvYIIjLM=,bkarf59HaiojL8ZsCWD5rbIRCaE=
-5,-20,/F3fHLnd+rqqv48nsJ7EvYIIjLM=,AmhhlCObslrROGwUIbOdB4Tv1tM=
-4,-21,/F3fHLnd+rqqv48nsJ7EvYIIjLM=,74DopJiQ3SYgzdiGtnCwPbPXigQ=
-5,-21,/F3fHLnd+rqqv48nsJ7EvYIIjLM=,BNNcuApPrO0x/oTjdSct1wkTkS0=
-3,-18,/F3fHLnd+rqqv48nsJ7EvYIIjLM=,H5vOVoqzy+cyYmPvN9APcEXd+Bo=
-2,-18,/F3fHLnd+rqqv48nsJ7EvYIIjLM=,Q8AA2IPH+YWSTt/k9s8xB8dBxIo=
-3,-19,/F3fHLnd+rqqv48nsJ7EvYIIjLM=,bkarf59HaiojL8ZsCWD5rbIRCaE=
-2,-19,/F3fHLnd+rqqv48nsJ7EvYIIjLM=,AbWxm8Sm1MyzMdYlmtsY1oU1eNg=
-4,-18,/F3fHLnd+rqqv48nsJ7EvYIIjLM=,H5vOVoqzy+cyYmPvN9APcEXd+Bo=
-5,-18,/F3fHLnd+rqqv48nsJ7EvYIIjLM=,uX75tpnj1ZBGc38A3h+IRp5RAfw=
-4,-19,/F3fHLnd+rqqv48nsJ7EvYIIjLM=,bkarf59HaiojL8ZsCWD5rbIRCaE=
-5,-19,/F3fHLnd+rqqv48nsJ7EvYIIjLM=,AmhhlCObslrROGwUIbOdB4Tv1tM=
-6,-18,/F3fHLnd+rqqv48nsJ7EvYIIjLM=,uX75tpnj1ZBGc38A3h+IRp5RAfw=
-7,-19,/F3fHLnd+rqqv48nsJ7EvYIIjLM=,1cEhhKg6PXMdrCLSw07MnJabr6g=
-6,-19,/F3fHLnd+rqqv48nsJ7EvYIIjLM=,AmhhlCObslrROGwUIbOdB4Tv1tM=
-7,-18,/F3fHLnd+rqqv48nsJ7EvYIIjLM=,0DeIJZ/gTNvzn4ylFpa50b8sBMs=
-9,-19,/F3fHLnd+rqqv48nsJ7EvYIIjLM=,zRjpobD7Qg8RoR8DN/lRcLbMbhc=
-9,-18,/F3fHLnd+rqqv48nsJ7EvYIIjLM=,0lYKMx0UwI61/789304TRdnrtLg=
-8,-19,/F3fHLnd+rqqv48nsJ7EvYIIjLM=,1cEhhKg6PXMdrCLSw07MnJabr6g=
-8,-18,/F3fHLnd+rqqv48nsJ7EvYIIjLM=,0DeIJZ/gTNvzn4ylFpa50b8sBMs=
-8,-20,/F3fHLnd+rqqv48nsJ7EvYIIjLM=,1cEhhKg6PXMdrCLSw07MnJabr6g=
-9,-20,/F3fHLnd+rqqv48nsJ7EvYIIjLM=,zRjpobD7Qg8RoR8DN/lRcLbMbhc=
-8,-21,/F3fHLnd+rqqv48nsJ7EvYIIjLM=,rrq8oeEVW9ZYUoInBUbGCIDfkyI=
-9,-21,/F3fHLnd+rqqv48nsJ7EvYIIjLM=,IGCnkYvr0p8xda3iDPlDDozBDto=
-11,-21,/F3fHLnd+rqqv48nsJ7EvYIIjLM=,9Jp0aD7ssWAYz+DYyXGuV2MSW+E=
-11,-20,/F3fHLnd+rqqv48nsJ7EvYIIjLM=,83E0aux3qZxGivl7WFCirIib388=
-10,-21,/F3fHLnd+rqqv48nsJ7EvYIIjLM=,IGCnkYvr0p8xda3iDPlDDozBDto=
-10,-20,/F3fHLnd+rqqv48nsJ7EvYIIjLM=,zRjpobD7Qg8RoR8DN/lRcLbMbhc=
-11,-19,/F3fHLnd+rqqv48nsJ7EvYIIjLM=,83E0aux3qZxGivl7WFCirIib388=
-11,-18,/F3fHLnd+rqqv48nsJ7EvYIIjLM=,4AP6zz5pXIIJYre592VwxCPxtEs=
-10,-19,/F3fHLnd+rqqv48nsJ7EvYIIjLM=,zRjpobD7Qg8RoR8DN/lRcLbMbhc=
-10,-18,/F3fHLnd+rqqv48nsJ7EvYIIjLM=,0lYKMx0UwI61/789304TRdnrtLg=
-13,-21,/F3fHLnd+rqqv48nsJ7EvYIIjLM=,531mYx2UWNxu2DPnt+Wh9p8nLmY=
-12,-21,/F3fHLnd+rqqv48nsJ7EvYIIjLM=,9Jp0aD7ssWAYz+DYyXGuV2MSW+E=
-12,-18,/F3fHLnd+rqqv48nsJ7EvYIIjLM=,4AP6zz5pXIIJYre592VwxCPxtEs=
-13,-18,/F3fHLnd+rqqv48nsJ7EvYIIjLM=,e1P86D+DtBFPbQZKwXE6jaLkJHs=
-13,-20,F0mwENQQgP5naM1PrM7/FmPUphM=,fS9zFGTlYlijJ+rhmGFLIQWgnEk=
-13,-19,F0mwENQQgP5naM1PrM7/FmPUphM=,fS9zFGTlYlijJ+rhmGFLIQWgnEk=
-12,-19,F0mwENQQgP5naM1PrM7/FmPUphM=,83E0aux3qZxGivl7WFCirIib388=
-12,-20,F0mwENQQgP5naM1PrM7/FmPUphM=,83E0aux3qZxGivl7WFCirIib388=
-14,-21,F0mwENQQgP5naM1PrM7/FmPUphM=,531mYx2UWNxu2DPnt+Wh9p8nLmY=
-14,-18,F0mwENQQgP5naM1PrM7/FmPUphM=,e1P86D+DtBFPbQZKwXE6jaLkJHs=
-14,-20,F0mwENQQgP5naM1PrM7/FmPUphM=,fS9zFGTlYlijJ+rhmGFLIQWgnEk=
-15,-18,F0mwENQQgP5naM1PrM7/FmPUphM=,ZuMzKtNSfn1f3XlSq27EsIPYJc4=
-15,-21,F0mwENQQgP5naM1PrM7/FmPUphM=,vPQfhF0PV0lwfXj4fdUL3rblmLU=
-15,-20,F0mwENQQgP5naM1PrM7/FmPUphM=,ZtaZKYsg3HB/mMT7KDn3/MIdxXg=
-15,-19,F0mwENQQgP5naM1PrM7/FmPUphM=,ZtaZKYsg3HB/mMT7KDn3/MIdxXg=
-14,-19,F0mwENQQgP5naM1PrM7/FmPUphM=,fS9zFGTlYlijJ+rhmGFLIQWgnEk=
-14,-22,F0mwENQQgP5naM1PrM7/FmPUphM=,531mYx2UWNxu2DPnt+Wh9p8nLmY=
-15,-22,F0mwENQQgP5naM1PrM7/FmPUphM=,vPQfhF0PV0lwfXj4fdUL3rblmLU=
-15,-23,F0mwENQQgP5naM1PrM7/FmPUphM=,fjVToOTMyBdwcpN7uhc3Ys8LbnI=
-14,-23,F0mwENQQgP5naM1PrM7/FmPUphM=,V3tWYcD/IkGBnBD4gYk5K8Cx5T0=
-14,-27,F0mwENQQgP5naM1PrM7/FmPUphM=,GDuZ+mlBWPOpYao9OImH7fCOD1w=
-15,-27,F0mwENQQgP5naM1PrM7/FmPUphM=,DxhEuValuUjycd8dO519gWC3ma0=
-15,-26,F0mwENQQgP5naM1PrM7/FmPUphM=,EwcfDK2oFhHlhPAVRjmt4Ywo7XA=
-14,-26,F0mwENQQgP5naM1PrM7/FmPUphM=,8X1mtx4G6QT/MKfri/CQz44u+nc=
-15,-24,F0mwENQQgP5naM1PrM7/FmPUphM=,fjVToOTMyBdwcpN7uhc3Ys8LbnI=
-14,-24,QcbANxyDMVKOcSWeLiJ6xxcEd1g=,V3tWYcD/IkGBnBD4gYk5K8Cx5T0=
-15,-25,QcbANxyDMVKOcSWeLiJ6xxcEd1g=,EwcfDK2oFhHlhPAVRjmt4Ywo7XA=
-14,-25,QcbANxyDMVKOcSWeLiJ6xxcEd1g=,8X1mtx4G6QT/MKfri/CQz44u+nc=
-13,-22,QcbANxyDMVKOcSWeLiJ6xxcEd1g=,531mYx2UWNxu2DPnt+Wh9p8nLmY=
-12,-23,QcbANxyDMVKOcSWeLiJ6xxcEd1g=,szfHvKnQDPH07WdZjODxk1Uahng=
-12,-22,QcbANxyDMVKOcSWeLiJ6xxcEd1g=,9Jp0aD7ssWAYz+DYyXGuV2MSW+E=
-10,-28,QcbANxyDMVKOcSWeLiJ6xxcEd1g=,u6lIDmGtEHOBSqxLO4LyV78dWXg=
-11,-28,QcbANxyDMVKOcSWeLiJ6xxcEd1g=,q7xEBMxoxhg3EMQzAOE6+Vf7Sps=
-11,-29,QcbANxyDMVKOcSWeLiJ6xxcEd1g=,CiJs6229qbdC2xQt0lCCzBn5f7Q=
-13,-23,QcbANxyDMVKOcSWeLiJ6xxcEd1g=,V3tWYcD/IkGBnBD4gYk5K8Cx5T0=
-10,-29,QcbANxyDMVKOcSWeLiJ6xxcEd1g=,IBCAPrBv5RpDDkV6SeTD/CUyvN4=
-13,-26,QcbANxyDMVKOcSWeLiJ6xxcEd1g=,8X1mtx4G6QT/MKfri/CQz44u+nc=
-12,-27,QcbANxyDMVKOcSWeLiJ6xxcEd1g=,q7xEBMxoxhg3EMQzAOE6+Vf7Sps=
-13,-27,QcbANxyDMVKOcSWeLiJ6xxcEd1g=,GDuZ+mlBWPOpYao9OImH7fCOD1w=
-12,-26,QcbANxyDMVKOcSWeLiJ6xxcEd1g=,uf4COvFwO++JikblDB+iGt2Th9E=
-12,-24,QcbANxyDMVKOcSWeLiJ6xxcEd1g=,szfHvKnQDPH07WdZjODxk1Uahng=
-13,-24,QcbANxyDMVKOcSWeLiJ6xxcEd1g=,V3tWYcD/IkGBnBD4gYk5K8Cx5T0=
-12,-25,QcbANxyDMVKOcSWeLiJ6xxcEd1g=,uf4COvFwO++JikblDB+iGt2Th9E=
-13,-25,QcbANxyDMVKOcSWeLiJ6xxcEd1g=,8X1mtx4G6QT/MKfri/CQz44u+nc=
-4,-27,QcbANxyDMVKOcSWeLiJ6xxcEd1g=,biJeSRfX9JcdlXAD5BrKMkmZE7o=
-5,-26,QcbANxyDMVKOcSWeLiJ6xxcEd1g=,bPcnhRkgMf7RuMbQgkPVt4PspMs=
-5,-27,QcbANxyDMVKOcSWeLiJ6xxcEd1g=,kvGyMAmpgejf+Px0uWHwUJyo1GI=
-4,-26,QcbANxyDMVKOcSWeLiJ6xxcEd1g=,BXdlgS1cELsW7+xBtSKnvVi+3FU=
-11,-27,QcbANxyDMVKOcSWeLiJ6xxcEd1g=,q7xEBMxoxhg3EMQzAOE6+Vf7Sps=
-10,-27,QcbANxyDMVKOcSWeLiJ6xxcEd1g=,u6lIDmGtEHOBSqxLO4LyV78dWXg=
-10,-26,QcbANxyDMVKOcSWeLiJ6xxcEd1g=,0OqtWdW4mxlE8Xry5bF9R+SFhKs=
-11,-26,QcbANxyDMVKOcSWeLiJ6xxcEd1g=,uf4COvFwO++JikblDB+iGt2Th9E=
-8,-29,QcbANxyDMVKOcSWeLiJ6xxcEd1g=,tjaoWKgPEk6sBJdSYBwrugZcb+k=
-9,-28,QcbANxyDMVKOcSWeLiJ6xxcEd1g=,u6lIDmGtEHOBSqxLO4LyV78dWXg=
-8,-28,QcbANxyDMVKOcSWeLiJ6xxcEd1g=,jFdDPO1X/zZkVSmIjeN6e9ZkzY8=
-9,-29,QcbANxyDMVKOcSWeLiJ6xxcEd1g=,IBCAPrBv5RpDDkV6SeTD/CUyvN4=
-8,-30,QcbANxyDMVKOcSWeLiJ6xxcEd1g=,tjaoWKgPEk6sBJdSYBwrugZcb+k=
-9,-30,QcbANxyDMVKOcSWeLiJ6xxcEd1g=,IBCAPrBv5RpDDkV6SeTD/CUyvN4=
-2,-30,QcbANxyDMVKOcSWeLiJ6xxcEd1g=,v4c97/08sYqP1q5iENp+mEYRLIU=
-1,-29,QcbANxyDMVKOcSWeLiJ6xxcEd1g=,v4c97/08sYqP1q5iENp+mEYRLIU=
-2,-29,QcbANxyDMVKOcSWeLiJ6xxcEd1g=,v4c97/08sYqP1q5iENp+mEYRLIU=
-3,-30,QcbANxyDMVKOcSWeLiJ6xxcEd1g=,oVA9O+bUUkzAy0QBQALuLYla4iY=
-2,-28,QcbANxyDMVKOcSWeLiJ6xxcEd1g=,23vd90SIDyz7JRoi0NB92HScB70=
-3,-26,QcbANxyDMVKOcSWeLiJ6xxcEd1g=,BXdlgS1cELsW7+xBtSKnvVi+3FU=
-3,-27,QcbANxyDMVKOcSWeLiJ6xxcEd1g=,biJeSRfX9JcdlXAD5BrKMkmZE7o=
-2,-26,QcbANxyDMVKOcSWeLiJ6xxcEd1g=,/si3Jt9IQghubJFZI+JSx6dAQDk=
-1,-28,QcbANxyDMVKOcSWeLiJ6xxcEd1g=,23vd90SIDyz7JRoi0NB92HScB70=
-3,-28,QcbANxyDMVKOcSWeLiJ6xxcEd1g=,biJeSRfX9JcdlXAD5BrKMkmZE7o=
-2,-27,QcbANxyDMVKOcSWeLiJ6xxcEd1g=,23vd90SIDyz7JRoi0NB92HScB70=
-3,-29,QcbANxyDMVKOcSWeLiJ6xxcEd1g=,oVA9O+bUUkzAy0QBQALuLYla4iY=
-5,-28,QcbANxyDMVKOcSWeLiJ6xxcEd1g=,kvGyMAmpgejf+Px0uWHwUJyo1GI=
-4,-28,QcbANxyDMVKOcSWeLiJ6xxcEd1g=,biJeSRfX9JcdlXAD5BrKMkmZE7o=
-7,-29,QcbANxyDMVKOcSWeLiJ6xxcEd1g=,tjaoWKgPEk6sBJdSYBwrugZcb+k=
-7,-30,QcbANxyDMVKOcSWeLiJ6xxcEd1g=,tjaoWKgPEk6sBJdSYBwrugZcb+k=
-7,-28,QcbANxyDMVKOcSWeLiJ6xxcEd1g=,jFdDPO1X/zZkVSmIjeN6e9ZkzY8=
-4,-30,QcbANxyDMVKOcSWeLiJ6xxcEd1g=,oVA9O+bUUkzAy0QBQALuLYla4iY=
-6,-30,QcbANxyDMVKOcSWeLiJ6xxcEd1g=,sbvDZNQ4uS79SyQSU0+r6tqdZ10=
-5,-30,QcbANxyDMVKOcSWeLiJ6xxcEd1g=,sbvDZNQ4uS79SyQSU0+r6tqdZ10=
-6,-29,QcbANxyDMVKOcSWeLiJ6xxcEd1g=,sbvDZNQ4uS79SyQSU0+r6tqdZ10=
-5,-29,QcbANxyDMVKOcSWeLiJ6xxcEd1g=,sbvDZNQ4uS79SyQSU0+r6tqdZ10=
-4,-29,QcbANxyDMVKOcSWeLiJ6xxcEd1g=,oVA9O+bUUkzAy0QBQALuLYla4iY=
-6,-28,QcbANxyDMVKOcSWeLiJ6xxcEd1g=,kvGyMAmpgejf+Px0uWHwUJyo1GI=
-4,-17,QcbANxyDMVKOcSWeLiJ6xxcEd1g=,H5vOVoqzy+cyYmPvN9APcEXd+Bo=
-11,-17,QcbANxyDMVKOcSWeLiJ6xxcEd1g=,4AP6zz5pXIIJYre592VwxCPxtEs=
-5,-17,QcbANxyDMVKOcSWeLiJ6xxcEd1g=,uX75tpnj1ZBGc38A3h+IRp5RAfw=
-6,-17,QcbANxyDMVKOcSWeLiJ6xxcEd1g=,uX75tpnj1ZBGc38A3h+IRp5RAfw=
-9,-17,QcbANxyDMVKOcSWeLiJ6xxcEd1g=,0lYKMx0UwI61/789304TRdnrtLg=
-10,-17,QcbANxyDMVKOcSWeLiJ6xxcEd1g=,0lYKMx0UwI61/789304TRdnrtLg=
-2,-17,QcbANxyDMVKOcSWeLiJ6xxcEd1g=,Q8AA2IPH+YWSTt/k9s8xB8dBxIo=
-3,-17,QcbANxyDMVKOcSWeLiJ6xxcEd1g=,H5vOVoqzy+cyYmPvN9APcEXd+Bo=
-7,-17,QcbANxyDMVKOcSWeLiJ6xxcEd1g=,0DeIJZ/gTNvzn4ylFpa50b8sBMs=
-8,-17,QcbANxyDMVKOcSWeLiJ6xxcEd1g=,0DeIJZ/gTNvzn4ylFpa50b8sBMs=
-1,-18,QcbANxyDMVKOcSWeLiJ6xxcEd1g=,Q8AA2IPH+YWSTt/k9s8xB8dBxIo=
-1,-19,QcbANxyDMVKOcSWeLiJ6xxcEd1g=,AbWxm8Sm1MyzMdYlmtsY1oU1eNg=
-1,-27,QcbANxyDMVKOcSWeLiJ6xxcEd1g=,23vd90SIDyz7JRoi0NB92HScB70=
-7,-27,QcbANxyDMVKOcSWeLiJ6xxcEd1g=,jFdDPO1X/zZkVSmIjeN6e9ZkzY8=
-9,-26,QcbANxyDMVKOcSWeLiJ6xxcEd1g=,0OqtWdW4mxlE8Xry5bF9R+SFhKs=
-6,-27,QcbANxyDMVKOcSWeLiJ6xxcEd1g=,kvGyMAmpgejf+Px0uWHwUJyo1GI=
-9,-27,QcbANxyDMVKOcSWeLiJ6xxcEd1g=,u6lIDmGtEHOBSqxLO4LyV78dWXg=
-8,-27,QcbANxyDMVKOcSWeLiJ6xxcEd1g=,jFdDPO1X/zZkVSmIjeN6e9ZkzY8=
-6,-26,QcbANxyDMVKOcSWeLiJ6xxcEd1g=,bPcnhRkgMf7RuMbQgkPVt4PspMs=
-7,-26,QcbANxyDMVKOcSWeLiJ6xxcEd1g=,mgpmTMSYsc8cRNIwB+jjE0Q3fRY=
-7,-24,QcbANxyDMVKOcSWeLiJ6xxcEd1g=,EzGwwCZ29qFoX2OUSgaLJeWBp6A=
-8,-26,QcbANxyDMVKOcSWeLiJ6xxcEd1g=,mgpmTMSYsc8cRNIwB+jjE0Q3fRY=
-1,-26,QcbANxyDMVKOcSWeLiJ6xxcEd1g=,/si3Jt9IQghubJFZI+JSx6dAQDk=
-7,-25,QcbANxyDMVKOcSWeLiJ6xxcEd1g=,mgpmTMSYsc8cRNIwB+jjE0Q3fRY=
-6,-24,QcbANxyDMVKOcSWeLiJ6xxcEd1g=,7O25Na0ljxB7gLbj7nS5PE+Yhms=
-1,-25,QcbANxyDMVKOcSWeLiJ6xxcEd1g=,/si3Jt9IQghubJFZI+JSx6dAQDk=
-6,-25,QcbANxyDMVKOcSWeLiJ6xxcEd1g=,bPcnhRkgMf7RuMbQgkPVt4PspMs=
-1,-24,QcbANxyDMVKOcSWeLiJ6xxcEd1g=,pPvKxG22EIGP9IvDL7XXm6zqx3Q=
-13,-17,QcbANxyDMVKOcSWeLiJ6xxcEd1g=,e1P86D+DtBFPbQZKwXE6jaLkJHs=
-14,-17,QcbANxyDMVKOcSWeLiJ6xxcEd1g=,e1P86D+DtBFPbQZKwXE6jaLkJHs=
-12,-17,QcbANxyDMVKOcSWeLiJ6xxcEd1g=,4AP6zz5pXIIJYre592VwxCPxtEs=
-15,-17,QcbANxyDMVKOcSWeLiJ6xxcEd1g=,ZuMzKtNSfn1f3XlSq27EsIPYJc4=
-16,-18,QcbANxyDMVKOcSWeLiJ6xxcEd1g=,ZuMzKtNSfn1f3XlSq27EsIPYJc4=
-16,-19,QcbANxyDMVKOcSWeLiJ6xxcEd1g=,ZtaZKYsg3HB/mMT7KDn3/MIdxXg=
-16,-21,QcbANxyDMVKOcSWeLiJ6xxcEd1g=,vPQfhF0PV0lwfXj4fdUL3rblmLU=
-16,-22,QcbANxyDMVKOcSWeLiJ6xxcEd1g=,vPQfhF0PV0lwfXj4fdUL3rblmLU=
-16,-23,QcbANxyDMVKOcSWeLiJ6xxcEd1g=,fjVToOTMyBdwcpN7uhc3Ys8LbnI=
-16,-27,QcbANxyDMVKOcSWeLiJ6xxcEd1g=,DxhEuValuUjycd8dO519gWC3ma0=
-16,-20,QcbANxyDMVKOcSWeLiJ6xxcEd1g=,ZtaZKYsg3HB/mMT7KDn3/MIdxXg=
-16,-26,QcbANxyDMVKOcSWeLiJ6xxcEd1g=,EwcfDK2oFhHlhPAVRjmt4Ywo7XA=
-16,-24,QcbANxyDMVKOcSWeLiJ6xxcEd1g=,fjVToOTMyBdwcpN7uhc3Ys8LbnI=
-16,-25,QcbANxyDMVKOcSWeLiJ6xxcEd1g=,EwcfDK2oFhHlhPAVRjmt4Ywo7XA=
-13,-28,QcbANxyDMVKOcSWeLiJ6xxcEd1g=,GDuZ+mlBWPOpYao9OImH7fCOD1w=
-12,-28,QcbANxyDMVKOcSWeLiJ6xxcEd1g=,q7xEBMxoxhg3EMQzAOE6+Vf7Sps=
-13,-29,QcbANxyDMVKOcSWeLiJ6xxcEd1g=,2xkLByGP4prx/GKel7TkxnrC1Lo=
-12,-29,QcbANxyDMVKOcSWeLiJ6xxcEd1g=,CiJs6229qbdC2xQt0lCCzBn5f7Q=
-10,-30,QcbANxyDMVKOcSWeLiJ6xxcEd1g=,IBCAPrBv5RpDDkV6SeTD/CUyvN4=
-11,-30,QcbANxyDMVKOcSWeLiJ6xxcEd1g=,CiJs6229qbdC2xQt0lCCzBn5f7Q=
-13,-30,QcbANxyDMVKOcSWeLiJ6xxcEd1g=,2xkLByGP4prx/GKel7TkxnrC1Lo=
-12,-30,QcbANxyDMVKOcSWeLiJ6xxcEd1g=,CiJs6229qbdC2xQt0lCCzBn5f7Q=
-1,-30,QcbANxyDMVKOcSWeLiJ6xxcEd1g=,v4c97/08sYqP1q5iENp+mEYRLIU=
-1,-17,QcbANxyDMVKOcSWeLiJ6xxcEd1g=,Q8AA2IPH+YWSTt/k9s8xB8dBxIo=
-16,-17,QcbANxyDMVKOcSWeLiJ6xxcEd1g=,ZuMzKtNSfn1f3XlSq27EsIPYJc4=
-1,-21,QcbANxyDMVKOcSWeLiJ6xxcEd1g=,16G32uD14NFtq4RWKb9M8AiyrW0=
-1,-20,QcbANxyDMVKOcSWeLiJ6xxcEd1g=,AbWxm8Sm1MyzMdYlmtsY1oU1eNg=
-3,-20,QcbANxyDMVKOcSWeLiJ6xxcEd1g=,bkarf59HaiojL8ZsCWD5rbIRCaE=
-1,-22,QcbANxyDMVKOcSWeLiJ6xxcEd1g=,16G32uD14NFtq4RWKb9M8AiyrW0=
-2,-20,QcbANxyDMVKOcSWeLiJ6xxcEd1g=,AbWxm8Sm1MyzMdYlmtsY1oU1eNg=
-2,-22,QcbANxyDMVKOcSWeLiJ6xxcEd1g=,16G32uD14NFtq4RWKb9M8AiyrW0=
-2,-21,QcbANxyDMVKOcSWeLiJ6xxcEd1g=,16G32uD14NFtq4RWKb9M8AiyrW0=
-3,-23,QcbANxyDMVKOcSWeLiJ6xxcEd1g=,ncRSUOIJP97LnqqKlhFiStAp4kI=
-1,-23,QcbANxyDMVKOcSWeLiJ6xxcEd1g=,pPvKxG22EIGP9IvDL7XXm6zqx3Q=
-3,-22,QcbANxyDMVKOcSWeLiJ6xxcEd1g=,74DopJiQ3SYgzdiGtnCwPbPXigQ=
-2,-23,QcbANxyDMVKOcSWeLiJ6xxcEd1g=,pPvKxG22EIGP9IvDL7XXm6zqx3Q=
-11,-24,QcbANxyDMVKOcSWeLiJ6xxcEd1g=,szfHvKnQDPH07WdZjODxk1Uahng=
-3,-21,QcbANxyDMVKOcSWeLiJ6xxcEd1g=,74DopJiQ3SYgzdiGtnCwPbPXigQ=
-8,-24,QcbANxyDMVKOcSWeLiJ6xxcEd1g=,EzGwwCZ29qFoX2OUSgaLJeWBp6A=
-11,-23,QcbANxyDMVKOcSWeLiJ6xxcEd1g=,szfHvKnQDPH07WdZjODxk1Uahng=
-10,-24,QcbANxyDMVKOcSWeLiJ6xxcEd1g=,IcMCNQR6ieNg1LzgzX7dny9W4o4=
-10,-23,QcbANxyDMVKOcSWeLiJ6xxcEd1g=,IcMCNQR6ieNg1LzgzX7dny9W4o4=
-11,-22,QcbANxyDMVKOcSWeLiJ6xxcEd1g=,9Jp0aD7ssWAYz+DYyXGuV2MSW+E=
-8,-22,QcbANxyDMVKOcSWeLiJ6xxcEd1g=,rrq8oeEVW9ZYUoInBUbGCIDfkyI=
-9,-24,QcbANxyDMVKOcSWeLiJ6xxcEd1g=,IcMCNQR6ieNg1LzgzX7dny9W4o4=
-16,-28,QcbANxyDMVKOcSWeLiJ6xxcEd1g=,DxhEuValuUjycd8dO519gWC3ma0=
-15,-28,QcbANxyDMVKOcSWeLiJ6xxcEd1g=,DxhEuValuUjycd8dO519gWC3ma0=
-8,-25,QcbANxyDMVKOcSWeLiJ6xxcEd1g=,mgpmTMSYsc8cRNIwB+jjE0Q3fRY=
-14,-28,QcbANxyDMVKOcSWeLiJ6xxcEd1g=,GDuZ+mlBWPOpYao9OImH7fCOD1w=
-8,-23,QcbANxyDMVKOcSWeLiJ6xxcEd1g=,EzGwwCZ29qFoX2OUSgaLJeWBp6A=
-11,-25,QcbANxyDMVKOcSWeLiJ6xxcEd1g=,uf4COvFwO++JikblDB+iGt2Th9E=
-14,-29,QcbANxyDMVKOcSWeLiJ6xxcEd1g=,2xkLByGP4prx/GKel7TkxnrC1Lo=
-15,-29,QcbANxyDMVKOcSWeLiJ6xxcEd1g=,JN5Y7M77VN3o0JAf3q/uWy5wBUY=
-9,-25,QcbANxyDMVKOcSWeLiJ6xxcEd1g=,0OqtWdW4mxlE8Xry5bF9R+SFhKs=
-9,-23,QcbANxyDMVKOcSWeLiJ6xxcEd1g=,IcMCNQR6ieNg1LzgzX7dny9W4o4=
-10,-25,QcbANxyDMVKOcSWeLiJ6xxcEd1g=,0OqtWdW4mxlE8Xry5bF9R+SFhKs=
-16,-29,QcbANxyDMVKOcSWeLiJ6xxcEd1g=,JN5Y7M77VN3o0JAf3q/uWy5wBUY=
-14,-30,QcbANxyDMVKOcSWeLiJ6xxcEd1g=,2xkLByGP4prx/GKel7TkxnrC1Lo=
-15,-30,QcbANxyDMVKOcSWeLiJ6xxcEd1g=,JN5Y7M77VN3o0JAf3q/uWy5wBUY=
-10,-22,QcbANxyDMVKOcSWeLiJ6xxcEd1g=,IGCnkYvr0p8xda3iDPlDDozBDto=
-16,-30,QcbANxyDMVKOcSWeLiJ6xxcEd1g=,JN5Y7M77VN3o0JAf3q/uWy5wBUY=
-9,-22,QcbANxyDMVKOcSWeLiJ6xxcEd1g=,IGCnkYvr0p8xda3iDPlDDozBDto=
-22,-21,uoEppxSdkxfbZSnSjE9ZGncJVP8=,wWgMNfJbfQ4Y8oiZtFWlb4TaOnU=
-22,-20,uoEppxSdkxfbZSnSjE9ZGncJVP8=,boDuvjaxLfGUVxO6JgxYNVeiXm8=
-23,-20,uoEppxSdkxfbZSnSjE9ZGncJVP8=,RUujcA7uXK4zGmCsqZEabLklLwY=
-23,-21,uoEppxSdkxfbZSnSjE9ZGncJVP8=,vXlFmUQSw0CF77xJbLZpM6UtzlM=
-22,-22,uoEppxSdkxfbZSnSjE9ZGncJVP8=,wWgMNfJbfQ4Y8oiZtFWlb4TaOnU=
-22,-23,uoEppxSdkxfbZSnSjE9ZGncJVP8=,PjPJEz8rpWQfXOIDiu12yoZTHi4=
-23,-23,6nWqEG8Wz2wp5ltsL8RXsSDmBFc=,BJ8/24ZW2d9kqkdxJVLFzH03PG8=
-23,-22,6nWqEG8Wz2wp5ltsL8RXsSDmBFc=,vXlFmUQSw0CF77xJbLZpM6UtzlM=
-22,-27,6nWqEG8Wz2wp5ltsL8RXsSDmBFc=,FoJUU17AQZ7dtEZXjWEAC4/qXXw=
-22,-26,6nWqEG8Wz2wp5ltsL8RXsSDmBFc=,4rFcjdYf5PZcAJMntYfNsActH9k=
-23,-27,6nWqEG8Wz2wp5ltsL8RXsSDmBFc=,TkaqftODWSwDRdahc/KbxuXBR8k=
-23,-26,6nWqEG8Wz2wp5ltsL8RXsSDmBFc=,cLLj1g4ZF7IvVvEThVXsmG6xSyE=
-23,-24,6nWqEG8Wz2wp5ltsL8RXsSDmBFc=,BJ8/24ZW2d9kqkdxJVLFzH03PG8=
-23,-25,6nWqEG8Wz2wp5ltsL8RXsSDmBFc=,cLLj1g4ZF7IvVvEThVXsmG6xSyE=
-22,-25,6nWqEG8Wz2wp5ltsL8RXsSDmBFc=,4rFcjdYf5PZcAJMntYfNsActH9k=
-22,-24,6nWqEG8Wz2wp5ltsL8RXsSDmBFc=,PjPJEz8rpWQfXOIDiu12yoZTHi4=
-23,-29,6nWqEG8Wz2wp5ltsL8RXsSDmBFc=,OGTqRBFjoOBQVrYlqKZlJThCKQc=
-22,-29,6nWqEG8Wz2wp5ltsL8RXsSDmBFc=,3HDpxeAxQvebXc9o7NlX7g2ie20=
-23,-28,6nWqEG8Wz2wp5ltsL8RXsSDmBFc=,TkaqftODWSwDRdahc/KbxuXBR8k=
-22,-28,6nWqEG8Wz2wp5ltsL8RXsSDmBFc=,FoJUU17AQZ7dtEZXjWEAC4/qXXw=
-20,-29,6nWqEG8Wz2wp5ltsL8RXsSDmBFc=,a8bHa9XzFj53UyW0v4AmMxcinZo=
-21,-29,6nWqEG8Wz2wp5ltsL8RXsSDmBFc=,3HDpxeAxQvebXc9o7NlX7g2ie20=
-20,-28,6nWqEG8Wz2wp5ltsL8RXsSDmBFc=,UEOBHZ46U4L4mhDw7BWtWS/ODtc=
-21,-28,6nWqEG8Wz2wp5ltsL8RXsSDmBFc=,FoJUU17AQZ7dtEZXjWEAC4/qXXw=
-21,-27,6nWqEG8Wz2wp5ltsL8RXsSDmBFc=,FoJUU17AQZ7dtEZXjWEAC4/qXXw=
-20,-27,6nWqEG8Wz2wp5ltsL8RXsSDmBFc=,UEOBHZ46U4L4mhDw7BWtWS/ODtc=
-21,-26,6nWqEG8Wz2wp5ltsL8RXsSDmBFc=,4rFcjdYf5PZcAJMntYfNsActH9k=
-20,-26,6nWqEG8Wz2wp5ltsL8RXsSDmBFc=,s8w3Z460RRzLAL3vVvum5eMcMyw=
-18,-28,6nWqEG8Wz2wp5ltsL8RXsSDmBFc=,aBgNne51S7GHEZt9Yj+XK4zqr54=
-19,-28,6nWqEG8Wz2wp5ltsL8RXsSDmBFc=,UEOBHZ46U4L4mhDw7BWtWS/ODtc=
-19,-29,6nWqEG8Wz2wp5ltsL8RXsSDmBFc=,a8bHa9XzFj53UyW0v4AmMxcinZo=
-18,-29,6nWqEG8Wz2wp5ltsL8RXsSDmBFc=,WY4QEdStzQC27KfnVvBUMJY9vvA=
-21,-24,6nWqEG8Wz2wp5ltsL8RXsSDmBFc=,PjPJEz8rpWQfXOIDiu12yoZTHi4=
-20,-24,6nWqEG8Wz2wp5ltsL8RXsSDmBFc=,nZHr2+aBWRqEgeb1cl1p6NtJ2w4=
-20,-25,6nWqEG8Wz2wp5ltsL8RXsSDmBFc=,s8w3Z460RRzLAL3vVvum5eMcMyw=
-21,-25,6nWqEG8Wz2wp5ltsL8RXsSDmBFc=,4rFcjdYf5PZcAJMntYfNsActH9k=
-19,-27,6nWqEG8Wz2wp5ltsL8RXsSDmBFc=,UEOBHZ46U4L4mhDw7BWtWS/ODtc=
-18,-27,6nWqEG8Wz2wp5ltsL8RXsSDmBFc=,aBgNne51S7GHEZt9Yj+XK4zqr54=
-18,-26,6nWqEG8Wz2wp5ltsL8RXsSDmBFc=,wBBp1xVcntCmBp+jVpoS8wEVWec=
-20,-23,6nWqEG8Wz2wp5ltsL8RXsSDmBFc=,nZHr2+aBWRqEgeb1cl1p6NtJ2w4=
-19,-26,6nWqEG8Wz2wp5ltsL8RXsSDmBFc=,s8w3Z460RRzLAL3vVvum5eMcMyw=
-20,-22,6nWqEG8Wz2wp5ltsL8RXsSDmBFc=,vfUcbMuV4LaIXG8eaF2/JW4JSeA=
-21,-23,vIZhWcTc3oTdDvHnQXqz+N2iTsU=,PjPJEz8rpWQfXOIDiu12yoZTHi4=
-21,-22,vIZhWcTc3oTdDvHnQXqz+N2iTsU=,wWgMNfJbfQ4Y8oiZtFWlb4TaOnU=
-19,-25,vIZhWcTc3oTdDvHnQXqz+N2iTsU=,s8w3Z460RRzLAL3vVvum5eMcMyw=
-18,-24,vIZhWcTc3oTdDvHnQXqz+N2iTsU=,J3cjDsocBM88xCgafMoXnrO2DMc=
-18,-25,vIZhWcTc3oTdDvHnQXqz+N2iTsU=,wBBp1xVcntCmBp+jVpoS8wEVWec=
-19,-24,vIZhWcTc3oTdDvHnQXqz+N2iTsU=,nZHr2+aBWRqEgeb1cl1p6NtJ2w4=
-19,-23,vIZhWcTc3oTdDvHnQXqz+N2iTsU=,nZHr2+aBWRqEgeb1cl1p6NtJ2w4=
-18,-23,vIZhWcTc3oTdDvHnQXqz+N2iTsU=,J3cjDsocBM88xCgafMoXnrO2DMc=
-19,-22,vIZhWcTc3oTdDvHnQXqz+N2iTsU=,vfUcbMuV4LaIXG8eaF2/JW4JSeA=
-18,-22,vIZhWcTc3oTdDvHnQXqz+N2iTsU=,2uqo+UDFetAw98pU5REw09VQ+4E=
-20,-20,vIZhWcTc3oTdDvHnQXqz+N2iTsU=,K68uKik/hJ7J/X/q1B713LidscA=
-20,-21,vIZhWcTc3oTdDvHnQXqz+N2iTsU=,vfUcbMuV4LaIXG8eaF2/JW4JSeA=
-21,-21,vIZhWcTc3oTdDvHnQXqz+N2iTsU=,wWgMNfJbfQ4Y8oiZtFWlb4TaOnU=
-21,-20,vIZhWcTc3oTdDvHnQXqz+N2iTsU=,boDuvjaxLfGUVxO6JgxYNVeiXm8=
-18,-21,vIZhWcTc3oTdDvHnQXqz+N2iTsU=,2uqo+UDFetAw98pU5REw09VQ+4E=
-19,-21,vIZhWcTc3oTdDvHnQXqz+N2iTsU=,vfUcbMuV4LaIXG8eaF2/JW4JSeA=
-21,-19,vIZhWcTc3oTdDvHnQXqz+N2iTsU=,boDuvjaxLfGUVxO6JgxYNVeiXm8=
-19,-20,vIZhWcTc3oTdDvHnQXqz+N2iTsU=,K68uKik/hJ7J/X/q1B713LidscA=
-18,-20,vIZhWcTc3oTdDvHnQXqz+N2iTsU=,V/VQqn0vMw2wGVyap81mnuRgXDU=
-20,-18,vIZhWcTc3oTdDvHnQXqz+N2iTsU=,JkxQQSfc9bcVED14nEJ0ugf/HlE=
-21,-18,vIZhWcTc3oTdDvHnQXqz+N2iTsU=,KpZK2JsH3+dQP6jTGEMsnel8cyk=
-20,-19,vIZhWcTc3oTdDvHnQXqz+N2iTsU=,K68uKik/hJ7J/X/q1B713LidscA=
-22,-19,vIZhWcTc3oTdDvHnQXqz+N2iTsU=,boDuvjaxLfGUVxO6JgxYNVeiXm8=
-22,-18,vIZhWcTc3oTdDvHnQXqz+N2iTsU=,KpZK2JsH3+dQP6jTGEMsnel8cyk=
-23,-19,vIZhWcTc3oTdDvHnQXqz+N2iTsU=,RUujcA7uXK4zGmCsqZEabLklLwY=
-23,-18,vIZhWcTc3oTdDvHnQXqz+N2iTsU=,NOdj8S1hHE9tUmIiI6YkpBfUy+E=
-19,-19,vIZhWcTc3oTdDvHnQXqz+N2iTsU=,K68uKik/hJ7J/X/q1B713LidscA=
-18,-19,vIZhWcTc3oTdDvHnQXqz+N2iTsU=,V/VQqn0vMw2wGVyap81mnuRgXDU=
-19,-18,vIZhWcTc3oTdDvHnQXqz+N2iTsU=,JkxQQSfc9bcVED14nEJ0ugf/HlE=
-18,-18,vIZhWcTc3oTdDvHnQXqz+N2iTsU=,o1jcTfB4tQ7ZoAAtIFChWey1cCA=
-24,-19,vIZhWcTc3oTdDvHnQXqz+N2iTsU=,RUujcA7uXK4zGmCsqZEabLklLwY=
-24,-18,vIZhWcTc3oTdDvHnQXqz+N2iTsU=,NOdj8S1hHE9tUmIiI6YkpBfUy+E=
-25,-19,vIZhWcTc3oTdDvHnQXqz+N2iTsU=,iG7f8VvUQ5liNd3uDFBOjQzKeIo=
-25,-18,vIZhWcTc3oTdDvHnQXqz+N2iTsU=,njKl8uAE0VogLJNYyIxr/x1Rg38=
-24,-21,vIZhWcTc3oTdDvHnQXqz+N2iTsU=,vXlFmUQSw0CF77xJbLZpM6UtzlM=
-24,-20,vIZhWcTc3oTdDvHnQXqz+N2iTsU=,RUujcA7uXK4zGmCsqZEabLklLwY=
-25,-20,vIZhWcTc3oTdDvHnQXqz+N2iTsU=,iG7f8VvUQ5liNd3uDFBOjQzKeIo=
-24,-24,vIZhWcTc3oTdDvHnQXqz+N2iTsU=,BJ8/24ZW2d9kqkdxJVLFzH03PG8=
-24,-22,vIZhWcTc3oTdDvHnQXqz+N2iTsU=,vXlFmUQSw0CF77xJbLZpM6UtzlM=
-25,-21,vIZhWcTc3oTdDvHnQXqz+N2iTsU=,NVMw/1RHjcMqOGDgYLkIzmc2HNg=
-25,-22,vIZhWcTc3oTdDvHnQXqz+N2iTsU=,NVMw/1RHjcMqOGDgYLkIzmc2HNg=
-24,-25,vIZhWcTc3oTdDvHnQXqz+N2iTsU=,cLLj1g4ZF7IvVvEThVXsmG6xSyE=
-25,-25,vIZhWcTc3oTdDvHnQXqz+N2iTsU=,iQBJQcg2FyaO1JezJIt7Rkq4jq8=
-25,-23,vIZhWcTc3oTdDvHnQXqz+N2iTsU=,GMV5aJ7oWDkoXIBoNTSYEP0f7z8=
-24,-23,vIZhWcTc3oTdDvHnQXqz+N2iTsU=,BJ8/24ZW2d9kqkdxJVLFzH03PG8=
-25,-24,vIZhWcTc3oTdDvHnQXqz+N2iTsU=,GMV5aJ7oWDkoXIBoNTSYEP0f7z8=
-27,-21,vIZhWcTc3oTdDvHnQXqz+N2iTsU=,zwIzW3By+wr8ieEqRnFnTXLsne8=
-27,-20,vIZhWcTc3oTdDvHnQXqz+N2iTsU=,iiNmgfdbxzpIlz4esRP7wDSPUGg=
-26,-21,vIZhWcTc3oTdDvHnQXqz+N2iTsU=,NVMw/1RHjcMqOGDgYLkIzmc2HNg=
-26,-20,vIZhWcTc3oTdDvHnQXqz+N2iTsU=,iG7f8VvUQ5liNd3uDFBOjQzKeIo=
-27,-25,vIZhWcTc3oTdDvHnQXqz+N2iTsU=,w4H5uz4JNDA/urwL7/ycghiArzE=
-26,-25,vIZhWcTc3oTdDvHnQXqz+N2iTsU=,iQBJQcg2FyaO1JezJIt7Rkq4jq8=
-26,-22,vIZhWcTc3oTdDvHnQXqz+N2iTsU=,NVMw/1RHjcMqOGDgYLkIzmc2HNg=
-26,-23,vIZhWcTc3oTdDvHnQXqz+N2iTsU=,GMV5aJ7oWDkoXIBoNTSYEP0f7z8=
-27,-22,vIZhWcTc3oTdDvHnQXqz+N2iTsU=,zwIzW3By+wr8ieEqRnFnTXLsne8=
-26,-24,vIZhWcTc3oTdDvHnQXqz+N2iTsU=,GMV5aJ7oWDkoXIBoNTSYEP0f7z8=
-29,-20,vIZhWcTc3oTdDvHnQXqz+N2iTsU=,D+tFIyupH2F4VmPqXQMkwkiFqeg=
-28,-20,vIZhWcTc3oTdDvHnQXqz+N2iTsU=,iiNmgfdbxzpIlz4esRP7wDSPUGg=
-27,-24,vIZhWcTc3oTdDvHnQXqz+N2iTsU=,vcY1XCNdOrsfu6BMXsL5+2lf9tk=
-28,-21,vIZhWcTc3oTdDvHnQXqz+N2iTsU=,zwIzW3By+wr8ieEqRnFnTXLsne8=
-27,-23,vIZhWcTc3oTdDvHnQXqz+N2iTsU=,vcY1XCNdOrsfu6BMXsL5+2lf9tk=
-29,-21,vIZhWcTc3oTdDvHnQXqz+N2iTsU=,RFLA60xfeKCir+Yqf1CjLVOzqRk=
-29,-22,vIZhWcTc3oTdDvHnQXqz+N2iTsU=,RFLA60xfeKCir+Yqf1CjLVOzqRk=
-28,-22,vIZhWcTc3oTdDvHnQXqz+N2iTsU=,zwIzW3By+wr8ieEqRnFnTXLsne8=
-28,-23,vIZhWcTc3oTdDvHnQXqz+N2iTsU=,vcY1XCNdOrsfu6BMXsL5+2lf9tk=
-29,-25,vIZhWcTc3oTdDvHnQXqz+N2iTsU=,4m3/17Ml7yt8ZLeUYt6LQdxe36s=
-29,-23,vIZhWcTc3oTdDvHnQXqz+N2iTsU=,VQw7jn8lUb2aHyHkqC/qygpYVM0=
-29,-24,vIZhWcTc3oTdDvHnQXqz+N2iTsU=,VQw7jn8lUb2aHyHkqC/qygpYVM0=
-28,-25,vIZhWcTc3oTdDvHnQXqz+N2iTsU=,w4H5uz4JNDA/urwL7/ycghiArzE=
-28,-24,vIZhWcTc3oTdDvHnQXqz+N2iTsU=,vcY1XCNdOrsfu6BMXsL5+2lf9tk=
-27,-27,vIZhWcTc3oTdDvHnQXqz+N2iTsU=,i4iLfyvuVL5Y/f0bdlGMtHUfAEM=
-26,-27,vIZhWcTc3oTdDvHnQXqz+N2iTsU=,y6NQnlD4q2f9+iD5JesL3ejb4UM=
-27,-26,vIZhWcTc3oTdDvHnQXqz+N2iTsU=,w4H5uz4JNDA/urwL7/ycghiArzE=
-24,-27,vIZhWcTc3oTdDvHnQXqz+N2iTsU=,TkaqftODWSwDRdahc/KbxuXBR8k=
-25,-27,vIZhWcTc3oTdDvHnQXqz+N2iTsU=,y6NQnlD4q2f9+iD5JesL3ejb4UM=
-24,-26,vIZhWcTc3oTdDvHnQXqz+N2iTsU=,cLLj1g4ZF7IvVvEThVXsmG6xSyE=
-26,-26,vIZhWcTc3oTdDvHnQXqz+N2iTsU=,iQBJQcg2FyaO1JezJIt7Rkq4jq8=
-25,-26,vIZhWcTc3oTdDvHnQXqz+N2iTsU=,iQBJQcg2FyaO1JezJIt7Rkq4jq8=
-29,-26,vIZhWcTc3oTdDvHnQXqz+N2iTsU=,4m3/17Ml7yt8ZLeUYt6LQdxe36s=
-28,-27,vIZhWcTc3oTdDvHnQXqz+N2iTsU=,i4iLfyvuVL5Y/f0bdlGMtHUfAEM=
-29,-27,vIZhWcTc3oTdDvHnQXqz+N2iTsU=,CkIDmQt3NBiGuOnSqHiIvZyScP4=
-28,-26,vIZhWcTc3oTdDvHnQXqz+N2iTsU=,w4H5uz4JNDA/urwL7/ycghiArzE=
-30,-26,vIZhWcTc3oTdDvHnQXqz+N2iTsU=,4m3/17Ml7yt8ZLeUYt6LQdxe36s=
-30,-27,vIZhWcTc3oTdDvHnQXqz+N2iTsU=,CkIDmQt3NBiGuOnSqHiIvZyScP4=
-30,-25,vIZhWcTc3oTdDvHnQXqz+N2iTsU=,4m3/17Ml7yt8ZLeUYt6LQdxe36s=
-22,-30,vIZhWcTc3oTdDvHnQXqz+N2iTsU=,3HDpxeAxQvebXc9o7NlX7g2ie20=
-23,-30,vIZhWcTc3oTdDvHnQXqz+N2iTsU=,OGTqRBFjoOBQVrYlqKZlJThCKQc=
-30,-24,vIZhWcTc3oTdDvHnQXqz+N2iTsU=,VQw7jn8lUb2aHyHkqC/qygpYVM0=
-27,-19,vIZhWcTc3oTdDvHnQXqz+N2iTsU=,iiNmgfdbxzpIlz4esRP7wDSPUGg=
-26,-18,vIZhWcTc3oTdDvHnQXqz+N2iTsU=,njKl8uAE0VogLJNYyIxr/x1Rg38=
-26,-19,vIZhWcTc3oTdDvHnQXqz+N2iTsU=,iG7f8VvUQ5liNd3uDFBOjQzKeIo=
-28,-19,vIZhWcTc3oTdDvHnQXqz+N2iTsU=,iiNmgfdbxzpIlz4esRP7wDSPUGg=
-29,-17,vIZhWcTc3oTdDvHnQXqz+N2iTsU=,uw09Hi0rT/0PGG+MHAXQQG6k4Z8=
-29,-18,vIZhWcTc3oTdDvHnQXqz+N2iTsU=,uw09Hi0rT/0PGG+MHAXQQG6k4Z8=
-29,-19,vIZhWcTc3oTdDvHnQXqz+N2iTsU=,D+tFIyupH2F4VmPqXQMkwkiFqeg=
-30,-18,vIZhWcTc3oTdDvHnQXqz+N2iTsU=,uw09Hi0rT/0PGG+MHAXQQG6k4Z8=
-26,-17,vIZhWcTc3oTdDvHnQXqz+N2iTsU=,njKl8uAE0VogLJNYyIxr/x1Rg38=
-30,-19,vIZhWcTc3oTdDvHnQXqz+N2iTsU=,D+tFIyupH2F4VmPqXQMkwkiFqeg=
-22,-17,vIZhWcTc3oTdDvHnQXqz+N2iTsU=,KpZK2JsH3+dQP6jTGEMsnel8cyk=
-23,-17,vIZhWcTc3oTdDvHnQXqz+N2iTsU=,NOdj8S1hHE9tUmIiI6YkpBfUy+E=
-25,-17,vIZhWcTc3oTdDvHnQXqz+N2iTsU=,njKl8uAE0VogLJNYyIxr/x1Rg38=
-21,-17,vIZhWcTc3oTdDvHnQXqz+N2iTsU=,KpZK2JsH3+dQP6jTGEMsnel8cyk=
-24,-17,vIZhWcTc3oTdDvHnQXqz+N2iTsU=,NOdj8S1hHE9tUmIiI6YkpBfUy+E=
-20,-17,vIZhWcTc3oTdDvHnQXqz+N2iTsU=,JkxQQSfc9bcVED14nEJ0ugf/HlE=
-30,-30,vIZhWcTc3oTdDvHnQXqz+N2iTsU=,FlTSDwItDjSE570wMp5MlRCOnHY=
-24,-29,vIZhWcTc3oTdDvHnQXqz+N2iTsU=,OGTqRBFjoOBQVrYlqKZlJThCKQc=
-30,-29,vIZhWcTc3oTdDvHnQXqz+N2iTsU=,FlTSDwItDjSE570wMp5MlRCOnHY=
-30,-28,vIZhWcTc3oTdDvHnQXqz+N2iTsU=,CkIDmQt3NBiGuOnSqHiIvZyScP4=
-29,-28,vIZhWcTc3oTdDvHnQXqz+N2iTsU=,CkIDmQt3NBiGuOnSqHiIvZyScP4=
-28,-29,vIZhWcTc3oTdDvHnQXqz+N2iTsU=,0VUha4u30xMQ41Ylh1ux2yW0njI=
-28,-28,vIZhWcTc3oTdDvHnQXqz+N2iTsU=,i4iLfyvuVL5Y/f0bdlGMtHUfAEM=
-29,-29,vIZhWcTc3oTdDvHnQXqz+N2iTsU=,FlTSDwItDjSE570wMp5MlRCOnHY=
-29,-30,vIZhWcTc3oTdDvHnQXqz+N2iTsU=,FlTSDwItDjSE570wMp5MlRCOnHY=
-25,-29,vIZhWcTc3oTdDvHnQXqz+N2iTsU=,wIAmxgHJ4Jd2NquGZIgfwnJTTgs=
-27,-30,vIZhWcTc3oTdDvHnQXqz+N2iTsU=,0VUha4u30xMQ41Ylh1ux2yW0njI=
-19,-17,vIZhWcTc3oTdDvHnQXqz+N2iTsU=,JkxQQSfc9bcVED14nEJ0ugf/HlE=
-24,-28,vIZhWcTc3oTdDvHnQXqz+N2iTsU=,TkaqftODWSwDRdahc/KbxuXBR8k=
-18,-17,vIZhWcTc3oTdDvHnQXqz+N2iTsU=,o1jcTfB4tQ7ZoAAtIFChWey1cCA=
-17,-18,vIZhWcTc3oTdDvHnQXqz+N2iTsU=,o1jcTfB4tQ7ZoAAtIFChWey1cCA=
-28,-30,vIZhWcTc3oTdDvHnQXqz+N2iTsU=,0VUha4u30xMQ41Ylh1ux2yW0njI=
-27,-29,vIZhWcTc3oTdDvHnQXqz+N2iTsU=,0VUha4u30xMQ41Ylh1ux2yW0njI=
-27,-28,vIZhWcTc3oTdDvHnQXqz+N2iTsU=,i4iLfyvuVL5Y/f0bdlGMtHUfAEM=
-25,-30,vIZhWcTc3oTdDvHnQXqz+N2iTsU=,wIAmxgHJ4Jd2NquGZIgfwnJTTgs=
-25,-28,vIZhWcTc3oTdDvHnQXqz+N2iTsU=,y6NQnlD4q2f9+iD5JesL3ejb4UM=
-30,-22,vIZhWcTc3oTdDvHnQXqz+N2iTsU=,RFLA60xfeKCir+Yqf1CjLVOzqRk=
-30,-21,vIZhWcTc3oTdDvHnQXqz+N2iTsU=,RFLA60xfeKCir+Yqf1CjLVOzqRk=
-24,-30,vIZhWcTc3oTdDvHnQXqz+N2iTsU=,OGTqRBFjoOBQVrYlqKZlJThCKQc=
-26,-28,vIZhWcTc3oTdDvHnQXqz+N2iTsU=,y6NQnlD4q2f9+iD5JesL3ejb4UM=
-19,-30,vIZhWcTc3oTdDvHnQXqz+N2iTsU=,a8bHa9XzFj53UyW0v4AmMxcinZo=
-26,-30,vIZhWcTc3oTdDvHnQXqz+N2iTsU=,wIAmxgHJ4Jd2NquGZIgfwnJTTgs=
-30,-20,vIZhWcTc3oTdDvHnQXqz+N2iTsU=,D+tFIyupH2F4VmPqXQMkwkiFqeg=
-26,-29,vIZhWcTc3oTdDvHnQXqz+N2iTsU=,wIAmxgHJ4Jd2NquGZIgfwnJTTgs=
-17,-23,vIZhWcTc3oTdDvHnQXqz+N2iTsU=,J3cjDsocBM88xCgafMoXnrO2DMc=
-18,-30,vIZhWcTc3oTdDvHnQXqz+N2iTsU=,WY4QEdStzQC27KfnVvBUMJY9vvA=
-17,-22,vIZhWcTc3oTdDvHnQXqz+N2iTsU=,2uqo+UDFetAw98pU5REw09VQ+4E=
-20,-30,vIZhWcTc3oTdDvHnQXqz+N2iTsU=,a8bHa9XzFj53UyW0v4AmMxcinZo=
-17,-19,vIZhWcTc3oTdDvHnQXqz+N2iTsU=,V/VQqn0vMw2wGVyap81mnuRgXDU=
-17,-21,vIZhWcTc3oTdDvHnQXqz+N2iTsU=,2uqo+UDFetAw98pU5REw09VQ+4E=
-30,-23,vIZhWcTc3oTdDvHnQXqz+N2iTsU=,VQw7jn8lUb2aHyHkqC/qygpYVM0=
-17,-29,vIZhWcTc3oTdDvHnQXqz+N2iTsU=,WY4QEdStzQC27KfnVvBUMJY9vvA=
-30,-17,vIZhWcTc3oTdDvHnQXqz+N2iTsU=,uw09Hi0rT/0PGG+MHAXQQG6k4Z8=
-17,-28,vIZhWcTc3oTdDvHnQXqz+N2iTsU=,aBgNne51S7GHEZt9Yj+XK4zqr54=
-17,-26,vIZhWcTc3oTdDvHnQXqz+N2iTsU=,wBBp1xVcntCmBp+jVpoS8wEVWec=
-17,-20,vIZhWcTc3oTdDvHnQXqz+N2iTsU=,V/VQqn0vMw2wGVyap81mnuRgXDU=
-21,-30,vIZhWcTc3oTdDvHnQXqz+N2iTsU=,3HDpxeAxQvebXc9o7NlX7g2ie20=
-17,-30,vIZhWcTc3oTdDvHnQXqz+N2iTsU=,WY4QEdStzQC27KfnVvBUMJY9vvA=
-17,-27,vIZhWcTc3oTdDvHnQXqz+N2iTsU=,aBgNne51S7GHEZt9Yj+XK4zqr54=
-17,-24,vIZhWcTc3oTdDvHnQXqz+N2iTsU=,J3cjDsocBM88xCgafMoXnrO2DMc=
-17,-17,vIZhWcTc3oTdDvHnQXqz+N2iTsU=,o1jcTfB4tQ7ZoAAtIFChWey1cCA=
-17,-25,vIZhWcTc3oTdDvHnQXqz+N2iTsU=,wBBp1xVcntCmBp+jVpoS8wEVWec=
-29,-11,vIZhWcTc3oTdDvHnQXqz+N2iTsU=,jtem0Jdb/PhsVbv0k5VEAyczXSY=
-28,-10,vIZhWcTc3oTdDvHnQXqz+N2iTsU=,kMOnPTMAT9orX6MsLop/MpZ497k=
-29,-10,vIZhWcTc3oTdDvHnQXqz+N2iTsU=,kLnYCbPhjx01PMCZVrirXNBGvGg=
-28,-11,vIZhWcTc3oTdDvHnQXqz+N2iTsU=,NgE6LTzMXHhhg4ufbKAv+IU+K+s=
-27,-10,vIZhWcTc3oTdDvHnQXqz+N2iTsU=,kMOnPTMAT9orX6MsLop/MpZ497k=
-26,-10,vIZhWcTc3oTdDvHnQXqz+N2iTsU=,RIRRIjr3DsJFPnZ58mpKGYBiW4Y=
-26,-11,vIZhWcTc3oTdDvHnQXqz+N2iTsU=,wnjEYipmittlhlULk945VlzCLx4=
-27,-11,B1sBAtBX5zz6VJc1coMoD1KxmN4=,NgE6LTzMXHhhg4ufbKAv+IU+K+s=
-24,-11,B1sBAtBX5zz6VJc1coMoD1KxmN4=,t7boszS0LZqapG35Arh549koQX8=
-25,-10,B1sBAtBX5zz6VJc1coMoD1KxmN4=,RIRRIjr3DsJFPnZ58mpKGYBiW4Y=
-24,-10,B1sBAtBX5zz6VJc1coMoD1KxmN4=,bkACBi/mAjVTlF57TSI1pDHaIqw=
-25,-11,B1sBAtBX5zz6VJc1coMoD1KxmN4=,wnjEYipmittlhlULk945VlzCLx4=
-25,-6,B1sBAtBX5zz6VJc1coMoD1KxmN4=,+5ebyOQrAY38NQFe0A+ilxZpz5E=
-24,-6,B1sBAtBX5zz6VJc1coMoD1KxmN4=,5JERsRhgoVf2Vt2pDE5r+FYhZjA=
-24,-9,B1sBAtBX5zz6VJc1coMoD1KxmN4=,bkACBi/mAjVTlF57TSI1pDHaIqw=
-25,-7,B1sBAtBX5zz6VJc1coMoD1KxmN4=,eFH+335SbkBygwBd5Ruj1JYep6s=
-24,-7,B1sBAtBX5zz6VJc1coMoD1KxmN4=,S64jPypmHdS2V+uSF3Eo7FsVbnk=
-25,-8,B1sBAtBX5zz6VJc1coMoD1KxmN4=,eFH+335SbkBygwBd5Ruj1JYep6s=
-24,-8,B1sBAtBX5zz6VJc1coMoD1KxmN4=,S64jPypmHdS2V+uSF3Eo7FsVbnk=
-25,-9,B1sBAtBX5zz6VJc1coMoD1KxmN4=,RIRRIjr3DsJFPnZ58mpKGYBiW4Y=
-22,-5,B1sBAtBX5zz6VJc1coMoD1KxmN4=,5VG95wpb1qbU34MXxOBwnubfF4A=
-25,-5,B1sBAtBX5zz6VJc1coMoD1KxmN4=,+5ebyOQrAY38NQFe0A+ilxZpz5E=
-25,-4,B1sBAtBX5zz6VJc1coMoD1KxmN4=,WV/jxJXfYk8U9QLNryr0Vu1bkzc=
-22,-4,B1sBAtBX5zz6VJc1coMoD1KxmN4=,BdZlN5uf8WFsndWcKJiq6uPKvj0=
-23,-5,B1sBAtBX5zz6VJc1coMoD1KxmN4=,5JERsRhgoVf2Vt2pDE5r+FYhZjA=
-24,-4,B1sBAtBX5zz6VJc1coMoD1KxmN4=,DtIz9p6X32IbmkWX2950dCnApOM=
-24,-5,B1sBAtBX5zz6VJc1coMoD1KxmN4=,5JERsRhgoVf2Vt2pDE5r+FYhZjA=
-23,-4,B1sBAtBX5zz6VJc1coMoD1KxmN4=,DtIz9p6X32IbmkWX2950dCnApOM=
-22,-3,B1sBAtBX5zz6VJc1coMoD1KxmN4=,BdZlN5uf8WFsndWcKJiq6uPKvj0=
-23,-3,B1sBAtBX5zz6VJc1coMoD1KxmN4=,DtIz9p6X32IbmkWX2950dCnApOM=
-23,-2,4zr3S/9wmteIK+AZOJJINiisvU0=,GnE1HjzncJz2mbejmQF8FqLQkFk=
-21,-5,4zr3S/9wmteIK+AZOJJINiisvU0=,5VG95wpb1qbU34MXxOBwnubfF4A=
-22,-2,4zr3S/9wmteIK+AZOJJINiisvU0=,vh5aKr9yamWzKRMtJkwyFKfdQ0Q=
-21,-4,4zr3S/9wmteIK+AZOJJINiisvU0=,BdZlN5uf8WFsndWcKJiq6uPKvj0=
-23,-6,4zr3S/9wmteIK+AZOJJINiisvU0=,5JERsRhgoVf2Vt2pDE5r+FYhZjA=
-20,-4,4zr3S/9wmteIK+AZOJJINiisvU0=,ZhAphgllYOUGnlK60CmY636udlA=
-20,-5,4zr3S/9wmteIK+AZOJJINiisvU0=,Lx4gbOb8O6c0N3FvvsQ1GEtkhkM=
-23,-7,4zr3S/9wmteIK+AZOJJINiisvU0=,S64jPypmHdS2V+uSF3Eo7FsVbnk=
-22,-6,4zr3S/9wmteIK+AZOJJINiisvU0=,5VG95wpb1qbU34MXxOBwnubfF4A=
-21,-3,4zr3S/9wmteIK+AZOJJINiisvU0=,BdZlN5uf8WFsndWcKJiq6uPKvj0=
-20,-3,4zr3S/9wmteIK+AZOJJINiisvU0=,ZhAphgllYOUGnlK60CmY636udlA=
-22,-7,4zr3S/9wmteIK+AZOJJINiisvU0=,+gjd3n1eBgdTTKjeoI3KLX3ThZA=
-20,-2,4zr3S/9wmteIK+AZOJJINiisvU0=,fdP4OI6aF7UGpGCTvz6lkUqrLvs=
-21,-2,4zr3S/9wmteIK+AZOJJINiisvU0=,vh5aKr9yamWzKRMtJkwyFKfdQ0Q=
-21,-6,4zr3S/9wmteIK+AZOJJINiisvU0=,5VG95wpb1qbU34MXxOBwnubfF4A=
-21,-7,4zr3S/9wmteIK+AZOJJINiisvU0=,+gjd3n1eBgdTTKjeoI3KLX3ThZA=
-20,-6,4zr3S/9wmteIK+AZOJJINiisvU0=,Lx4gbOb8O6c0N3FvvsQ1GEtkhkM=
-20,-7,4zr3S/9wmteIK+AZOJJINiisvU0=,ZJFk79i3W7ArhtVXoPuh40Q2km8=
-22,-9,4zr3S/9wmteIK+AZOJJINiisvU0=,lcWXJq6z0IwrFbsHVDbh0PP+A5s=
-22,-8,4zr3S/9wmteIK+AZOJJINiisvU0=,+gjd3n1eBgdTTKjeoI3KLX3ThZA=
-23,-9,4zr3S/9wmteIK+AZOJJINiisvU0=,bkACBi/mAjVTlF57TSI1pDHaIqw=
-23,-8,4zr3S/9wmteIK+AZOJJINiisvU0=,S64jPypmHdS2V+uSF3Eo7FsVbnk=
-21,-9,4zr3S/9wmteIK+AZOJJINiisvU0=,lcWXJq6z0IwrFbsHVDbh0PP+A5s=
-21,-8,4zr3S/9wmteIK+AZOJJINiisvU0=,+gjd3n1eBgdTTKjeoI3KLX3ThZA=
-20,-9,4zr3S/9wmteIK+AZOJJINiisvU0=,RzAU2EsJ84z8Gew0SyxeifMNhjo=
-20,-8,9PSIvpyRcpHwT+fa3j5MaCrd+IQ=,ZJFk79i3W7ArhtVXoPuh40Q2km8=
-19,-9,9PSIvpyRcpHwT+fa3j5MaCrd+IQ=,RzAU2EsJ84z8Gew0SyxeifMNhjo=
-18,-9,9PSIvpyRcpHwT+fa3j5MaCrd+IQ=,VwUgOwbY0hv9ZFa5vgUKlBACXtc=
-18,-8,9PSIvpyRcpHwT+fa3j5MaCrd+IQ=,9lrSLgmkOGDxd0XfelM2nw6tqmQ=
-19,-8,9PSIvpyRcpHwT+fa3j5MaCrd+IQ=,ZJFk79i3W7ArhtVXoPuh40Q2km8=
-18,-10,9PSIvpyRcpHwT+fa3j5MaCrd+IQ=,VwUgOwbY0hv9ZFa5vgUKlBACXtc=
-19,-10,9PSIvpyRcpHwT+fa3j5MaCrd+IQ=,RzAU2EsJ84z8Gew0SyxeifMNhjo=
-19,-11,9PSIvpyRcpHwT+fa3j5MaCrd+IQ=,7pKBHurASUHJJ0xr9mzvLL1j1NM=
-18,-11,9PSIvpyRcpHwT+fa3j5MaCrd+IQ=,l1lw+2JLPU/jaKWgOe4lgBfhyiw=
-19,-13,9PSIvpyRcpHwT+fa3j5MaCrd+IQ=,/G19YigkhRT52O8dCCOGxykGC18=
-18,-13,9PSIvpyRcpHwT+fa3j5MaCrd+IQ=,8R3OCR6y17Q6+sWJVtY5nPC0iBI=
-18,-12,9PSIvpyRcpHwT+fa3j5MaCrd+IQ=,l1lw+2JLPU/jaKWgOe4lgBfhyiw=
-19,-12,9PSIvpyRcpHwT+fa3j5MaCrd+IQ=,7pKBHurASUHJJ0xr9mzvLL1j1NM=
-25,-13,9PSIvpyRcpHwT+fa3j5MaCrd+IQ=,+FiXjUK3LnKW8sU7/9p2dGNeukk=
-24,-13,9PSIvpyRcpHwT+fa3j5MaCrd+IQ=,u9+0wOH87IFpc+X7rvYMftJOgFE=
-25,-12,9PSIvpyRcpHwT+fa3j5MaCrd+IQ=,wnjEYipmittlhlULk945VlzCLx4=
-24,-12,9PSIvpyRcpHwT+fa3j5MaCrd+IQ=,t7boszS0LZqapG35Arh549koQX8=
-21,-15,9PSIvpyRcpHwT+fa3j5MaCrd+IQ=,Y7S1oLLUM82zgkFM9/XioCq7IhY=
-20,-14,9PSIvpyRcpHwT+fa3j5MaCrd+IQ=,/G19YigkhRT52O8dCCOGxykGC18=
-21,-14,9PSIvpyRcpHwT+fa3j5MaCrd+IQ=,dhQL/rk0TYYzEmwhzy3B1dKttKc=
-20,-15,9PSIvpyRcpHwT+fa3j5MaCrd+IQ=,rNBOlR63huVaoCEPyMir2552Fng=
-22,-15,9PSIvpyRcpHwT+fa3j5MaCrd+IQ=,Y7S1oLLUM82zgkFM9/XioCq7IhY=
-23,-15,9PSIvpyRcpHwT+fa3j5MaCrd+IQ=,RVKLAIiYWDvwcepwfrqybogtx+Y=
-23,-14,9PSIvpyRcpHwT+fa3j5MaCrd+IQ=,u9+0wOH87IFpc+X7rvYMftJOgFE=
-22,-14,9PSIvpyRcpHwT+fa3j5MaCrd+IQ=,dhQL/rk0TYYzEmwhzy3B1dKttKc=
-26,-12,9PSIvpyRcpHwT+fa3j5MaCrd+IQ=,wnjEYipmittlhlULk945VlzCLx4=
-26,-13,9PSIvpyRcpHwT+fa3j5MaCrd+IQ=,+FiXjUK3LnKW8sU7/9p2dGNeukk=
-27,-12,9PSIvpyRcpHwT+fa3j5MaCrd+IQ=,NgE6LTzMXHhhg4ufbKAv+IU+K+s=
-27,-13,9PSIvpyRcpHwT+fa3j5MaCrd+IQ=,x7fFLZMJvKVpp+rGBGP8hXVAlrc=
-27,-15,9PSIvpyRcpHwT+fa3j5MaCrd+IQ=,9LK8QZmAsvtaZNfkUpnxXiG1NkE=
-26,-14,9PSIvpyRcpHwT+fa3j5MaCrd+IQ=,+FiXjUK3LnKW8sU7/9p2dGNeukk=
-26,-15,9PSIvpyRcpHwT+fa3j5MaCrd+IQ=,fyqiBH7+BEXbcPRAhOgi8cShACE=
-26,-16,9PSIvpyRcpHwT+fa3j5MaCrd+IQ=,fyqiBH7+BEXbcPRAhOgi8cShACE=
-27,-16,9PSIvpyRcpHwT+fa3j5MaCrd+IQ=,9LK8QZmAsvtaZNfkUpnxXiG1NkE=
-27,-14,9PSIvpyRcpHwT+fa3j5MaCrd+IQ=,x7fFLZMJvKVpp+rGBGP8hXVAlrc=
-28,-13,9PSIvpyRcpHwT+fa3j5MaCrd+IQ=,x7fFLZMJvKVpp+rGBGP8hXVAlrc=
-29,-12,9PSIvpyRcpHwT+fa3j5MaCrd+IQ=,jtem0Jdb/PhsVbv0k5VEAyczXSY=
-29,-13,9PSIvpyRcpHwT+fa3j5MaCrd+IQ=,Ce0gjF+H5N9ZA8F8OAlDHfLFZT8=
-28,-12,9PSIvpyRcpHwT+fa3j5MaCrd+IQ=,NgE6LTzMXHhhg4ufbKAv+IU+K+s=
-25,-15,9PSIvpyRcpHwT+fa3j5MaCrd+IQ=,fyqiBH7+BEXbcPRAhOgi8cShACE=
-31,-12,9PSIvpyRcpHwT+fa3j5MaCrd+IQ=,sUFC7JxZ4tvk+E3O83gLH267qbI=
-27,-9,9PSIvpyRcpHwT+fa3j5MaCrd+IQ=,kMOnPTMAT9orX6MsLop/MpZ497k=
-28,-9,9PSIvpyRcpHwT+fa3j5MaCrd+IQ=,kMOnPTMAT9orX6MsLop/MpZ497k=
-30,-12,9PSIvpyRcpHwT+fa3j5MaCrd+IQ=,jtem0Jdb/PhsVbv0k5VEAyczXSY=
-26,-8,9PSIvpyRcpHwT+fa3j5MaCrd+IQ=,eFH+335SbkBygwBd5Ruj1JYep6s=
-26,-7,9PSIvpyRcpHwT+fa3j5MaCrd+IQ=,eFH+335SbkBygwBd5Ruj1JYep6s=
-29,-9,9PSIvpyRcpHwT+fa3j5MaCrd+IQ=,kLnYCbPhjx01PMCZVrirXNBGvGg=
-30,-13,9PSIvpyRcpHwT+fa3j5MaCrd+IQ=,Ce0gjF+H5N9ZA8F8OAlDHfLFZT8=
-26,-6,9PSIvpyRcpHwT+fa3j5MaCrd+IQ=,+5ebyOQrAY38NQFe0A+ilxZpz5E=
-25,-14,9PSIvpyRcpHwT+fa3j5MaCrd+IQ=,+FiXjUK3LnKW8sU7/9p2dGNeukk=
-24,-14,9PSIvpyRcpHwT+fa3j5MaCrd+IQ=,u9+0wOH87IFpc+X7rvYMftJOgFE=
-26,-9,9PSIvpyRcpHwT+fa3j5MaCrd+IQ=,RIRRIjr3DsJFPnZ58mpKGYBiW4Y=
-24,-15,9PSIvpyRcpHwT+fa3j5MaCrd+IQ=,RVKLAIiYWDvwcepwfrqybogtx+Y=
-31,-9,9PSIvpyRcpHwT+fa3j5MaCrd+IQ=,N4vbRBczWaxQBGNofLVveE+dnH4=
-30,-9,9PSIvpyRcpHwT+fa3j5MaCrd+IQ=,kLnYCbPhjx01PMCZVrirXNBGvGg=
-32,-9,9PSIvpyRcpHwT+fa3j5MaCrd+IQ=,N4vbRBczWaxQBGNofLVveE+dnH4=
-32,-10,9PSIvpyRcpHwT+fa3j5MaCrd+IQ=,N4vbRBczWaxQBGNofLVveE+dnH4=
-21,-1,9PSIvpyRcpHwT+fa3j5MaCrd+IQ=,vh5aKr9yamWzKRMtJkwyFKfdQ0Q=
-30,-11,9PSIvpyRcpHwT+fa3j5MaCrd+IQ=,jtem0Jdb/PhsVbv0k5VEAyczXSY=
-31,-11,9PSIvpyRcpHwT+fa3j5MaCrd+IQ=,sUFC7JxZ4tvk+E3O83gLH267qbI=
-32,-11,9PSIvpyRcpHwT+fa3j5MaCrd+IQ=,sUFC7JxZ4tvk+E3O83gLH267qbI=
-31,-10,9PSIvpyRcpHwT+fa3j5MaCrd+IQ=,N4vbRBczWaxQBGNofLVveE+dnH4=
-20,-1,9PSIvpyRcpHwT+fa3j5MaCrd+IQ=,fdP4OI6aF7UGpGCTvz6lkUqrLvs=
-30,-10,9PSIvpyRcpHwT+fa3j5MaCrd+IQ=,kLnYCbPhjx01PMCZVrirXNBGvGg=
-29,-15,9PSIvpyRcpHwT+fa3j5MaCrd+IQ=,qy0WnIWOpxfKRNK1q2+PROC+99c=
-28,-15,9PSIvpyRcpHwT+fa3j5MaCrd+IQ=,9LK8QZmAsvtaZNfkUpnxXiG1NkE=
-28,-16,9PSIvpyRcpHwT+fa3j5MaCrd+IQ=,9LK8QZmAsvtaZNfkUpnxXiG1NkE=
-30,-15,9PSIvpyRcpHwT+fa3j5MaCrd+IQ=,qy0WnIWOpxfKRNK1q2+PROC+99c=
-30,-16,9PSIvpyRcpHwT+fa3j5MaCrd+IQ=,qy0WnIWOpxfKRNK1q2+PROC+99c=
-29,-14,9PSIvpyRcpHwT+fa3j5MaCrd+IQ=,Ce0gjF+H5N9ZA8F8OAlDHfLFZT8=
-30,-14,9PSIvpyRcpHwT+fa3j5MaCrd+IQ=,Ce0gjF+H5N9ZA8F8OAlDHfLFZT8=
-28,-14,9PSIvpyRcpHwT+fa3j5MaCrd+IQ=,x7fFLZMJvKVpp+rGBGP8hXVAlrc=
-17,-8,9PSIvpyRcpHwT+fa3j5MaCrd+IQ=,9lrSLgmkOGDxd0XfelM2nw6tqmQ=
-29,-16,9PSIvpyRcpHwT+fa3j5MaCrd+IQ=,qy0WnIWOpxfKRNK1q2+PROC+99c=
-17,-11,9PSIvpyRcpHwT+fa3j5MaCrd+IQ=,l1lw+2JLPU/jaKWgOe4lgBfhyiw=
-17,-9,9PSIvpyRcpHwT+fa3j5MaCrd+IQ=,VwUgOwbY0hv9ZFa5vgUKlBACXtc=
-17,-10,9PSIvpyRcpHwT+fa3j5MaCrd+IQ=,VwUgOwbY0hv9ZFa5vgUKlBACXtc=
-17,-13,9PSIvpyRcpHwT+fa3j5MaCrd+IQ=,8R3OCR6y17Q6+sWJVtY5nPC0iBI=
-17,-12,9PSIvpyRcpHwT+fa3j5MaCrd+IQ=,l1lw+2JLPU/jaKWgOe4lgBfhyiw=
-17,-2,9PSIvpyRcpHwT+fa3j5MaCrd+IQ=,4WSmtZDq9IEkHZBXHR5Glznd63w=
-18,-3,9PSIvpyRcpHwT+fa3j5MaCrd+IQ=,xTu5ogJGAyFKThsni93myAu4ZyQ=
-17,-3,9PSIvpyRcpHwT+fa3j5MaCrd+IQ=,xTu5ogJGAyFKThsni93myAu4ZyQ=
-18,-2,9PSIvpyRcpHwT+fa3j5MaCrd+IQ=,4WSmtZDq9IEkHZBXHR5Glznd63w=
-18,-1,9PSIvpyRcpHwT+fa3j5MaCrd+IQ=,4WSmtZDq9IEkHZBXHR5Glznd63w=
-19,-1,9PSIvpyRcpHwT+fa3j5MaCrd+IQ=,fdP4OI6aF7UGpGCTvz6lkUqrLvs=
-19,-3,9PSIvpyRcpHwT+fa3j5MaCrd+IQ=,ZhAphgllYOUGnlK60CmY636udlA=
-19,-2,9PSIvpyRcpHwT+fa3j5MaCrd+IQ=,fdP4OI6aF7UGpGCTvz6lkUqrLvs=
-22,-16,9PSIvpyRcpHwT+fa3j5MaCrd+IQ=,Y7S1oLLUM82zgkFM9/XioCq7IhY=
-23,-16,9PSIvpyRcpHwT+fa3j5MaCrd+IQ=,RVKLAIiYWDvwcepwfrqybogtx+Y=
-24,-16,9PSIvpyRcpHwT+fa3j5MaCrd+IQ=,RVKLAIiYWDvwcepwfrqybogtx+Y=
-21,-16,9PSIvpyRcpHwT+fa3j5MaCrd+IQ=,Y7S1oLLUM82zgkFM9/XioCq7IhY=
-20,-16,9PSIvpyRcpHwT+fa3j5MaCrd+IQ=,rNBOlR63huVaoCEPyMir2552Fng=
-32,-12,9PSIvpyRcpHwT+fa3j5MaCrd+IQ=,sUFC7JxZ4tvk+E3O83gLH267qbI=
-25,-16,9PSIvpyRcpHwT+fa3j5MaCrd+IQ=,fyqiBH7+BEXbcPRAhOgi8cShACE=
-26,-5,9PSIvpyRcpHwT+fa3j5MaCrd+IQ=,+5ebyOQrAY38NQFe0A+ilxZpz5E=
-23,-1,9PSIvpyRcpHwT+fa3j5MaCrd+IQ=,GnE1HjzncJz2mbejmQF8FqLQkFk=
-22,-1,9PSIvpyRcpHwT+fa3j5MaCrd+IQ=,vh5aKr9yamWzKRMtJkwyFKfdQ0Q=
-26,-4,9PSIvpyRcpHwT+fa3j5MaCrd+IQ=,WV/jxJXfYk8U9QLNryr0Vu1bkzc=
-17,-7,9PSIvpyRcpHwT+fa3j5MaCrd+IQ=,9lrSLgmkOGDxd0XfelM2nw6tqmQ=
-19,-6,9PSIvpyRcpHwT+fa3j5MaCrd+IQ=,Lx4gbOb8O6c0N3FvvsQ1GEtkhkM=
-18,-6,9PSIvpyRcpHwT+fa3j5MaCrd+IQ=,YPm3/zWV2vyeh4I0whF1T3uw4mY=
-18,-7,9PSIvpyRcpHwT+fa3j5MaCrd+IQ=,9lrSLgmkOGDxd0XfelM2nw6tqmQ=
-19,-5,9PSIvpyRcpHwT+fa3j5MaCrd+IQ=,Lx4gbOb8O6c0N3FvvsQ1GEtkhkM=
-17,-5,9PSIvpyRcpHwT+fa3j5MaCrd+IQ=,YPm3/zWV2vyeh4I0whF1T3uw4mY=
-18,-4,9PSIvpyRcpHwT+fa3j5MaCrd+IQ=,xTu5ogJGAyFKThsni93myAu4ZyQ=
-17,-6,9PSIvpyRcpHwT+fa3j5MaCrd+IQ=,YPm3/zWV2vyeh4I0whF1T3uw4mY=
-17,-4,9PSIvpyRcpHwT+fa3j5MaCrd+IQ=,xTu5ogJGAyFKThsni93myAu4ZyQ=
-18,-5,9PSIvpyRcpHwT+fa3j5MaCrd+IQ=,YPm3/zWV2vyeh4I0whF1T3uw4mY=
-19,-7,9PSIvpyRcpHwT+fa3j5MaCrd+IQ=,ZJFk79i3W7ArhtVXoPuh40Q2km8=
-19,-4,9PSIvpyRcpHwT+fa3j5MaCrd+IQ=,ZhAphgllYOUGnlK60CmY636udlA=
-17,-1,9PSIvpyRcpHwT+fa3j5MaCrd+IQ=,4WSmtZDq9IEkHZBXHR5Glznd63w=
-26,-1,9PSIvpyRcpHwT+fa3j5MaCrd+IQ=,AWSRzaAOCNpoTb0/BU6j6kDKFu8=
-26,-2,9PSIvpyRcpHwT+fa3j5MaCrd+IQ=,AWSRzaAOCNpoTb0/BU6j6kDKFu8=
-24,-3,9PSIvpyRcpHwT+fa3j5MaCrd+IQ=,DtIz9p6X32IbmkWX2950dCnApOM=
-25,-3,9PSIvpyRcpHwT+fa3j5MaCrd+IQ=,WV/jxJXfYk8U9QLNryr0Vu1bkzc=
-26,-3,9PSIvpyRcpHwT+fa3j5MaCrd+IQ=,WV/jxJXfYk8U9QLNryr0Vu1bkzc=
-24,-2,9PSIvpyRcpHwT+fa3j5MaCrd+IQ=,GnE1HjzncJz2mbejmQF8FqLQkFk=
-25,-2,9PSIvpyRcpHwT+fa3j5MaCrd+IQ=,AWSRzaAOCNpoTb0/BU6j6kDKFu8=
-25,-1,9PSIvpyRcpHwT+fa3j5MaCrd+IQ=,AWSRzaAOCNpoTb0/BU6j6kDKFu8=
-18,-15,9PSIvpyRcpHwT+fa3j5MaCrd+IQ=,tTD0LipO7ubWt7UeYuTPgJcaEXo=
-17,-15,9PSIvpyRcpHwT+fa3j5MaCrd+IQ=,tTD0LipO7ubWt7UeYuTPgJcaEXo=
-19,-14,9PSIvpyRcpHwT+fa3j5MaCrd+IQ=,/G19YigkhRT52O8dCCOGxykGC18=
-19,-15,9PSIvpyRcpHwT+fa3j5MaCrd+IQ=,rNBOlR63huVaoCEPyMir2552Fng=
-19,-16,9PSIvpyRcpHwT+fa3j5MaCrd+IQ=,rNBOlR63huVaoCEPyMir2552Fng=
-23,-13,9PSIvpyRcpHwT+fa3j5MaCrd+IQ=,u9+0wOH87IFpc+X7rvYMftJOgFE=
-24,-1,9PSIvpyRcpHwT+fa3j5MaCrd+IQ=,GnE1HjzncJz2mbejmQF8FqLQkFk=
-18,-14,9PSIvpyRcpHwT+fa3j5MaCrd+IQ=,8R3OCR6y17Q6+sWJVtY5nPC0iBI=
-18,-16,9PSIvpyRcpHwT+fa3j5MaCrd+IQ=,tTD0LipO7ubWt7UeYuTPgJcaEXo=
-17,-14,9PSIvpyRcpHwT+fa3j5MaCrd+IQ=,8R3OCR6y17Q6+sWJVtY5nPC0iBI=
-17,-16,9PSIvpyRcpHwT+fa3j5MaCrd+IQ=,tTD0LipO7ubWt7UeYuTPgJcaEXo=
-23,-12,9PSIvpyRcpHwT+fa3j5MaCrd+IQ=,t7boszS0LZqapG35Arh549koQX8=
-21,-11,9PSIvpyRcpHwT+fa3j5MaCrd+IQ=,R8rK7cx2acKj4YCH1Bp/aaGWHZQ=
-22,-12,9PSIvpyRcpHwT+fa3j5MaCrd+IQ=,R8rK7cx2acKj4YCH1Bp/aaGWHZQ=
-21,-12,9PSIvpyRcpHwT+fa3j5MaCrd+IQ=,R8rK7cx2acKj4YCH1Bp/aaGWHZQ=
-20,-11,9PSIvpyRcpHwT+fa3j5MaCrd+IQ=,7pKBHurASUHJJ0xr9mzvLL1j1NM=
-22,-11,9PSIvpyRcpHwT+fa3j5MaCrd+IQ=,R8rK7cx2acKj4YCH1Bp/aaGWHZQ=
-21,-10,9PSIvpyRcpHwT+fa3j5MaCrd+IQ=,lcWXJq6z0IwrFbsHVDbh0PP+A5s=
-22,-13,9PSIvpyRcpHwT+fa3j5MaCrd+IQ=,dhQL/rk0TYYzEmwhzy3B1dKttKc=
-20,-10,9PSIvpyRcpHwT+fa3j5MaCrd+IQ=,RzAU2EsJ84z8Gew0SyxeifMNhjo=
-22,-10,9PSIvpyRcpHwT+fa3j5MaCrd+IQ=,lcWXJq6z0IwrFbsHVDbh0PP+A5s=
-20,-12,9PSIvpyRcpHwT+fa3j5MaCrd+IQ=,7pKBHurASUHJJ0xr9mzvLL1j1NM=
-23,-10,9PSIvpyRcpHwT+fa3j5MaCrd+IQ=,bkACBi/mAjVTlF57TSI1pDHaIqw=
-23,-11,9PSIvpyRcpHwT+fa3j5MaCrd+IQ=,t7boszS0LZqapG35Arh549koQX8=
-20,-13,9PSIvpyRcpHwT+fa3j5MaCrd+IQ=,/G19YigkhRT52O8dCCOGxykGC18=
-21,-13,9PSIvpyRcpHwT+fa3j5MaCrd+IQ=,dhQL/rk0TYYzEmwhzy3B1dKttKc=
