1,2,olxBxk0/sQlIVnfSLNdZ6I4PHQQ=,hXRD9IQ1pJtAm09z9SCAMC1m1tM=
2,1,olxBxk0/sQlIVnfSLNdZ6I4PHQQ=,mjKPXBwQS+Y8VqZwJ/ftWyVxW/A=
2,2,olxBxk0/sQlIVnfSLNdZ6I4PHQQ=,ngmrlWrtrTHmLkVzrdPGmLZY22w=
1,1,olxBxk0/sQlIVnfSLNdZ6I4PHQQ=,R1xtNswAmE+45NWcOPQrdWB3tS0=
1,3,olxBxk0/sQlIVnfSLNdZ6I4PHQQ=,hXRD9IQ1pJtAm09z9SCAMC1m1tM=
2,3,olxBxk0/sQlIVnfSLNdZ6I4PHQQ=,ngmrlWrtrTHmLkVzrdPGmLZY22w=
2,4,r6HHw2T8I7dWkABLvVr2/EvM+no=,2NdrK5XP2EY/9W1wPRPj+utzHJM=
1,4,644JoL40HGgA6K+P8zh4kBIbe+s=,MSIEKc94MMC4QeCpnc5eVzKvYiM=
1,6,olxBxk0/sQlIVnfSLNdZ6I4PHQQ=,d2ZDuxrw382lVZRj3G8B3rkc2q8=
2,6,r6HHw2T8I7dWkABLvVr2/EvM+no=,Xsr/GEVsA06wOMMIzKwGAVsjj44=
2,5,r6HHw2T8I7dWkABLvVr2/EvM+no=,2NdrK5XP2EY/9W1wPRPj+utzHJM=
1,5,644JoL40HGgA6K+P8zh4kBIbe+s=,MSIEKc94MMC4QeCpnc5eVzKvYiM=
1,7,S+q8xbVHLMeFc69Ph8K4yKXGpkw=,d2ZDuxrw382lVZRj3G8B3rkc2q8=
2,8,S+q8xbVHLMeFc69Ph8K4yKXGpkw=,O+3ztMxYIJORrwXxeH217p6Fb5U=
1,8,S+q8xbVHLMeFc69Ph8K4yKXGpkw=,oSiDAi5o68xiOhkwf+nINP1aZNE=
2,7,VAF10LCEvC1CSJJHalqs3k+TVvM=,Xsr/GEVsA06wOMMIzKwGAVsjj44=
2,9,S+q8xbVHLMeFc69Ph8K4yKXGpkw=,O+3ztMxYIJORrwXxeH217p6Fb5U=
2,10,S+q8xbVHLMeFc69Ph8K4yKXGpkw=,aQ3z6SZGv7a+YcEAdChOPR0NAzQ=
1,9,S+q8xbVHLMeFc69Ph8K4yKXGpkw=,oSiDAi5o68xiOhkwf+nINP1aZNE=
1,10,S+q8xbVHLMeFc69Ph8K4yKXGpkw=,DfMcJ2am4Mj6y3cxd9WszMJV2tE=
1,12,kX1rdVEaI+lXJwijeIqpZhk+nYs=,1OCozp139qp80Iwq+yvgo5jcB/s=
2,11,S+q8xbVHLMeFc69Ph8K4yKXGpkw=,aQ3z6SZGv7a+YcEAdChOPR0NAzQ=
1,11,S+q8xbVHLMeFc69Ph8K4yKXGpkw=,DfMcJ2am4Mj6y3cxd9WszMJV2tE=
2,12,S+q8xbVHLMeFc69Ph8K4yKXGpkw=,wnsEOnyucxMkQfzBC6K3d6EWCmQ=
1,14,S+q8xbVHLMeFc69Ph8K4yKXGpkw=,Dp5KufN9RAN+CoXIsgGLzxE9RYQ=
2,13,S+q8xbVHLMeFc69Ph8K4yKXGpkw=,wnsEOnyucxMkQfzBC6K3d6EWCmQ=
1,13,kX1rdVEaI+lXJwijeIqpZhk+nYs=,1OCozp139qp80Iwq+yvgo5jcB/s=
2,14,S+q8xbVHLMeFc69Ph8K4yKXGpkw=,UM8oRDeSmYL5+vligQKqJQoGhjg=
3,13,S+q8xbVHLMeFc69Ph8K4yKXGpkw=,wnsEOnyucxMkQfzBC6K3d6EWCmQ=
4,13,S+q8xbVHLMeFc69Ph8K4yKXGpkw=,3UYgP+3tX5XFSk1gObVSV0vLatE=
3,14,S+q8xbVHLMeFc69Ph8K4yKXGpkw=,UM8oRDeSmYL5+vligQKqJQoGhjg=
4,14,S+q8xbVHLMeFc69Ph8K4yKXGpkw=,SgsqOnneHQgMTNT0bgAaz833I84=
3,11,S+q8xbVHLMeFc69Ph8K4yKXGpkw=,aQ3z6SZGv7a+YcEAdChOPR0NAzQ=
3,9,Eqq214zQ4N58sahgybq0grEAVZY=,O+3ztMxYIJORrwXxeH217p6Fb5U=
3,10,Eqq214zQ4N58sahgybq0grEAVZY=,aQ3z6SZGv7a+YcEAdChOPR0NAzQ=
3,12,S+q8xbVHLMeFc69Ph8K4yKXGpkw=,wnsEOnyucxMkQfzBC6K3d6EWCmQ=
4,9,Eqq214zQ4N58sahgybq0grEAVZY=,w6ljIVEGvY2zAyTfq+fCYD8075U=
4,11,S+q8xbVHLMeFc69Ph8K4yKXGpkw=,IsQhIbFfC6tALrllAZvPRPkV4cs=
4,10,Eqq214zQ4N58sahgybq0grEAVZY=,IsQhIbFfC6tALrllAZvPRPkV4cs=
4,12,S+q8xbVHLMeFc69Ph8K4yKXGpkw=,3UYgP+3tX5XFSk1gObVSV0vLatE=
3,8,Eqq214zQ4N58sahgybq0grEAVZY=,O+3ztMxYIJORrwXxeH217p6Fb5U=
4,8,Eqq214zQ4N58sahgybq0grEAVZY=,w6ljIVEGvY2zAyTfq+fCYD8075U=
4,7,Eqq214zQ4N58sahgybq0grEAVZY=,ZsfNyi/4IrNE6uJfsajsSQiL+lk=
3,6,Rm/6qfuKAf6nPJotKyglk0ya+RQ=,Xsr/GEVsA06wOMMIzKwGAVsjj44=
4,6,HRAKJ22Me3bCNWdnFtGN5+is6lE=,ZsfNyi/4IrNE6uJfsajsSQiL+lk=
3,7,Rm/6qfuKAf6nPJotKyglk0ya+RQ=,Xsr/GEVsA06wOMMIzKwGAVsjj44=
4,5,Rm/6qfuKAf6nPJotKyglk0ya+RQ=,eadOjqBLYdFR9szOv3VM9BHgrWE=
3,5,Rm/6qfuKAf6nPJotKyglk0ya+RQ=,2NdrK5XP2EY/9W1wPRPj+utzHJM=
3,1,Eqq214zQ4N58sahgybq0grEAVZY=,mjKPXBwQS+Y8VqZwJ/ftWyVxW/A=
4,1,Rm/6qfuKAf6nPJotKyglk0ya+RQ=,VFkb8+/uadcvqJfk3MoTRotUvAs=
3,2,Eqq214zQ4N58sahgybq0grEAVZY=,ngmrlWrtrTHmLkVzrdPGmLZY22w=
3,4,Rm/6qfuKAf6nPJotKyglk0ya+RQ=,2NdrK5XP2EY/9W1wPRPj+utzHJM=
4,3,Rm/6qfuKAf6nPJotKyglk0ya+RQ=,tkejLw9tzpi22AKTKmKZ6QxiJ9k=
4,2,Rm/6qfuKAf6nPJotKyglk0ya+RQ=,tkejLw9tzpi22AKTKmKZ6QxiJ9k=
3,3,HRAKJ22Me3bCNWdnFtGN5+is6lE=,ngmrlWrtrTHmLkVzrdPGmLZY22w=
4,4,Rm/6qfuKAf6nPJotKyglk0ya+RQ=,eadOjqBLYdFR9szOv3VM9BHgrWE=
5,4,Rm/6qfuKAf6nPJotKyglk0ya+RQ=,eadOjqBLYdFR9szOv3VM9BHgrWE=
6,4,Rm/6qfuKAf6nPJotKyglk0ya+RQ=,2lmW3KZuDFiIEiMIzkMGz8Qz5/c=
5,3,Rm/6qfuKAf6nPJotKyglk0ya+RQ=,tkejLw9tzpi22AKTKmKZ6QxiJ9k=
6,3,Rm/6qfuKAf6nPJotKyglk0ya+RQ=,/obLSCxEVSk1sx0LZfUB7zXVhyo=
6,6,HRAKJ22Me3bCNWdnFtGN5+is6lE=,cKoxmQIxvVDJvuCiXo7MCHkjllY=
5,5,Rm/6qfuKAf6nPJotKyglk0ya+RQ=,eadOjqBLYdFR9szOv3VM9BHgrWE=
5,6,HRAKJ22Me3bCNWdnFtGN5+is6lE=,ZsfNyi/4IrNE6uJfsajsSQiL+lk=
6,5,Rm/6qfuKAf6nPJotKyglk0ya+RQ=,2lmW3KZuDFiIEiMIzkMGz8Qz5/c=
6,1,Rm/6qfuKAf6nPJotKyglk0ya+RQ=,8u0dK71MCVdcFLJczkCv3PSg6Wg=
5,1,Rm/6qfuKAf6nPJotKyglk0ya+RQ=,VFkb8+/uadcvqJfk3MoTRotUvAs=
6,2,Rm/6qfuKAf6nPJotKyglk0ya+RQ=,/obLSCxEVSk1sx0LZfUB7zXVhyo=
5,2,Rm/6qfuKAf6nPJotKyglk0ya+RQ=,tkejLw9tzpi22AKTKmKZ6QxiJ9k=
6,7,Eqq214zQ4N58sahgybq0grEAVZY=,cKoxmQIxvVDJvuCiXo7MCHkjllY=
5,8,Eqq214zQ4N58sahgybq0grEAVZY=,w6ljIVEGvY2zAyTfq+fCYD8075U=
6,8,Eqq214zQ4N58sahgybq0grEAVZY=,mAOCfiOhqaL1epZ79q7GLQQqsMw=
5,7,Eqq214zQ4N58sahgybq0grEAVZY=,ZsfNyi/4IrNE6uJfsajsSQiL+lk=
6,11,gC0W04ivI0AYQNC7bZ7WPfWN8oc=,tmQEZ0vjYhCJVWWfLCjq27Aoq0w=
6,9,Eqq214zQ4N58sahgybq0grEAVZY=,mAOCfiOhqaL1epZ79q7GLQQqsMw=
6,10,gC0W04ivI0AYQNC7bZ7WPfWN8oc=,tmQEZ0vjYhCJVWWfLCjq27Aoq0w=
5,11,S+q8xbVHLMeFc69Ph8K4yKXGpkw=,IsQhIbFfC6tALrllAZvPRPkV4cs=
5,10,Eqq214zQ4N58sahgybq0grEAVZY=,IsQhIbFfC6tALrllAZvPRPkV4cs=
6,12,gC0W04ivI0AYQNC7bZ7WPfWN8oc=,4PQXBUMl75nrKWQBt+zcLtnpQ20=
5,12,S+q8xbVHLMeFc69Ph8K4yKXGpkw=,3UYgP+3tX5XFSk1gObVSV0vLatE=
5,9,Eqq214zQ4N58sahgybq0grEAVZY=,w6ljIVEGvY2zAyTfq+fCYD8075U=
6,14,gC0W04ivI0AYQNC7bZ7WPfWN8oc=,shdmkH7vKgwVNxqDlIBCV8reecE=
6,13,gC0W04ivI0AYQNC7bZ7WPfWN8oc=,4PQXBUMl75nrKWQBt+zcLtnpQ20=
5,14,S+q8xbVHLMeFc69Ph8K4yKXGpkw=,SgsqOnneHQgMTNT0bgAaz833I84=
5,13,S+q8xbVHLMeFc69Ph8K4yKXGpkw=,3UYgP+3tX5XFSk1gObVSV0vLatE=
7,14,gC0W04ivI0AYQNC7bZ7WPfWN8oc=,shdmkH7vKgwVNxqDlIBCV8reecE=
8,14,gC0W04ivI0AYQNC7bZ7WPfWN8oc=,lS4YHJwhXOTvI/IYZVHjZNJUCz8=
7,13,gC0W04ivI0AYQNC7bZ7WPfWN8oc=,4PQXBUMl75nrKWQBt+zcLtnpQ20=
8,13,gC0W04ivI0AYQNC7bZ7WPfWN8oc=,7tC3tVIXl8v4nCxJt6v8JHcJxE0=
8,12,gC0W04ivI0AYQNC7bZ7WPfWN8oc=,7tC3tVIXl8v4nCxJt6v8JHcJxE0=
7,12,gC0W04ivI0AYQNC7bZ7WPfWN8oc=,4PQXBUMl75nrKWQBt+zcLtnpQ20=
7,11,gC0W04ivI0AYQNC7bZ7WPfWN8oc=,tmQEZ0vjYhCJVWWfLCjq27Aoq0w=
8,11,gC0W04ivI0AYQNC7bZ7WPfWN8oc=,67IL0M/eHteU7HiIq1UCxxvTktc=
7,10,gC0W04ivI0AYQNC7bZ7WPfWN8oc=,tmQEZ0vjYhCJVWWfLCjq27Aoq0w=
8,9,Eqq214zQ4N58sahgybq0grEAVZY=,XAxlS4ZZbe9LdJEfk3IbId+6Eys=
7,9,Eqq214zQ4N58sahgybq0grEAVZY=,mAOCfiOhqaL1epZ79q7GLQQqsMw=
8,10,gC0W04ivI0AYQNC7bZ7WPfWN8oc=,67IL0M/eHteU7HiIq1UCxxvTktc=
8,7,Eqq214zQ4N58sahgybq0grEAVZY=,LtTY1Wz1Db/XNZd1jW7711NsZbk=
7,7,Eqq214zQ4N58sahgybq0grEAVZY=,cKoxmQIxvVDJvuCiXo7MCHkjllY=
8,8,Eqq214zQ4N58sahgybq0grEAVZY=,XAxlS4ZZbe9LdJEfk3IbId+6Eys=
7,8,Eqq214zQ4N58sahgybq0grEAVZY=,mAOCfiOhqaL1epZ79q7GLQQqsMw=
8,6,HRAKJ22Me3bCNWdnFtGN5+is6lE=,LtTY1Wz1Db/XNZd1jW7711NsZbk=
7,5,gC0W04ivI0AYQNC7bZ7WPfWN8oc=,2lmW3KZuDFiIEiMIzkMGz8Qz5/c=
8,5,gC0W04ivI0AYQNC7bZ7WPfWN8oc=,rXrcWnnIM8ykO8br1LixzO0JAE0=
7,1,gC0W04ivI0AYQNC7bZ7WPfWN8oc=,8u0dK71MCVdcFLJczkCv3PSg6Wg=
8,1,gC0W04ivI0AYQNC7bZ7WPfWN8oc=,OrrHgBgwTrkHEHSOhfVFp68J6+Q=
7,6,HRAKJ22Me3bCNWdnFtGN5+is6lE=,cKoxmQIxvVDJvuCiXo7MCHkjllY=
8,2,gC0W04ivI0AYQNC7bZ7WPfWN8oc=,xfGIjiN8JEIMt5GP+2Pcf9vcl/k=
7,2,gC0W04ivI0AYQNC7bZ7WPfWN8oc=,/obLSCxEVSk1sx0LZfUB7zXVhyo=
7,4,gC0W04ivI0AYQNC7bZ7WPfWN8oc=,2lmW3KZuDFiIEiMIzkMGz8Qz5/c=
8,4,gC0W04ivI0AYQNC7bZ7WPfWN8oc=,rXrcWnnIM8ykO8br1LixzO0JAE0=
7,3,RK8kHc/HNaXg0/plRGtOsJ3eYig=,/obLSCxEVSk1sx0LZfUB7zXVhyo=
8,3,RK8kHc/HNaXg0/plRGtOsJ3eYig=,xfGIjiN8JEIMt5GP+2Pcf9vcl/k=
9,5,RK8kHc/HNaXg0/plRGtOsJ3eYig=,rXrcWnnIM8ykO8br1LixzO0JAE0=
10,6,HRAKJ22Me3bCNWdnFtGN5+is6lE=,qYL4Fm9Ej2Cx+cd1eI5LEVIivj8=
9,6,HRAKJ22Me3bCNWdnFtGN5+is6lE=,LtTY1Wz1Db/XNZd1jW7711NsZbk=
10,5,HRAKJ22Me3bCNWdnFtGN5+is6lE=,pDaqSe+0CDNMDc3BRYc3sf3N66o=
10,4,HRAKJ22Me3bCNWdnFtGN5+is6lE=,pDaqSe+0CDNMDc3BRYc3sf3N66o=
9,4,RK8kHc/HNaXg0/plRGtOsJ3eYig=,rXrcWnnIM8ykO8br1LixzO0JAE0=
9,3,RK8kHc/HNaXg0/plRGtOsJ3eYig=,xfGIjiN8JEIMt5GP+2Pcf9vcl/k=
10,3,RK8kHc/HNaXg0/plRGtOsJ3eYig=,mdivjexePHbyh59XhCQfzU7ErFQ=
10,7,Eqq214zQ4N58sahgybq0grEAVZY=,qYL4Fm9Ej2Cx+cd1eI5LEVIivj8=
10,8,Eqq214zQ4N58sahgybq0grEAVZY=,0pFgWkEkao2Z3H/FtpY6LVXT70k=
9,8,Eqq214zQ4N58sahgybq0grEAVZY=,XAxlS4ZZbe9LdJEfk3IbId+6Eys=
9,7,Eqq214zQ4N58sahgybq0grEAVZY=,LtTY1Wz1Db/XNZd1jW7711NsZbk=
10,10,Eqq214zQ4N58sahgybq0grEAVZY=,0Avsbg92p5Mw349gfpE8zcjBE4c=
9,10,RK8kHc/HNaXg0/plRGtOsJ3eYig=,67IL0M/eHteU7HiIq1UCxxvTktc=
10,9,Eqq214zQ4N58sahgybq0grEAVZY=,0pFgWkEkao2Z3H/FtpY6LVXT70k=
9,9,Eqq214zQ4N58sahgybq0grEAVZY=,XAxlS4ZZbe9LdJEfk3IbId+6Eys=
10,12,RK8kHc/HNaXg0/plRGtOsJ3eYig=,/3nPPagv/QhFXRDh7qdGH33eKGs=
9,12,RK8kHc/HNaXg0/plRGtOsJ3eYig=,7tC3tVIXl8v4nCxJt6v8JHcJxE0=
9,11,RK8kHc/HNaXg0/plRGtOsJ3eYig=,67IL0M/eHteU7HiIq1UCxxvTktc=
10,11,HRAKJ22Me3bCNWdnFtGN5+is6lE=,0Avsbg92p5Mw349gfpE8zcjBE4c=
10,13,vNhJMoy7ccUeODfXOJP21XITNl8=,/3nPPagv/QhFXRDh7qdGH33eKGs=
10,14,vNhJMoy7ccUeODfXOJP21XITNl8=,N4AnqXd4F2Rus9uymk+iq8AOBKw=
9,13,vNhJMoy7ccUeODfXOJP21XITNl8=,7tC3tVIXl8v4nCxJt6v8JHcJxE0=
9,14,vNhJMoy7ccUeODfXOJP21XITNl8=,lS4YHJwhXOTvI/IYZVHjZNJUCz8=
12,14,vNhJMoy7ccUeODfXOJP21XITNl8=,6tlTpqNS5Fl7pgwR+BlQuTf5O4o=
11,14,vNhJMoy7ccUeODfXOJP21XITNl8=,N4AnqXd4F2Rus9uymk+iq8AOBKw=
12,13,vNhJMoy7ccUeODfXOJP21XITNl8=,UlDAhielC79QfsmtnFxFIyyx2ms=
11,13,vNhJMoy7ccUeODfXOJP21XITNl8=,/3nPPagv/QhFXRDh7qdGH33eKGs=
11,12,vNhJMoy7ccUeODfXOJP21XITNl8=,/3nPPagv/QhFXRDh7qdGH33eKGs=
11,11,Eqq214zQ4N58sahgybq0grEAVZY=,0Avsbg92p5Mw349gfpE8zcjBE4c=
12,12,vNhJMoy7ccUeODfXOJP21XITNl8=,UlDAhielC79QfsmtnFxFIyyx2ms=
12,11,Eqq214zQ4N58sahgybq0grEAVZY=,yOmRYpbVO9b69g1mf3n4P753HM0=
11,9,Eqq214zQ4N58sahgybq0grEAVZY=,0pFgWkEkao2Z3H/FtpY6LVXT70k=
12,9,vNhJMoy7ccUeODfXOJP21XITNl8=,yXHiFq1DbJ81PjUUuQ853ieEdaY=
11,10,Eqq214zQ4N58sahgybq0grEAVZY=,0Avsbg92p5Mw349gfpE8zcjBE4c=
12,10,Eqq214zQ4N58sahgybq0grEAVZY=,yOmRYpbVO9b69g1mf3n4P753HM0=
12,7,Eqq214zQ4N58sahgybq0grEAVZY=,CXJ7i2UnQ6Bv8+RNBCvtc8KgK1o=
12,8,vNhJMoy7ccUeODfXOJP21XITNl8=,yXHiFq1DbJ81PjUUuQ853ieEdaY=
11,8,Eqq214zQ4N58sahgybq0grEAVZY=,0pFgWkEkao2Z3H/FtpY6LVXT70k=
11,7,Eqq214zQ4N58sahgybq0grEAVZY=,qYL4Fm9Ej2Cx+cd1eI5LEVIivj8=
12,6,Eqq214zQ4N58sahgybq0grEAVZY=,CXJ7i2UnQ6Bv8+RNBCvtc8KgK1o=
11,6,Eqq214zQ4N58sahgybq0grEAVZY=,qYL4Fm9Ej2Cx+cd1eI5LEVIivj8=
11,5,Eqq214zQ4N58sahgybq0grEAVZY=,pDaqSe+0CDNMDc3BRYc3sf3N66o=
12,5,Eqq214zQ4N58sahgybq0grEAVZY=,4UJkznZQGBb6DjdAUd1cr4IkpXc=
11,4,HRAKJ22Me3bCNWdnFtGN5+is6lE=,pDaqSe+0CDNMDc3BRYc3sf3N66o=
11,3,vNhJMoy7ccUeODfXOJP21XITNl8=,mdivjexePHbyh59XhCQfzU7ErFQ=
12,4,HRAKJ22Me3bCNWdnFtGN5+is6lE=,4UJkznZQGBb6DjdAUd1cr4IkpXc=
12,3,HRAKJ22Me3bCNWdnFtGN5+is6lE=,k5RVoJqG3Su6reqO/VSisx1gJ4o=
13,5,HRAKJ22Me3bCNWdnFtGN5+is6lE=,4UJkznZQGBb6DjdAUd1cr4IkpXc=
14,5,dzVEfgb2SzBTK/I7oB5DkRPICtA=,bysg5ZIbZy8Y/FH26Pe5S+7JZmA=
13,6,HRAKJ22Me3bCNWdnFtGN5+is6lE=,CXJ7i2UnQ6Bv8+RNBCvtc8KgK1o=
14,6,dzVEfgb2SzBTK/I7oB5DkRPICtA=,YKXxoPQhpKr3LNhYhFXFonIsNI8=
14,8,Sd3b34qMH2YLFZWQBRZeS92xi7o=,TXz45vYhVwRC4AiFELkymUO4E/w=
14,7,Sd3b34qMH2YLFZWQBRZeS92xi7o=,YKXxoPQhpKr3LNhYhFXFonIsNI8=
13,8,Sd3b34qMH2YLFZWQBRZeS92xi7o=,yXHiFq1DbJ81PjUUuQ853ieEdaY=
13,7,HRAKJ22Me3bCNWdnFtGN5+is6lE=,CXJ7i2UnQ6Bv8+RNBCvtc8KgK1o=
14,3,Sd3b34qMH2YLFZWQBRZeS92xi7o=,v8bL96wWE734geOJzNvaNMkU8B8=
14,4,Sd3b34qMH2YLFZWQBRZeS92xi7o=,bysg5ZIbZy8Y/FH26Pe5S+7JZmA=
13,4,HRAKJ22Me3bCNWdnFtGN5+is6lE=,4UJkznZQGBb6DjdAUd1cr4IkpXc=
13,12,Sd3b34qMH2YLFZWQBRZeS92xi7o=,UlDAhielC79QfsmtnFxFIyyx2ms=
14,9,Sd3b34qMH2YLFZWQBRZeS92xi7o=,TXz45vYhVwRC4AiFELkymUO4E/w=
14,12,Sd3b34qMH2YLFZWQBRZeS92xi7o=,73BPrR/X5+sFELuWO14yBtDABYk=
13,3,HRAKJ22Me3bCNWdnFtGN5+is6lE=,k5RVoJqG3Su6reqO/VSisx1gJ4o=
14,11,Sd3b34qMH2YLFZWQBRZeS92xi7o=,7v2eU6PowZwZGvwhz1ALRfTiVl0=
14,10,Sd3b34qMH2YLFZWQBRZeS92xi7o=,7v2eU6PowZwZGvwhz1ALRfTiVl0=
15,12,Sd3b34qMH2YLFZWQBRZeS92xi7o=,73BPrR/X5+sFELuWO14yBtDABYk=
13,10,HRAKJ22Me3bCNWdnFtGN5+is6lE=,yOmRYpbVO9b69g1mf3n4P753HM0=
15,11,Sd3b34qMH2YLFZWQBRZeS92xi7o=,7v2eU6PowZwZGvwhz1ALRfTiVl0=
13,9,Sd3b34qMH2YLFZWQBRZeS92xi7o=,yXHiFq1DbJ81PjUUuQ853ieEdaY=
13,11,HRAKJ22Me3bCNWdnFtGN5+is6lE=,yOmRYpbVO9b69g1mf3n4P753HM0=
12,15,Sd3b34qMH2YLFZWQBRZeS92xi7o=,6tlTpqNS5Fl7pgwR+BlQuTf5O4o=
9,15,Sd3b34qMH2YLFZWQBRZeS92xi7o=,lS4YHJwhXOTvI/IYZVHjZNJUCz8=
10,15,Sd3b34qMH2YLFZWQBRZeS92xi7o=,N4AnqXd4F2Rus9uymk+iq8AOBKw=
11,15,Sd3b34qMH2YLFZWQBRZeS92xi7o=,N4AnqXd4F2Rus9uymk+iq8AOBKw=
14,13,Sd3b34qMH2YLFZWQBRZeS92xi7o=,73BPrR/X5+sFELuWO14yBtDABYk=
15,13,Sd3b34qMH2YLFZWQBRZeS92xi7o=,73BPrR/X5+sFELuWO14yBtDABYk=
14,15,Sd3b34qMH2YLFZWQBRZeS92xi7o=,+KMrzNTm/eEl8F58cqkKBSAoA1w=
14,14,Sd3b34qMH2YLFZWQBRZeS92xi7o=,+KMrzNTm/eEl8F58cqkKBSAoA1w=
13,13,Sd3b34qMH2YLFZWQBRZeS92xi7o=,UlDAhielC79QfsmtnFxFIyyx2ms=
13,15,Sd3b34qMH2YLFZWQBRZeS92xi7o=,6tlTpqNS5Fl7pgwR+BlQuTf5O4o=
15,14,Sd3b34qMH2YLFZWQBRZeS92xi7o=,+KMrzNTm/eEl8F58cqkKBSAoA1w=
13,14,Sd3b34qMH2YLFZWQBRZeS92xi7o=,6tlTpqNS5Fl7pgwR+BlQuTf5O4o=
6,15,Sd3b34qMH2YLFZWQBRZeS92xi7o=,shdmkH7vKgwVNxqDlIBCV8reecE=
7,15,Sd3b34qMH2YLFZWQBRZeS92xi7o=,shdmkH7vKgwVNxqDlIBCV8reecE=
8,15,Sd3b34qMH2YLFZWQBRZeS92xi7o=,lS4YHJwhXOTvI/IYZVHjZNJUCz8=
4,15,S+q8xbVHLMeFc69Ph8K4yKXGpkw=,SgsqOnneHQgMTNT0bgAaz833I84=
7,0,Sd3b34qMH2YLFZWQBRZeS92xi7o=,8u0dK71MCVdcFLJczkCv3PSg6Wg=
5,15,HRAKJ22Me3bCNWdnFtGN5+is6lE=,SgsqOnneHQgMTNT0bgAaz833I84=
8,0,Sd3b34qMH2YLFZWQBRZeS92xi7o=,OrrHgBgwTrkHEHSOhfVFp68J6+Q=
1,15,S+q8xbVHLMeFc69Ph8K4yKXGpkw=,Dp5KufN9RAN+CoXIsgGLzxE9RYQ=
3,15,S+q8xbVHLMeFc69Ph8K4yKXGpkw=,UM8oRDeSmYL5+vligQKqJQoGhjg=
2,15,S+q8xbVHLMeFc69Ph8K4yKXGpkw=,UM8oRDeSmYL5+vligQKqJQoGhjg=
6,0,Sd3b34qMH2YLFZWQBRZeS92xi7o=,8u0dK71MCVdcFLJczkCv3PSg6Wg=
5,0,Sd3b34qMH2YLFZWQBRZeS92xi7o=,VFkb8+/uadcvqJfk3MoTRotUvAs=
3,0,Eqq214zQ4N58sahgybq0grEAVZY=,mjKPXBwQS+Y8VqZwJ/ftWyVxW/A=
4,0,Sd3b34qMH2YLFZWQBRZeS92xi7o=,VFkb8+/uadcvqJfk3MoTRotUvAs=
2,0,Eqq214zQ4N58sahgybq0grEAVZY=,mjKPXBwQS+Y8VqZwJ/ftWyVxW/A=
1,0,Eqq214zQ4N58sahgybq0grEAVZY=,R1xtNswAmE+45NWcOPQrdWB3tS0=
15,4,Sd3b34qMH2YLFZWQBRZeS92xi7o=,bysg5ZIbZy8Y/FH26Pe5S+7JZmA=
15,3,Sd3b34qMH2YLFZWQBRZeS92xi7o=,v8bL96wWE734geOJzNvaNMkU8B8=
15,9,Sd3b34qMH2YLFZWQBRZeS92xi7o=,TXz45vYhVwRC4AiFELkymUO4E/w=
15,10,Sd3b34qMH2YLFZWQBRZeS92xi7o=,7v2eU6PowZwZGvwhz1ALRfTiVl0=
15,5,Sd3b34qMH2YLFZWQBRZeS92xi7o=,bysg5ZIbZy8Y/FH26Pe5S+7JZmA=
15,8,Sd3b34qMH2YLFZWQBRZeS92xi7o=,TXz45vYhVwRC4AiFELkymUO4E/w=
15,6,Sd3b34qMH2YLFZWQBRZeS92xi7o=,YKXxoPQhpKr3LNhYhFXFonIsNI8=
15,7,Sd3b34qMH2YLFZWQBRZeS92xi7o=,YKXxoPQhpKr3LNhYhFXFonIsNI8=
0,1,olxBxk0/sQlIVnfSLNdZ6I4PHQQ=,R1xtNswAmE+45NWcOPQrdWB3tS0=
0,0,olxBxk0/sQlIVnfSLNdZ6I4PHQQ=,R1xtNswAmE+45NWcOPQrdWB3tS0=
0,2,olxBxk0/sQlIVnfSLNdZ6I4PHQQ=,hXRD9IQ1pJtAm09z9SCAMC1m1tM=
0,6,Eqq214zQ4N58sahgybq0grEAVZY=,d2ZDuxrw382lVZRj3G8B3rkc2q8=
0,3,olxBxk0/sQlIVnfSLNdZ6I4PHQQ=,hXRD9IQ1pJtAm09z9SCAMC1m1tM=
0,4,644JoL40HGgA6K+P8zh4kBIbe+s=,MSIEKc94MMC4QeCpnc5eVzKvYiM=
0,5,644JoL40HGgA6K+P8zh4kBIbe+s=,MSIEKc94MMC4QeCpnc5eVzKvYiM=
0,7,HRAKJ22Me3bCNWdnFtGN5+is6lE=,d2ZDuxrw382lVZRj3G8B3rkc2q8=
0,10,HRAKJ22Me3bCNWdnFtGN5+is6lE=,DfMcJ2am4Mj6y3cxd9WszMJV2tE=
0,8,HRAKJ22Me3bCNWdnFtGN5+is6lE=,oSiDAi5o68xiOhkwf+nINP1aZNE=
0,13,kX1rdVEaI+lXJwijeIqpZhk+nYs=,1OCozp139qp80Iwq+yvgo5jcB/s=
0,9,HRAKJ22Me3bCNWdnFtGN5+is6lE=,oSiDAi5o68xiOhkwf+nINP1aZNE=
15,15,Sd3b34qMH2YLFZWQBRZeS92xi7o=,+KMrzNTm/eEl8F58cqkKBSAoA1w=
0,12,kX1rdVEaI+lXJwijeIqpZhk+nYs=,1OCozp139qp80Iwq+yvgo5jcB/s=
0,11,HRAKJ22Me3bCNWdnFtGN5+is6lE=,DfMcJ2am4Mj6y3cxd9WszMJV2tE=
0,14,HRAKJ22Me3bCNWdnFtGN5+is6lE=,Dp5KufN9RAN+CoXIsgGLzxE9RYQ=
0,15,HRAKJ22Me3bCNWdnFtGN5+is6lE=,Dp5KufN9RAN+CoXIsgGLzxE9RYQ=
14,0,Sd3b34qMH2YLFZWQBRZeS92xi7o=,seCHDFqVqGzffKnPg++x2pvIAyE=
13,0,Sd3b34qMH2YLFZWQBRZeS92xi7o=,43njy+FaYRh0s1Wo+jTSYp+t81c=
13,1,Sd3b34qMH2YLFZWQBRZeS92xi7o=,43njy+FaYRh0s1Wo+jTSYp+t81c=
15,2,Sd3b34qMH2YLFZWQBRZeS92xi7o=,v8bL96wWE734geOJzNvaNMkU8B8=
9,0,Sd3b34qMH2YLFZWQBRZeS92xi7o=,OrrHgBgwTrkHEHSOhfVFp68J6+Q=
10,0,Sd3b34qMH2YLFZWQBRZeS92xi7o=,4jUh2rUJbb57gWF+Guje6Kelw+A=
10,1,Sd3b34qMH2YLFZWQBRZeS92xi7o=,4jUh2rUJbb57gWF+Guje6Kelw+A=
9,1,Sd3b34qMH2YLFZWQBRZeS92xi7o=,OrrHgBgwTrkHEHSOhfVFp68J6+Q=
11,0,Sd3b34qMH2YLFZWQBRZeS92xi7o=,4jUh2rUJbb57gWF+Guje6Kelw+A=
15,0,Sd3b34qMH2YLFZWQBRZeS92xi7o=,seCHDFqVqGzffKnPg++x2pvIAyE=
14,2,Sd3b34qMH2YLFZWQBRZeS92xi7o=,v8bL96wWE734geOJzNvaNMkU8B8=
13,2,Eqq214zQ4N58sahgybq0grEAVZY=,k5RVoJqG3Su6reqO/VSisx1gJ4o=
15,1,Sd3b34qMH2YLFZWQBRZeS92xi7o=,seCHDFqVqGzffKnPg++x2pvIAyE=
14,1,Sd3b34qMH2YLFZWQBRZeS92xi7o=,seCHDFqVqGzffKnPg++x2pvIAyE=
9,2,Sd3b34qMH2YLFZWQBRZeS92xi7o=,xfGIjiN8JEIMt5GP+2Pcf9vcl/k=
11,1,Sd3b34qMH2YLFZWQBRZeS92xi7o=,4jUh2rUJbb57gWF+Guje6Kelw+A=
12,1,Sd3b34qMH2YLFZWQBRZeS92xi7o=,43njy+FaYRh0s1Wo+jTSYp+t81c=
10,2,Sd3b34qMH2YLFZWQBRZeS92xi7o=,mdivjexePHbyh59XhCQfzU7ErFQ=
11,2,Sd3b34qMH2YLFZWQBRZeS92xi7o=,mdivjexePHbyh59XhCQfzU7ErFQ=
12,0,Sd3b34qMH2YLFZWQBRZeS92xi7o=,43njy+FaYRh0s1Wo+jTSYp+t81c=
12,2,HRAKJ22Me3bCNWdnFtGN5+is6lE=,k5RVoJqG3Su6reqO/VSisx1gJ4o=
3,17,zAXSE+ZZ1FH9al+dzuY//CM9I2g=,/oG+XrLoX1o/27L2MFaDtaPLboA=
4,18,HRAKJ22Me3bCNWdnFtGN5+is6lE=,T7SI/vJgAUkN53q3KX99ThaNBNE=
3,18,zAXSE+ZZ1FH9al+dzuY//CM9I2g=,kJYsJd8GQblbro5DPNKsNP7k/gk=
4,17,HRAKJ22Me3bCNWdnFtGN5+is6lE=,Z8mfsCKpdxL3OxzzzaY3g2M6fNA=
5,22,HRAKJ22Me3bCNWdnFtGN5+is6lE=,CYXGiDAyK19jHpPSZFKQr29SADo=
5,21,HRAKJ22Me3bCNWdnFtGN5+is6lE=,msxbd63ylcaIyIxF2tpxR4XTnBU=
6,22,HRAKJ22Me3bCNWdnFtGN5+is6lE=,aGm7EvpQUf1JM88gc8pEOMoOkok=
6,21,HRAKJ22Me3bCNWdnFtGN5+is6lE=,L+SQx3QAeOjRkF4jUwETJwHmmRc=
6,17,HRAKJ22Me3bCNWdnFtGN5+is6lE=,A+FEwj62CVABBeNINtqTqO6IGZc=
6,20,HRAKJ22Me3bCNWdnFtGN5+is6lE=,L+SQx3QAeOjRkF4jUwETJwHmmRc=
5,20,HRAKJ22Me3bCNWdnFtGN5+is6lE=,msxbd63ylcaIyIxF2tpxR4XTnBU=
5,19,HRAKJ22Me3bCNWdnFtGN5+is6lE=,T7SI/vJgAUkN53q3KX99ThaNBNE=
5,17,HRAKJ22Me3bCNWdnFtGN5+is6lE=,Z8mfsCKpdxL3OxzzzaY3g2M6fNA=
6,18,HRAKJ22Me3bCNWdnFtGN5+is6lE=,3+gvVOgXENOVWuNv6VpBW5M1Fk8=
5,18,HRAKJ22Me3bCNWdnFtGN5+is6lE=,T7SI/vJgAUkN53q3KX99ThaNBNE=
6,19,HRAKJ22Me3bCNWdnFtGN5+is6lE=,3+gvVOgXENOVWuNv6VpBW5M1Fk8=
8,22,zAXSE+ZZ1FH9al+dzuY//CM9I2g=,F6YJsjjxuo1yehxYvL5mHOL72lA=
7,22,jz7us3lQ1H/WpdbNka/bJqNuYqA=,aGm7EvpQUf1JM88gc8pEOMoOkok=
8,21,o9DcFrJ/Y2/mmCoNPsxqUCdrMJg=,JEmb4RWt5P3xgeodT3BhtCF2H8k=
7,21,jz7us3lQ1H/WpdbNka/bJqNuYqA=,L+SQx3QAeOjRkF4jUwETJwHmmRc=
8,20,o9DcFrJ/Y2/mmCoNPsxqUCdrMJg=,JEmb4RWt5P3xgeodT3BhtCF2H8k=
7,20,jz7us3lQ1H/WpdbNka/bJqNuYqA=,L+SQx3QAeOjRkF4jUwETJwHmmRc=
8,18,o9DcFrJ/Y2/mmCoNPsxqUCdrMJg=,MJC2w8tidJKGXknWURKDDhE9b4s=
8,17,o9DcFrJ/Y2/mmCoNPsxqUCdrMJg=,uoPffBY+8NyQ7qjkkFdJZ7W1i6w=
7,17,HRAKJ22Me3bCNWdnFtGN5+is6lE=,A+FEwj62CVABBeNINtqTqO6IGZc=
7,19,jz7us3lQ1H/WpdbNka/bJqNuYqA=,3+gvVOgXENOVWuNv6VpBW5M1Fk8=
8,19,o9DcFrJ/Y2/mmCoNPsxqUCdrMJg=,MJC2w8tidJKGXknWURKDDhE9b4s=
7,18,HRAKJ22Me3bCNWdnFtGN5+is6lE=,3+gvVOgXENOVWuNv6VpBW5M1Fk8=
12,22,o9DcFrJ/Y2/mmCoNPsxqUCdrMJg=,wVd2wv7YZYRFNFV6A8yk79Hr0Ic=
9,22,o9DcFrJ/Y2/mmCoNPsxqUCdrMJg=,F6YJsjjxuo1yehxYvL5mHOL72lA=
11,22,o9DcFrJ/Y2/mmCoNPsxqUCdrMJg=,50ri5wRJa+H0JXRKhLK5PLgzhFs=
10,22,o9DcFrJ/Y2/mmCoNPsxqUCdrMJg=,50ri5wRJa+H0JXRKhLK5PLgzhFs=
12,21,o9DcFrJ/Y2/mmCoNPsxqUCdrMJg=,yn5ILDWnuXmV3bkyWbP89JE+HZI=
11,21,o9DcFrJ/Y2/mmCoNPsxqUCdrMJg=,RCCaNm77Ig41BjborwFJWasJcyU=
9,21,o9DcFrJ/Y2/mmCoNPsxqUCdrMJg=,JEmb4RWt5P3xgeodT3BhtCF2H8k=
10,21,o9DcFrJ/Y2/mmCoNPsxqUCdrMJg=,RCCaNm77Ig41BjborwFJWasJcyU=
10,20,o9DcFrJ/Y2/mmCoNPsxqUCdrMJg=,RCCaNm77Ig41BjborwFJWasJcyU=
10,19,o9DcFrJ/Y2/mmCoNPsxqUCdrMJg=,RhGHISR3WTzR8O2NP5jMuXsFQBQ=
9,20,o9DcFrJ/Y2/mmCoNPsxqUCdrMJg=,JEmb4RWt5P3xgeodT3BhtCF2H8k=
12,19,o9DcFrJ/Y2/mmCoNPsxqUCdrMJg=,XGM3THVWNWl6pCuGsfj5aCa31tY=
9,19,o9DcFrJ/Y2/mmCoNPsxqUCdrMJg=,MJC2w8tidJKGXknWURKDDhE9b4s=
12,20,o9DcFrJ/Y2/mmCoNPsxqUCdrMJg=,yn5ILDWnuXmV3bkyWbP89JE+HZI=
11,19,cNDQ96e79YmKalvoXlFLQIhbTXU=,RhGHISR3WTzR8O2NP5jMuXsFQBQ=
11,20,cNDQ96e79YmKalvoXlFLQIhbTXU=,RCCaNm77Ig41BjborwFJWasJcyU=
9,17,cNDQ96e79YmKalvoXlFLQIhbTXU=,uoPffBY+8NyQ7qjkkFdJZ7W1i6w=
9,18,cNDQ96e79YmKalvoXlFLQIhbTXU=,MJC2w8tidJKGXknWURKDDhE9b4s=
10,17,cNDQ96e79YmKalvoXlFLQIhbTXU=,cMXFTxFN9GKoLKwXrW3zBEALi/k=
10,18,cNDQ96e79YmKalvoXlFLQIhbTXU=,RhGHISR3WTzR8O2NP5jMuXsFQBQ=
11,18,cNDQ96e79YmKalvoXlFLQIhbTXU=,RhGHISR3WTzR8O2NP5jMuXsFQBQ=
12,18,cNDQ96e79YmKalvoXlFLQIhbTXU=,XGM3THVWNWl6pCuGsfj5aCa31tY=
12,17,cNDQ96e79YmKalvoXlFLQIhbTXU=,r27sE5EvAvEur93AqqZzX/a72fI=
11,17,cNDQ96e79YmKalvoXlFLQIhbTXU=,cMXFTxFN9GKoLKwXrW3zBEALi/k=
13,18,cNDQ96e79YmKalvoXlFLQIhbTXU=,XGM3THVWNWl6pCuGsfj5aCa31tY=
13,17,cNDQ96e79YmKalvoXlFLQIhbTXU=,r27sE5EvAvEur93AqqZzX/a72fI=
14,18,cNDQ96e79YmKalvoXlFLQIhbTXU=,GWwRDUHNHDwQJ1i8e/gLQe5FmxI=
14,17,cNDQ96e79YmKalvoXlFLQIhbTXU=,af9ZbiHIkuUWgFcCkVTBWRVUIzs=
13,22,cNDQ96e79YmKalvoXlFLQIhbTXU=,wVd2wv7YZYRFNFV6A8yk79Hr0Ic=
13,21,cNDQ96e79YmKalvoXlFLQIhbTXU=,yn5ILDWnuXmV3bkyWbP89JE+HZI=
14,22,cNDQ96e79YmKalvoXlFLQIhbTXU=,yG6SISZ3Ek44xfu0lyup03g7Ur0=
14,21,cNDQ96e79YmKalvoXlFLQIhbTXU=,+AHEbC30hBk+npC/L6WXz1LgqXw=
14,20,cNDQ96e79YmKalvoXlFLQIhbTXU=,+AHEbC30hBk+npC/L6WXz1LgqXw=
13,20,cNDQ96e79YmKalvoXlFLQIhbTXU=,yn5ILDWnuXmV3bkyWbP89JE+HZI=
13,19,cNDQ96e79YmKalvoXlFLQIhbTXU=,XGM3THVWNWl6pCuGsfj5aCa31tY=
9,23,cNDQ96e79YmKalvoXlFLQIhbTXU=,F6YJsjjxuo1yehxYvL5mHOL72lA=
9,24,cNDQ96e79YmKalvoXlFLQIhbTXU=,rM5w8HqnPnO4OInS9w9k3bGw2l8=
10,23,cNDQ96e79YmKalvoXlFLQIhbTXU=,50ri5wRJa+H0JXRKhLK5PLgzhFs=
14,19,cNDQ96e79YmKalvoXlFLQIhbTXU=,GWwRDUHNHDwQJ1i8e/gLQe5FmxI=
9,26,jz7us3lQ1H/WpdbNka/bJqNuYqA=,9lgqDmeEop4U24Xeq1X2SfUMubk=
10,26,jz7us3lQ1H/WpdbNka/bJqNuYqA=,m/lHAtUt5p+zgnut9c/bjhx2esU=
9,25,cNDQ96e79YmKalvoXlFLQIhbTXU=,rM5w8HqnPnO4OInS9w9k3bGw2l8=
10,25,cNDQ96e79YmKalvoXlFLQIhbTXU=,NgY/ay6OKbZxyuGINZcJxwoM3I0=
10,24,cNDQ96e79YmKalvoXlFLQIhbTXU=,NgY/ay6OKbZxyuGINZcJxwoM3I0=
11,25,cNDQ96e79YmKalvoXlFLQIhbTXU=,NgY/ay6OKbZxyuGINZcJxwoM3I0=
11,26,jz7us3lQ1H/WpdbNka/bJqNuYqA=,m/lHAtUt5p+zgnut9c/bjhx2esU=
12,26,cNDQ96e79YmKalvoXlFLQIhbTXU=,NthYghCTrlgt4Fkhu8jBpiKT4yQ=
13,23,cNDQ96e79YmKalvoXlFLQIhbTXU=,wVd2wv7YZYRFNFV6A8yk79Hr0Ic=
14,23,cNDQ96e79YmKalvoXlFLQIhbTXU=,yG6SISZ3Ek44xfu0lyup03g7Ur0=
14,24,cNDQ96e79YmKalvoXlFLQIhbTXU=,OyonLNCJEelSD2FnOHq+IQJvfgI=
12,23,cNDQ96e79YmKalvoXlFLQIhbTXU=,wVd2wv7YZYRFNFV6A8yk79Hr0Ic=
12,25,cNDQ96e79YmKalvoXlFLQIhbTXU=,nuEeEN09dLQoT7ePq8IVTUPyI7o=
13,24,cNDQ96e79YmKalvoXlFLQIhbTXU=,nuEeEN09dLQoT7ePq8IVTUPyI7o=
11,23,cNDQ96e79YmKalvoXlFLQIhbTXU=,50ri5wRJa+H0JXRKhLK5PLgzhFs=
12,24,cNDQ96e79YmKalvoXlFLQIhbTXU=,nuEeEN09dLQoT7ePq8IVTUPyI7o=
11,24,cNDQ96e79YmKalvoXlFLQIhbTXU=,NgY/ay6OKbZxyuGINZcJxwoM3I0=
7,23,jz7us3lQ1H/WpdbNka/bJqNuYqA=,aGm7EvpQUf1JM88gc8pEOMoOkok=
8,24,cNDQ96e79YmKalvoXlFLQIhbTXU=,rM5w8HqnPnO4OInS9w9k3bGw2l8=
7,24,jz7us3lQ1H/WpdbNka/bJqNuYqA=,6/aG5YZ5DnOl36iF3IwTGCKPII8=
8,23,cNDQ96e79YmKalvoXlFLQIhbTXU=,F6YJsjjxuo1yehxYvL5mHOL72lA=
8,26,jz7us3lQ1H/WpdbNka/bJqNuYqA=,9lgqDmeEop4U24Xeq1X2SfUMubk=
8,25,cNDQ96e79YmKalvoXlFLQIhbTXU=,rM5w8HqnPnO4OInS9w9k3bGw2l8=
7,25,jz7us3lQ1H/WpdbNka/bJqNuYqA=,6/aG5YZ5DnOl36iF3IwTGCKPII8=
7,26,jz7us3lQ1H/WpdbNka/bJqNuYqA=,HUGd/37AZrl+s9q7X2J40yLNnzo=
7,28,jz7us3lQ1H/WpdbNka/bJqNuYqA=,6r9fmnX57UCZwaIAnJBZcTsek+8=
8,28,jz7us3lQ1H/WpdbNka/bJqNuYqA=,Sl4ijvdXcTNUQtajzH3HH/GEJG4=
7,27,jz7us3lQ1H/WpdbNka/bJqNuYqA=,HUGd/37AZrl+s9q7X2J40yLNnzo=
8,27,jz7us3lQ1H/WpdbNka/bJqNuYqA=,9lgqDmeEop4U24Xeq1X2SfUMubk=
6,26,jz7us3lQ1H/WpdbNka/bJqNuYqA=,HUGd/37AZrl+s9q7X2J40yLNnzo=
6,23,HRAKJ22Me3bCNWdnFtGN5+is6lE=,aGm7EvpQUf1JM88gc8pEOMoOkok=
5,26,HRAKJ22Me3bCNWdnFtGN5+is6lE=,+4xu8LWbgfrWtBUGNaUCAzocJhY=
6,25,HRAKJ22Me3bCNWdnFtGN5+is6lE=,6/aG5YZ5DnOl36iF3IwTGCKPII8=
6,24,HRAKJ22Me3bCNWdnFtGN5+is6lE=,6/aG5YZ5DnOl36iF3IwTGCKPII8=
5,25,HRAKJ22Me3bCNWdnFtGN5+is6lE=,jfQcPXSTCRoeJSX3623j6lQVDyg=
5,24,HRAKJ22Me3bCNWdnFtGN5+is6lE=,jfQcPXSTCRoeJSX3623j6lQVDyg=
5,23,HRAKJ22Me3bCNWdnFtGN5+is6lE=,CYXGiDAyK19jHpPSZFKQr29SADo=
3,26,jz7us3lQ1H/WpdbNka/bJqNuYqA=,O/L292Bzz/por591BRllNZ/5+5M=
4,26,jz7us3lQ1H/WpdbNka/bJqNuYqA=,+4xu8LWbgfrWtBUGNaUCAzocJhY=
3,25,cNDQ96e79YmKalvoXlFLQIhbTXU=,0YncHXNsok67ejLbC8OCbV9RGDk=
4,23,HRAKJ22Me3bCNWdnFtGN5+is6lE=,CYXGiDAyK19jHpPSZFKQr29SADo=
4,25,jz7us3lQ1H/WpdbNka/bJqNuYqA=,jfQcPXSTCRoeJSX3623j6lQVDyg=
3,23,oWh0twLDGor9esCa5kXT1S93ntQ=,DQXe0z1Dxt4fZQ92WIyJV+u0zL8=
3,24,cNDQ96e79YmKalvoXlFLQIhbTXU=,0YncHXNsok67ejLbC8OCbV9RGDk=
4,24,HRAKJ22Me3bCNWdnFtGN5+is6lE=,jfQcPXSTCRoeJSX3623j6lQVDyg=
2,26,jz7us3lQ1H/WpdbNka/bJqNuYqA=,O/L292Bzz/por591BRllNZ/5+5M=
1,26,oWh0twLDGor9esCa5kXT1S93ntQ=,lh70rFfCjCqE7etIYjM+GjM5zxU=
2,25,cNDQ96e79YmKalvoXlFLQIhbTXU=,0YncHXNsok67ejLbC8OCbV9RGDk=
1,25,oWh0twLDGor9esCa5kXT1S93ntQ=,SbTBzsF/bHfgMcWW+cVgNVEBPYM=
3,20,oWh0twLDGor9esCa5kXT1S93ntQ=,Ycjdb7DL0Dw8jssfAwlf8QIvuUQ=
3,21,oWh0twLDGor9esCa5kXT1S93ntQ=,Ycjdb7DL0Dw8jssfAwlf8QIvuUQ=
4,22,HRAKJ22Me3bCNWdnFtGN5+is6lE=,CYXGiDAyK19jHpPSZFKQr29SADo=
3,22,oWh0twLDGor9esCa5kXT1S93ntQ=,DQXe0z1Dxt4fZQ92WIyJV+u0zL8=
4,20,HRAKJ22Me3bCNWdnFtGN5+is6lE=,msxbd63ylcaIyIxF2tpxR4XTnBU=
4,21,HRAKJ22Me3bCNWdnFtGN5+is6lE=,msxbd63ylcaIyIxF2tpxR4XTnBU=
4,19,HRAKJ22Me3bCNWdnFtGN5+is6lE=,T7SI/vJgAUkN53q3KX99ThaNBNE=
3,19,cNDQ96e79YmKalvoXlFLQIhbTXU=,kJYsJd8GQblbro5DPNKsNP7k/gk=
2,23,oWh0twLDGor9esCa5kXT1S93ntQ=,DQXe0z1Dxt4fZQ92WIyJV+u0zL8=
2,24,cNDQ96e79YmKalvoXlFLQIhbTXU=,0YncHXNsok67ejLbC8OCbV9RGDk=
1,24,oWh0twLDGor9esCa5kXT1S93ntQ=,SbTBzsF/bHfgMcWW+cVgNVEBPYM=
1,23,oWh0twLDGor9esCa5kXT1S93ntQ=,Yz22nfNQZEeiRCGXLlvF0BF0PPg=
2,22,oWh0twLDGor9esCa5kXT1S93ntQ=,DQXe0z1Dxt4fZQ92WIyJV+u0zL8=
2,21,oWh0twLDGor9esCa5kXT1S93ntQ=,Ycjdb7DL0Dw8jssfAwlf8QIvuUQ=
1,22,oWh0twLDGor9esCa5kXT1S93ntQ=,Yz22nfNQZEeiRCGXLlvF0BF0PPg=
0,21,oWh0twLDGor9esCa5kXT1S93ntQ=,j8NVqcMTHOzMwB25mmSPM6YPkkA=
0,22,oWh0twLDGor9esCa5kXT1S93ntQ=,Yz22nfNQZEeiRCGXLlvF0BF0PPg=
1,21,oWh0twLDGor9esCa5kXT1S93ntQ=,j8NVqcMTHOzMwB25mmSPM6YPkkA=
3,16,cNDQ96e79YmKalvoXlFLQIhbTXU=,/oG+XrLoX1o/27L2MFaDtaPLboA=
4,16,jz7us3lQ1H/WpdbNka/bJqNuYqA=,Z8mfsCKpdxL3OxzzzaY3g2M6fNA=
6,16,HRAKJ22Me3bCNWdnFtGN5+is6lE=,A+FEwj62CVABBeNINtqTqO6IGZc=
8,16,cNDQ96e79YmKalvoXlFLQIhbTXU=,uoPffBY+8NyQ7qjkkFdJZ7W1i6w=
11,16,cNDQ96e79YmKalvoXlFLQIhbTXU=,cMXFTxFN9GKoLKwXrW3zBEALi/k=
5,16,HRAKJ22Me3bCNWdnFtGN5+is6lE=,Z8mfsCKpdxL3OxzzzaY3g2M6fNA=
7,16,jz7us3lQ1H/WpdbNka/bJqNuYqA=,A+FEwj62CVABBeNINtqTqO6IGZc=
12,16,cNDQ96e79YmKalvoXlFLQIhbTXU=,r27sE5EvAvEur93AqqZzX/a72fI=
10,16,cNDQ96e79YmKalvoXlFLQIhbTXU=,cMXFTxFN9GKoLKwXrW3zBEALi/k=
14,16,cNDQ96e79YmKalvoXlFLQIhbTXU=,af9ZbiHIkuUWgFcCkVTBWRVUIzs=
9,16,cNDQ96e79YmKalvoXlFLQIhbTXU=,uoPffBY+8NyQ7qjkkFdJZ7W1i6w=
13,16,cNDQ96e79YmKalvoXlFLQIhbTXU=,r27sE5EvAvEur93AqqZzX/a72fI=
15,17,cNDQ96e79YmKalvoXlFLQIhbTXU=,af9ZbiHIkuUWgFcCkVTBWRVUIzs=
15,22,cNDQ96e79YmKalvoXlFLQIhbTXU=,yG6SISZ3Ek44xfu0lyup03g7Ur0=
15,23,cNDQ96e79YmKalvoXlFLQIhbTXU=,yG6SISZ3Ek44xfu0lyup03g7Ur0=
15,19,cNDQ96e79YmKalvoXlFLQIhbTXU=,GWwRDUHNHDwQJ1i8e/gLQe5FmxI=
15,21,cNDQ96e79YmKalvoXlFLQIhbTXU=,+AHEbC30hBk+npC/L6WXz1LgqXw=
15,18,cNDQ96e79YmKalvoXlFLQIhbTXU=,GWwRDUHNHDwQJ1i8e/gLQe5FmxI=
2,20,oWh0twLDGor9esCa5kXT1S93ntQ=,Ycjdb7DL0Dw8jssfAwlf8QIvuUQ=
15,20,cNDQ96e79YmKalvoXlFLQIhbTXU=,+AHEbC30hBk+npC/L6WXz1LgqXw=
1,19,oWh0twLDGor9esCa5kXT1S93ntQ=,gFgtZveTXd7wK2MbnUyS1jVxuqc=
0,19,oWh0twLDGor9esCa5kXT1S93ntQ=,gFgtZveTXd7wK2MbnUyS1jVxuqc=
0,20,oWh0twLDGor9esCa5kXT1S93ntQ=,j8NVqcMTHOzMwB25mmSPM6YPkkA=
2,19,cNDQ96e79YmKalvoXlFLQIhbTXU=,kJYsJd8GQblbro5DPNKsNP7k/gk=
15,24,cNDQ96e79YmKalvoXlFLQIhbTXU=,OyonLNCJEelSD2FnOHq+IQJvfgI=
1,20,oWh0twLDGor9esCa5kXT1S93ntQ=,j8NVqcMTHOzMwB25mmSPM6YPkkA=
7,29,jz7us3lQ1H/WpdbNka/bJqNuYqA=,6r9fmnX57UCZwaIAnJBZcTsek+8=
8,29,jz7us3lQ1H/WpdbNka/bJqNuYqA=,Sl4ijvdXcTNUQtajzH3HH/GEJG4=
14,25,cNDQ96e79YmKalvoXlFLQIhbTXU=,OyonLNCJEelSD2FnOHq+IQJvfgI=
15,25,cNDQ96e79YmKalvoXlFLQIhbTXU=,OyonLNCJEelSD2FnOHq+IQJvfgI=
13,26,cNDQ96e79YmKalvoXlFLQIhbTXU=,NthYghCTrlgt4Fkhu8jBpiKT4yQ=
1,17,jz7us3lQ1H/WpdbNka/bJqNuYqA=,9A7gAildwRD7FS186QTqxOzYO7Y=
15,26,cNDQ96e79YmKalvoXlFLQIhbTXU=,RCmzpkRGabIjHym2d5Cold9ppCs=
14,26,cNDQ96e79YmKalvoXlFLQIhbTXU=,RCmzpkRGabIjHym2d5Cold9ppCs=
2,18,cNDQ96e79YmKalvoXlFLQIhbTXU=,kJYsJd8GQblbro5DPNKsNP7k/gk=
0,17,jz7us3lQ1H/WpdbNka/bJqNuYqA=,9A7gAildwRD7FS186QTqxOzYO7Y=
0,18,oWh0twLDGor9esCa5kXT1S93ntQ=,gFgtZveTXd7wK2MbnUyS1jVxuqc=
13,25,cNDQ96e79YmKalvoXlFLQIhbTXU=,nuEeEN09dLQoT7ePq8IVTUPyI7o=
1,18,oWh0twLDGor9esCa5kXT1S93ntQ=,gFgtZveTXd7wK2MbnUyS1jVxuqc=
1,16,jz7us3lQ1H/WpdbNka/bJqNuYqA=,9A7gAildwRD7FS186QTqxOzYO7Y=
12,27,cNDQ96e79YmKalvoXlFLQIhbTXU=,NthYghCTrlgt4Fkhu8jBpiKT4yQ=
15,16,cNDQ96e79YmKalvoXlFLQIhbTXU=,af9ZbiHIkuUWgFcCkVTBWRVUIzs=
9,28,jz7us3lQ1H/WpdbNka/bJqNuYqA=,Sl4ijvdXcTNUQtajzH3HH/GEJG4=
11,27,jz7us3lQ1H/WpdbNka/bJqNuYqA=,m/lHAtUt5p+zgnut9c/bjhx2esU=
2,17,cNDQ96e79YmKalvoXlFLQIhbTXU=,/oG+XrLoX1o/27L2MFaDtaPLboA=
12,28,cNDQ96e79YmKalvoXlFLQIhbTXU=,s8bKr8AWnDPHVwSJrBD62+/hRN4=
9,27,jz7us3lQ1H/WpdbNka/bJqNuYqA=,9lgqDmeEop4U24Xeq1X2SfUMubk=
11,29,jz7us3lQ1H/WpdbNka/bJqNuYqA=,aVA4q2BUomd+vRSEqHLI9aZMNW4=
10,28,jz7us3lQ1H/WpdbNka/bJqNuYqA=,aVA4q2BUomd+vRSEqHLI9aZMNW4=
10,27,jz7us3lQ1H/WpdbNka/bJqNuYqA=,m/lHAtUt5p+zgnut9c/bjhx2esU=
10,29,jz7us3lQ1H/WpdbNka/bJqNuYqA=,aVA4q2BUomd+vRSEqHLI9aZMNW4=
12,29,cNDQ96e79YmKalvoXlFLQIhbTXU=,s8bKr8AWnDPHVwSJrBD62+/hRN4=
11,28,jz7us3lQ1H/WpdbNka/bJqNuYqA=,aVA4q2BUomd+vRSEqHLI9aZMNW4=
2,16,cNDQ96e79YmKalvoXlFLQIhbTXU=,/oG+XrLoX1o/27L2MFaDtaPLboA=
13,27,cNDQ96e79YmKalvoXlFLQIhbTXU=,NthYghCTrlgt4Fkhu8jBpiKT4yQ=
9,29,jz7us3lQ1H/WpdbNka/bJqNuYqA=,Sl4ijvdXcTNUQtajzH3HH/GEJG4=
14,27,cNDQ96e79YmKalvoXlFLQIhbTXU=,RCmzpkRGabIjHym2d5Cold9ppCs=
15,28,cNDQ96e79YmKalvoXlFLQIhbTXU=,yOzqDjBWFa2TvyRH+aKe0azST8w=
15,27,cNDQ96e79YmKalvoXlFLQIhbTXU=,RCmzpkRGabIjHym2d5Cold9ppCs=
13,29,cNDQ96e79YmKalvoXlFLQIhbTXU=,s8bKr8AWnDPHVwSJrBD62+/hRN4=
14,28,cNDQ96e79YmKalvoXlFLQIhbTXU=,yOzqDjBWFa2TvyRH+aKe0azST8w=
14,29,cNDQ96e79YmKalvoXlFLQIhbTXU=,yOzqDjBWFa2TvyRH+aKe0azST8w=
13,28,cNDQ96e79YmKalvoXlFLQIhbTXU=,s8bKr8AWnDPHVwSJrBD62+/hRN4=
15,29,cNDQ96e79YmKalvoXlFLQIhbTXU=,yOzqDjBWFa2TvyRH+aKe0azST8w=
0,26,oWh0twLDGor9esCa5kXT1S93ntQ=,lh70rFfCjCqE7etIYjM+GjM5zxU=
0,25,oWh0twLDGor9esCa5kXT1S93ntQ=,SbTBzsF/bHfgMcWW+cVgNVEBPYM=
6,29,jz7us3lQ1H/WpdbNka/bJqNuYqA=,6r9fmnX57UCZwaIAnJBZcTsek+8=
5,29,jz7us3lQ1H/WpdbNka/bJqNuYqA=,KnsYtQaMZ+b2VN03pf0PsWN4EaY=
0,24,oWh0twLDGor9esCa5kXT1S93ntQ=,SbTBzsF/bHfgMcWW+cVgNVEBPYM=
5,27,HRAKJ22Me3bCNWdnFtGN5+is6lE=,+4xu8LWbgfrWtBUGNaUCAzocJhY=
0,16,jz7us3lQ1H/WpdbNka/bJqNuYqA=,9A7gAildwRD7FS186QTqxOzYO7Y=
5,28,HRAKJ22Me3bCNWdnFtGN5+is6lE=,KnsYtQaMZ+b2VN03pf0PsWN4EaY=
6,28,jz7us3lQ1H/WpdbNka/bJqNuYqA=,6r9fmnX57UCZwaIAnJBZcTsek+8=
0,23,oWh0twLDGor9esCa5kXT1S93ntQ=,Yz22nfNQZEeiRCGXLlvF0BF0PPg=
6,27,jz7us3lQ1H/WpdbNka/bJqNuYqA=,HUGd/37AZrl+s9q7X2J40yLNnzo=
4,29,jz7us3lQ1H/WpdbNka/bJqNuYqA=,KnsYtQaMZ+b2VN03pf0PsWN4EaY=
1,28,jz7us3lQ1H/WpdbNka/bJqNuYqA=,JFuCSAERu3R4SCK5uRrGq5jFaKo=
3,29,jz7us3lQ1H/WpdbNka/bJqNuYqA=,NaD7dujOSZYKCVIkt9eSuUAav4w=
4,27,jz7us3lQ1H/WpdbNka/bJqNuYqA=,+4xu8LWbgfrWtBUGNaUCAzocJhY=
3,27,jz7us3lQ1H/WpdbNka/bJqNuYqA=,O/L292Bzz/por591BRllNZ/5+5M=
2,28,jz7us3lQ1H/WpdbNka/bJqNuYqA=,NaD7dujOSZYKCVIkt9eSuUAav4w=
4,28,jz7us3lQ1H/WpdbNka/bJqNuYqA=,KnsYtQaMZ+b2VN03pf0PsWN4EaY=
3,28,jz7us3lQ1H/WpdbNka/bJqNuYqA=,NaD7dujOSZYKCVIkt9eSuUAav4w=
2,27,jz7us3lQ1H/WpdbNka/bJqNuYqA=,O/L292Bzz/por591BRllNZ/5+5M=
0,29,jz7us3lQ1H/WpdbNka/bJqNuYqA=,JFuCSAERu3R4SCK5uRrGq5jFaKo=
1,29,jz7us3lQ1H/WpdbNka/bJqNuYqA=,JFuCSAERu3R4SCK5uRrGq5jFaKo=
2,29,jz7us3lQ1H/WpdbNka/bJqNuYqA=,NaD7dujOSZYKCVIkt9eSuUAav4w=
0,28,jz7us3lQ1H/WpdbNka/bJqNuYqA=,JFuCSAERu3R4SCK5uRrGq5jFaKo=
0,27,oWh0twLDGor9esCa5kXT1S93ntQ=,lh70rFfCjCqE7etIYjM+GjM5zxU=
1,27,oWh0twLDGor9esCa5kXT1S93ntQ=,lh70rFfCjCqE7etIYjM+GjM5zxU=
22,27,cRK4Aaw5vSxPcB754rBR6gTfO8E=,mDlsstetI1bJpnthycNKp67exUE=
21,27,cRK4Aaw5vSxPcB754rBR6gTfO8E=,cHnJYLJe1EpMYAq/o0nBDMsAhbo=
22,28,cRK4Aaw5vSxPcB754rBR6gTfO8E=,qCK9a+VQv9vKX6E0kfeLFSczyu4=
21,28,cRK4Aaw5vSxPcB754rBR6gTfO8E=,4Mc2p47z+z/ReASDDYiI4LsspyQ=
20,27,cRK4Aaw5vSxPcB754rBR6gTfO8E=,cHnJYLJe1EpMYAq/o0nBDMsAhbo=
19,27,cRK4Aaw5vSxPcB754rBR6gTfO8E=,3GKMglDFk+luCchptvZkZG0La2Y=
20,28,cRK4Aaw5vSxPcB754rBR6gTfO8E=,4Mc2p47z+z/ReASDDYiI4LsspyQ=
19,28,cRK4Aaw5vSxPcB754rBR6gTfO8E=,DxynBNkLMwsQ453M0nwO7MeOV98=
20,17,cRK4Aaw5vSxPcB754rBR6gTfO8E=,RSHSr/PASzTWs52VhMwxiNXmJgo=
19,17,cRK4Aaw5vSxPcB754rBR6gTfO8E=,1Nekj4Wf6O3JbfCKUHENNjQY6To=
20,18,cRK4Aaw5vSxPcB754rBR6gTfO8E=,0D15/YRWAdTPDlpelglJ/MvVXs8=
19,18,cRK4Aaw5vSxPcB754rBR6gTfO8E=,Uyc+Cwa4VbgaxaL/++SNKQhagic=
20,19,cRK4Aaw5vSxPcB754rBR6gTfO8E=,0D15/YRWAdTPDlpelglJ/MvVXs8=
20,20,cRK4Aaw5vSxPcB754rBR6gTfO8E=,n9qHayHmcyAAwRpLzbYPG63AaUo=
19,20,cRK4Aaw5vSxPcB754rBR6gTfO8E=,86zIy13oxFGXv46zrSfBPjUUkUU=
19,19,cRK4Aaw5vSxPcB754rBR6gTfO8E=,Uyc+Cwa4VbgaxaL/++SNKQhagic=
20,22,cRK4Aaw5vSxPcB754rBR6gTfO8E=,NXFMOdxoBkQTutXepjj/k049Fwo=
19,22,cRK4Aaw5vSxPcB754rBR6gTfO8E=,Fea2HE5tLGV6ncSe4os9dMtnt4Y=
19,21,cRK4Aaw5vSxPcB754rBR6gTfO8E=,86zIy13oxFGXv46zrSfBPjUUkUU=
20,21,wHfGSxlcsoMURkgYARUQyjT3Xjc=,n9qHayHmcyAAwRpLzbYPG63AaUo=
22,22,wHfGSxlcsoMURkgYARUQyjT3Xjc=,w3CtEbtLyYcvwgUe3rIPcCJikK8=
21,22,wHfGSxlcsoMURkgYARUQyjT3Xjc=,NXFMOdxoBkQTutXepjj/k049Fwo=
22,21,wHfGSxlcsoMURkgYARUQyjT3Xjc=,4kIGv7AL8iPQNASdm6ObY5Rd1p0=
21,21,wHfGSxlcsoMURkgYARUQyjT3Xjc=,n9qHayHmcyAAwRpLzbYPG63AaUo=
26,22,wHfGSxlcsoMURkgYARUQyjT3Xjc=,thtAR76O5xxNEFzX0ANjWMLlSXM=
25,21,wHfGSxlcsoMURkgYARUQyjT3Xjc=,ZEOpm+6nHKr29vwHONgVoFGkaOk=
23,22,wHfGSxlcsoMURkgYARUQyjT3Xjc=,w3CtEbtLyYcvwgUe3rIPcCJikK8=
26,21,wHfGSxlcsoMURkgYARUQyjT3Xjc=,cZ70yG5tcB8YdxjEq7E25trTUY0=
24,21,wHfGSxlcsoMURkgYARUQyjT3Xjc=,ZEOpm+6nHKr29vwHONgVoFGkaOk=
25,22,wHfGSxlcsoMURkgYARUQyjT3Xjc=,0UnBDTCXJwV2qZ8nN/dTRA9Fms0=
23,21,wHfGSxlcsoMURkgYARUQyjT3Xjc=,4kIGv7AL8iPQNASdm6ObY5Rd1p0=
24,22,wHfGSxlcsoMURkgYARUQyjT3Xjc=,0UnBDTCXJwV2qZ8nN/dTRA9Fms0=
27,22,QfFdxJm8SI+i/AfUCyrhutstqGI=,thtAR76O5xxNEFzX0ANjWMLlSXM=
27,21,QfFdxJm8SI+i/AfUCyrhutstqGI=,cZ70yG5tcB8YdxjEq7E25trTUY0=
28,22,QfFdxJm8SI+i/AfUCyrhutstqGI=,4b3+IGMCTdvXu7CX5EthifdsaJE=
28,21,QfFdxJm8SI+i/AfUCyrhutstqGI=,X/iHvZ7EcidHam6VzhGWwwjuENM=
26,24,QfFdxJm8SI+i/AfUCyrhutstqGI=,FNFfVjVKroVLK6xn3oNgxek99vc=
26,23,QfFdxJm8SI+i/AfUCyrhutstqGI=,thtAR76O5xxNEFzX0ANjWMLlSXM=
25,23,QfFdxJm8SI+i/AfUCyrhutstqGI=,0UnBDTCXJwV2qZ8nN/dTRA9Fms0=
27,24,QfFdxJm8SI+i/AfUCyrhutstqGI=,FNFfVjVKroVLK6xn3oNgxek99vc=
27,23,QfFdxJm8SI+i/AfUCyrhutstqGI=,thtAR76O5xxNEFzX0ANjWMLlSXM=
25,24,QfFdxJm8SI+i/AfUCyrhutstqGI=,S9aiRyIHxAhEou9EBhBRwmHCni8=
28,24,QfFdxJm8SI+i/AfUCyrhutstqGI=,fJ5gPrRbuClBy/0xyTmkLaQB/jI=
23,23,QfFdxJm8SI+i/AfUCyrhutstqGI=,w3CtEbtLyYcvwgUe3rIPcCJikK8=
24,23,QfFdxJm8SI+i/AfUCyrhutstqGI=,0UnBDTCXJwV2qZ8nN/dTRA9Fms0=
23,24,QfFdxJm8SI+i/AfUCyrhutstqGI=,5C5j4BVoaD9AYj2molbA8Bbvi+k=
28,23,QfFdxJm8SI+i/AfUCyrhutstqGI=,4b3+IGMCTdvXu7CX5EthifdsaJE=
24,24,QfFdxJm8SI+i/AfUCyrhutstqGI=,S9aiRyIHxAhEou9EBhBRwmHCni8=
27,25,QfFdxJm8SI+i/AfUCyrhutstqGI=,FNFfVjVKroVLK6xn3oNgxek99vc=
28,25,QfFdxJm8SI+i/AfUCyrhutstqGI=,fJ5gPrRbuClBy/0xyTmkLaQB/jI=
22,26,QfFdxJm8SI+i/AfUCyrhutstqGI=,mDlsstetI1bJpnthycNKp67exUE=
23,26,QfFdxJm8SI+i/AfUCyrhutstqGI=,mDlsstetI1bJpnthycNKp67exUE=
26,25,QfFdxJm8SI+i/AfUCyrhutstqGI=,FNFfVjVKroVLK6xn3oNgxek99vc=
28,26,QfFdxJm8SI+i/AfUCyrhutstqGI=,g9G0G/1FfSS+lJ8fWO1f4+s7XQE=
23,25,QfFdxJm8SI+i/AfUCyrhutstqGI=,5C5j4BVoaD9AYj2molbA8Bbvi+k=
25,25,QfFdxJm8SI+i/AfUCyrhutstqGI=,S9aiRyIHxAhEou9EBhBRwmHCni8=
21,26,QfFdxJm8SI+i/AfUCyrhutstqGI=,cHnJYLJe1EpMYAq/o0nBDMsAhbo=
20,26,QfFdxJm8SI+i/AfUCyrhutstqGI=,cHnJYLJe1EpMYAq/o0nBDMsAhbo=
22,25,QfFdxJm8SI+i/AfUCyrhutstqGI=,5C5j4BVoaD9AYj2molbA8Bbvi+k=
19,26,QfFdxJm8SI+i/AfUCyrhutstqGI=,3GKMglDFk+luCchptvZkZG0La2Y=
24,25,QfFdxJm8SI+i/AfUCyrhutstqGI=,S9aiRyIHxAhEou9EBhBRwmHCni8=
20,25,QfFdxJm8SI+i/AfUCyrhutstqGI=,sgjyS6MBTGgxZGIuWF5aaz/fS08=
21,25,QfFdxJm8SI+i/AfUCyrhutstqGI=,sgjyS6MBTGgxZGIuWF5aaz/fS08=
19,25,QfFdxJm8SI+i/AfUCyrhutstqGI=,qjzhy1GOvEgzlrZTsJUM0i2/zMk=
22,23,QfFdxJm8SI+i/AfUCyrhutstqGI=,w3CtEbtLyYcvwgUe3rIPcCJikK8=
21,23,QfFdxJm8SI+i/AfUCyrhutstqGI=,NXFMOdxoBkQTutXepjj/k049Fwo=
19,23,QfFdxJm8SI+i/AfUCyrhutstqGI=,Fea2HE5tLGV6ncSe4os9dMtnt4Y=
20,23,QfFdxJm8SI+i/AfUCyrhutstqGI=,NXFMOdxoBkQTutXepjj/k049Fwo=
21,24,QfFdxJm8SI+i/AfUCyrhutstqGI=,sgjyS6MBTGgxZGIuWF5aaz/fS08=
20,24,QfFdxJm8SI+i/AfUCyrhutstqGI=,sgjyS6MBTGgxZGIuWF5aaz/fS08=
19,24,QfFdxJm8SI+i/AfUCyrhutstqGI=,qjzhy1GOvEgzlrZTsJUM0i2/zMk=
28,28,QfFdxJm8SI+i/AfUCyrhutstqGI=,p/XC2ElCxJguFZ3RR1WO1o0EjbE=
28,30,QfFdxJm8SI+i/AfUCyrhutstqGI=,vesPR4M7i6/uEVNlXBNRLjWvDDY=
22,24,QfFdxJm8SI+i/AfUCyrhutstqGI=,5C5j4BVoaD9AYj2molbA8Bbvi+k=
29,30,QfFdxJm8SI+i/AfUCyrhutstqGI=,vesPR4M7i6/uEVNlXBNRLjWvDDY=
29,29,QfFdxJm8SI+i/AfUCyrhutstqGI=,p/XC2ElCxJguFZ3RR1WO1o0EjbE=
28,27,QfFdxJm8SI+i/AfUCyrhutstqGI=,g9G0G/1FfSS+lJ8fWO1f4+s7XQE=
27,28,QfFdxJm8SI+i/AfUCyrhutstqGI=,cijnFkh/SrRZyyanNEToxmXCtiw=
28,29,QfFdxJm8SI+i/AfUCyrhutstqGI=,p/XC2ElCxJguFZ3RR1WO1o0EjbE=
27,29,QfFdxJm8SI+i/AfUCyrhutstqGI=,cijnFkh/SrRZyyanNEToxmXCtiw=
29,28,QfFdxJm8SI+i/AfUCyrhutstqGI=,p/XC2ElCxJguFZ3RR1WO1o0EjbE=
29,27,QfFdxJm8SI+i/AfUCyrhutstqGI=,g9G0G/1FfSS+lJ8fWO1f4+s7XQE=
23,27,QfFdxJm8SI+i/AfUCyrhutstqGI=,mDlsstetI1bJpnthycNKp67exUE=
23,28,QfFdxJm8SI+i/AfUCyrhutstqGI=,qCK9a+VQv9vKX6E0kfeLFSczyu4=
26,28,QfFdxJm8SI+i/AfUCyrhutstqGI=,cijnFkh/SrRZyyanNEToxmXCtiw=
24,29,QfFdxJm8SI+i/AfUCyrhutstqGI=,vKma1BI7TcYi7WM+XwBxQ5SxqVc=
24,28,QfFdxJm8SI+i/AfUCyrhutstqGI=,vKma1BI7TcYi7WM+XwBxQ5SxqVc=
23,29,QfFdxJm8SI+i/AfUCyrhutstqGI=,qCK9a+VQv9vKX6E0kfeLFSczyu4=
26,29,QfFdxJm8SI+i/AfUCyrhutstqGI=,cijnFkh/SrRZyyanNEToxmXCtiw=
25,29,QfFdxJm8SI+i/AfUCyrhutstqGI=,vKma1BI7TcYi7WM+XwBxQ5SxqVc=
25,28,QfFdxJm8SI+i/AfUCyrhutstqGI=,vKma1BI7TcYi7WM+XwBxQ5SxqVc=
22,20,QfFdxJm8SI+i/AfUCyrhutstqGI=,4kIGv7AL8iPQNASdm6ObY5Rd1p0=
22,19,QfFdxJm8SI+i/AfUCyrhutstqGI=,Ws3sMC/oFSW9o9s/BubaIdgoiz8=
21,19,QfFdxJm8SI+i/AfUCyrhutstqGI=,0D15/YRWAdTPDlpelglJ/MvVXs8=
23,20,QfFdxJm8SI+i/AfUCyrhutstqGI=,4kIGv7AL8iPQNASdm6ObY5Rd1p0=
26,19,QfFdxJm8SI+i/AfUCyrhutstqGI=,aoxS/Nn8hMK7oKBgc+tify8WEdI=
23,19,QfFdxJm8SI+i/AfUCyrhutstqGI=,Ws3sMC/oFSW9o9s/BubaIdgoiz8=
26,20,QfFdxJm8SI+i/AfUCyrhutstqGI=,cZ70yG5tcB8YdxjEq7E25trTUY0=
21,20,QfFdxJm8SI+i/AfUCyrhutstqGI=,n9qHayHmcyAAwRpLzbYPG63AaUo=
25,19,QfFdxJm8SI+i/AfUCyrhutstqGI=,YNg3+UJjAlzOFd1NzSuvQpRU5P0=
25,20,QfFdxJm8SI+i/AfUCyrhutstqGI=,ZEOpm+6nHKr29vwHONgVoFGkaOk=
24,19,QfFdxJm8SI+i/AfUCyrhutstqGI=,YNg3+UJjAlzOFd1NzSuvQpRU5P0=
24,20,QfFdxJm8SI+i/AfUCyrhutstqGI=,ZEOpm+6nHKr29vwHONgVoFGkaOk=
26,18,QfFdxJm8SI+i/AfUCyrhutstqGI=,aoxS/Nn8hMK7oKBgc+tify8WEdI=
25,16,QfFdxJm8SI+i/AfUCyrhutstqGI=,6AJV3h8abVdIy1l0J3LguuvE9vM=
25,18,QfFdxJm8SI+i/AfUCyrhutstqGI=,YNg3+UJjAlzOFd1NzSuvQpRU5P0=
25,17,QfFdxJm8SI+i/AfUCyrhutstqGI=,6AJV3h8abVdIy1l0J3LguuvE9vM=
23,16,QfFdxJm8SI+i/AfUCyrhutstqGI=,AwXn3azYteCCiECMxxTCFO++b6Q=
23,18,QfFdxJm8SI+i/AfUCyrhutstqGI=,Ws3sMC/oFSW9o9s/BubaIdgoiz8=
24,18,QfFdxJm8SI+i/AfUCyrhutstqGI=,YNg3+UJjAlzOFd1NzSuvQpRU5P0=
22,18,QfFdxJm8SI+i/AfUCyrhutstqGI=,Ws3sMC/oFSW9o9s/BubaIdgoiz8=
21,18,QfFdxJm8SI+i/AfUCyrhutstqGI=,0D15/YRWAdTPDlpelglJ/MvVXs8=
23,17,QfFdxJm8SI+i/AfUCyrhutstqGI=,AwXn3azYteCCiECMxxTCFO++b6Q=
21,16,QfFdxJm8SI+i/AfUCyrhutstqGI=,RSHSr/PASzTWs52VhMwxiNXmJgo=
24,16,QfFdxJm8SI+i/AfUCyrhutstqGI=,6AJV3h8abVdIy1l0J3LguuvE9vM=
22,16,QfFdxJm8SI+i/AfUCyrhutstqGI=,AwXn3azYteCCiECMxxTCFO++b6Q=
21,17,QfFdxJm8SI+i/AfUCyrhutstqGI=,RSHSr/PASzTWs52VhMwxiNXmJgo=
24,17,QfFdxJm8SI+i/AfUCyrhutstqGI=,6AJV3h8abVdIy1l0J3LguuvE9vM=
22,17,QfFdxJm8SI+i/AfUCyrhutstqGI=,AwXn3azYteCCiECMxxTCFO++b6Q=
18,20,QfFdxJm8SI+i/AfUCyrhutstqGI=,86zIy13oxFGXv46zrSfBPjUUkUU=
17,20,QfFdxJm8SI+i/AfUCyrhutstqGI=,TAbzyMN/yYJ2LRm3pJzK68wX/4M=
17,19,QfFdxJm8SI+i/AfUCyrhutstqGI=,yUsqKKtx5V/CNcD7mCVRPTtg9Xs=
18,19,QfFdxJm8SI+i/AfUCyrhutstqGI=,Uyc+Cwa4VbgaxaL/++SNKQhagic=
17,21,QfFdxJm8SI+i/AfUCyrhutstqGI=,TAbzyMN/yYJ2LRm3pJzK68wX/4M=
17,22,QfFdxJm8SI+i/AfUCyrhutstqGI=,sxhl9zlR3SB5CnFyI3iMl60ao90=
18,21,QfFdxJm8SI+i/AfUCyrhutstqGI=,86zIy13oxFGXv46zrSfBPjUUkUU=
18,22,QfFdxJm8SI+i/AfUCyrhutstqGI=,Fea2HE5tLGV6ncSe4os9dMtnt4Y=
16,28,QfFdxJm8SI+i/AfUCyrhutstqGI=,T8CWiZamgYgWXyj900Ww9BIwFJg=
16,27,QfFdxJm8SI+i/AfUCyrhutstqGI=,G7EIs9EKusZz7RpieYtgOuUtfuA=
17,27,QfFdxJm8SI+i/AfUCyrhutstqGI=,G7EIs9EKusZz7RpieYtgOuUtfuA=
17,28,QfFdxJm8SI+i/AfUCyrhutstqGI=,T8CWiZamgYgWXyj900Ww9BIwFJg=
18,27,QfFdxJm8SI+i/AfUCyrhutstqGI=,3GKMglDFk+luCchptvZkZG0La2Y=
17,29,QfFdxJm8SI+i/AfUCyrhutstqGI=,T8CWiZamgYgWXyj900Ww9BIwFJg=
16,21,QfFdxJm8SI+i/AfUCyrhutstqGI=,TAbzyMN/yYJ2LRm3pJzK68wX/4M=
18,29,QfFdxJm8SI+i/AfUCyrhutstqGI=,DxynBNkLMwsQ453M0nwO7MeOV98=
16,22,QfFdxJm8SI+i/AfUCyrhutstqGI=,sxhl9zlR3SB5CnFyI3iMl60ao90=
18,28,QfFdxJm8SI+i/AfUCyrhutstqGI=,DxynBNkLMwsQ453M0nwO7MeOV98=
20,16,QfFdxJm8SI+i/AfUCyrhutstqGI=,RSHSr/PASzTWs52VhMwxiNXmJgo=
16,19,QfFdxJm8SI+i/AfUCyrhutstqGI=,yUsqKKtx5V/CNcD7mCVRPTtg9Xs=
19,16,QfFdxJm8SI+i/AfUCyrhutstqGI=,1Nekj4Wf6O3JbfCKUHENNjQY6To=
16,20,QfFdxJm8SI+i/AfUCyrhutstqGI=,TAbzyMN/yYJ2LRm3pJzK68wX/4M=
18,26,QfFdxJm8SI+i/AfUCyrhutstqGI=,3GKMglDFk+luCchptvZkZG0La2Y=
18,25,QfFdxJm8SI+i/AfUCyrhutstqGI=,qjzhy1GOvEgzlrZTsJUM0i2/zMk=
16,25,QfFdxJm8SI+i/AfUCyrhutstqGI=,lrGPU5XAiZQmZikW3A8/DszOqSU=
17,25,QfFdxJm8SI+i/AfUCyrhutstqGI=,lrGPU5XAiZQmZikW3A8/DszOqSU=
16,23,QfFdxJm8SI+i/AfUCyrhutstqGI=,sxhl9zlR3SB5CnFyI3iMl60ao90=
16,26,QfFdxJm8SI+i/AfUCyrhutstqGI=,G7EIs9EKusZz7RpieYtgOuUtfuA=
17,26,QfFdxJm8SI+i/AfUCyrhutstqGI=,G7EIs9EKusZz7RpieYtgOuUtfuA=
17,23,QfFdxJm8SI+i/AfUCyrhutstqGI=,sxhl9zlR3SB5CnFyI3iMl60ao90=
29,31,QfFdxJm8SI+i/AfUCyrhutstqGI=,vesPR4M7i6/uEVNlXBNRLjWvDDY=
16,24,QfFdxJm8SI+i/AfUCyrhutstqGI=,lrGPU5XAiZQmZikW3A8/DszOqSU=
28,31,QfFdxJm8SI+i/AfUCyrhutstqGI=,vesPR4M7i6/uEVNlXBNRLjWvDDY=
18,23,QfFdxJm8SI+i/AfUCyrhutstqGI=,Fea2HE5tLGV6ncSe4os9dMtnt4Y=
18,24,QfFdxJm8SI+i/AfUCyrhutstqGI=,qjzhy1GOvEgzlrZTsJUM0i2/zMk=
29,21,QfFdxJm8SI+i/AfUCyrhutstqGI=,X/iHvZ7EcidHam6VzhGWwwjuENM=
29,22,QfFdxJm8SI+i/AfUCyrhutstqGI=,4b3+IGMCTdvXu7CX5EthifdsaJE=
29,26,QfFdxJm8SI+i/AfUCyrhutstqGI=,g9G0G/1FfSS+lJ8fWO1f4+s7XQE=
19,29,QfFdxJm8SI+i/AfUCyrhutstqGI=,DxynBNkLMwsQ453M0nwO7MeOV98=
22,29,QfFdxJm8SI+i/AfUCyrhutstqGI=,qCK9a+VQv9vKX6E0kfeLFSczyu4=
29,23,QfFdxJm8SI+i/AfUCyrhutstqGI=,4b3+IGMCTdvXu7CX5EthifdsaJE=
21,29,QfFdxJm8SI+i/AfUCyrhutstqGI=,4Mc2p47z+z/ReASDDYiI4LsspyQ=
20,29,QfFdxJm8SI+i/AfUCyrhutstqGI=,4Mc2p47z+z/ReASDDYiI4LsspyQ=
17,24,QfFdxJm8SI+i/AfUCyrhutstqGI=,lrGPU5XAiZQmZikW3A8/DszOqSU=
29,24,QfFdxJm8SI+i/AfUCyrhutstqGI=,fJ5gPrRbuClBy/0xyTmkLaQB/jI=
16,29,QfFdxJm8SI+i/AfUCyrhutstqGI=,T8CWiZamgYgWXyj900Ww9BIwFJg=
29,25,QfFdxJm8SI+i/AfUCyrhutstqGI=,fJ5gPrRbuClBy/0xyTmkLaQB/jI=
28,16,QfFdxJm8SI+i/AfUCyrhutstqGI=,+Qp8HdRF9qm60gRWuaQ5V4fYLbc=
29,16,QfFdxJm8SI+i/AfUCyrhutstqGI=,+Qp8HdRF9qm60gRWuaQ5V4fYLbc=
27,18,QfFdxJm8SI+i/AfUCyrhutstqGI=,aoxS/Nn8hMK7oKBgc+tify8WEdI=
27,19,QfFdxJm8SI+i/AfUCyrhutstqGI=,aoxS/Nn8hMK7oKBgc+tify8WEdI=
28,20,QfFdxJm8SI+i/AfUCyrhutstqGI=,X/iHvZ7EcidHam6VzhGWwwjuENM=
29,19,QfFdxJm8SI+i/AfUCyrhutstqGI=,37KOwlMCItorMMa8TkaL0XRYq0U=
28,17,QfFdxJm8SI+i/AfUCyrhutstqGI=,+Qp8HdRF9qm60gRWuaQ5V4fYLbc=
27,20,QfFdxJm8SI+i/AfUCyrhutstqGI=,cZ70yG5tcB8YdxjEq7E25trTUY0=
29,20,QfFdxJm8SI+i/AfUCyrhutstqGI=,X/iHvZ7EcidHam6VzhGWwwjuENM=
29,17,QfFdxJm8SI+i/AfUCyrhutstqGI=,+Qp8HdRF9qm60gRWuaQ5V4fYLbc=
29,18,QfFdxJm8SI+i/AfUCyrhutstqGI=,37KOwlMCItorMMa8TkaL0XRYq0U=
28,18,QfFdxJm8SI+i/AfUCyrhutstqGI=,37KOwlMCItorMMa8TkaL0XRYq0U=
28,19,QfFdxJm8SI+i/AfUCyrhutstqGI=,37KOwlMCItorMMa8TkaL0XRYq0U=
17,18,QfFdxJm8SI+i/AfUCyrhutstqGI=,yUsqKKtx5V/CNcD7mCVRPTtg9Xs=
16,18,QfFdxJm8SI+i/AfUCyrhutstqGI=,yUsqKKtx5V/CNcD7mCVRPTtg9Xs=
16,16,QfFdxJm8SI+i/AfUCyrhutstqGI=,07VOKtr6KpxHOsO9TsYhEZ2Wca4=
17,16,QfFdxJm8SI+i/AfUCyrhutstqGI=,07VOKtr6KpxHOsO9TsYhEZ2Wca4=
16,17,QfFdxJm8SI+i/AfUCyrhutstqGI=,07VOKtr6KpxHOsO9TsYhEZ2Wca4=
18,16,QfFdxJm8SI+i/AfUCyrhutstqGI=,1Nekj4Wf6O3JbfCKUHENNjQY6To=
17,17,QfFdxJm8SI+i/AfUCyrhutstqGI=,07VOKtr6KpxHOsO9TsYhEZ2Wca4=
18,17,QfFdxJm8SI+i/AfUCyrhutstqGI=,1Nekj4Wf6O3JbfCKUHENNjQY6To=
18,18,QfFdxJm8SI+i/AfUCyrhutstqGI=,Uyc+Cwa4VbgaxaL/++SNKQhagic=
21,4,QfFdxJm8SI+i/AfUCyrhutstqGI=,FY5xik242D/DoXP8dOwn2fizRTY=
22,4,QfFdxJm8SI+i/AfUCyrhutstqGI=,f9zTaXESUUOgS9b57KrYO8Bi1f8=
22,3,QfFdxJm8SI+i/AfUCyrhutstqGI=,1Pak6RRWmiMcQODT1mfRvfMc4XQ=
22,1,QfFdxJm8SI+i/AfUCyrhutstqGI=,xL5JovJjtlYqyT7nQGsw0udRM1M=
22,2,QfFdxJm8SI+i/AfUCyrhutstqGI=,1Pak6RRWmiMcQODT1mfRvfMc4XQ=
21,1,QfFdxJm8SI+i/AfUCyrhutstqGI=,h9TIGfHMnxUFtpLZ2UGSgrSTv5E=
22,6,QfFdxJm8SI+i/AfUCyrhutstqGI=,uD5CrsrqVz+PEHEXuoMr3t0NDA0=
22,5,QfFdxJm8SI+i/AfUCyrhutstqGI=,f9zTaXESUUOgS9b57KrYO8Bi1f8=
21,6,QfFdxJm8SI+i/AfUCyrhutstqGI=,MuXn2uN5kSe1XiSP8rOCKf4aeUI=
21,5,QfFdxJm8SI+i/AfUCyrhutstqGI=,FY5xik242D/DoXP8dOwn2fizRTY=
20,4,QfFdxJm8SI+i/AfUCyrhutstqGI=,FY5xik242D/DoXP8dOwn2fizRTY=
19,3,QfFdxJm8SI+i/AfUCyrhutstqGI=,VCzfggXf23hI3ga0yx7k6v4n4bc=
19,4,QfFdxJm8SI+i/AfUCyrhutstqGI=,QeAUaKIX1Ttzs3RAbrb5J7rvq3o=
20,5,QfFdxJm8SI+i/AfUCyrhutstqGI=,FY5xik242D/DoXP8dOwn2fizRTY=
20,6,QfFdxJm8SI+i/AfUCyrhutstqGI=,MuXn2uN5kSe1XiSP8rOCKf4aeUI=
19,5,QfFdxJm8SI+i/AfUCyrhutstqGI=,QeAUaKIX1Ttzs3RAbrb5J7rvq3o=
19,6,QfFdxJm8SI+i/AfUCyrhutstqGI=,ljbHFA8m1KqYTHW3in2C0/y8/3c=
17,6,QfFdxJm8SI+i/AfUCyrhutstqGI=,eTjxKOZhVxIdMILT24eY9nSBT8s=
18,5,QfFdxJm8SI+i/AfUCyrhutstqGI=,QeAUaKIX1Ttzs3RAbrb5J7rvq3o=
17,5,QfFdxJm8SI+i/AfUCyrhutstqGI=,6vjpGnHaohtPNbJpK3QW4pTPIO4=
18,6,QfFdxJm8SI+i/AfUCyrhutstqGI=,ljbHFA8m1KqYTHW3in2C0/y8/3c=
17,8,QfFdxJm8SI+i/AfUCyrhutstqGI=,u1ZdtKTVK+yy7vyK9UmqcIK1Kpw=
17,7,QfFdxJm8SI+i/AfUCyrhutstqGI=,eTjxKOZhVxIdMILT24eY9nSBT8s=
18,8,QfFdxJm8SI+i/AfUCyrhutstqGI=,gy9d7F7dmKcTTxahDtjok8ayhkY=
18,7,QfFdxJm8SI+i/AfUCyrhutstqGI=,ljbHFA8m1KqYTHW3in2C0/y8/3c=
18,4,QfFdxJm8SI+i/AfUCyrhutstqGI=,QeAUaKIX1Ttzs3RAbrb5J7rvq3o=
18,3,eEPmUnwHNVeuxU1BUls+cFuKh3U=,VCzfggXf23hI3ga0yx7k6v4n4bc=
17,3,eEPmUnwHNVeuxU1BUls+cFuKh3U=,TGyUmmCN1qxC2snPeTLdiCQ02Ro=
17,4,eEPmUnwHNVeuxU1BUls+cFuKh3U=,6vjpGnHaohtPNbJpK3QW4pTPIO4=
17,9,eEPmUnwHNVeuxU1BUls+cFuKh3U=,u1ZdtKTVK+yy7vyK9UmqcIK1Kpw=
17,10,eEPmUnwHNVeuxU1BUls+cFuKh3U=,yLYMuhiedvfSty6Uh+1vUNTMj7w=
18,9,eEPmUnwHNVeuxU1BUls+cFuKh3U=,gy9d7F7dmKcTTxahDtjok8ayhkY=
18,10,eEPmUnwHNVeuxU1BUls+cFuKh3U=,Oa9sIv70MJP9jgLemoqHt55GIDI=
17,12,eEPmUnwHNVeuxU1BUls+cFuKh3U=,F590ITQoHBHqk8E9pOx/82bOrN8=
18,12,eEPmUnwHNVeuxU1BUls+cFuKh3U=,qCr+obxWSd7z4u8nLwObCNyHtgQ=
18,11,eEPmUnwHNVeuxU1BUls+cFuKh3U=,Oa9sIv70MJP9jgLemoqHt55GIDI=
17,11,eEPmUnwHNVeuxU1BUls+cFuKh3U=,yLYMuhiedvfSty6Uh+1vUNTMj7w=
20,14,eEPmUnwHNVeuxU1BUls+cFuKh3U=,aOmTApMEJs5+MXvT6fe9MOhkahc=
17,14,eEPmUnwHNVeuxU1BUls+cFuKh3U=,yJQoQtjeZjPIblhg58TF8vVm5M4=
20,13,eEPmUnwHNVeuxU1BUls+cFuKh3U=,MAVrsC0quIDac5lndjFb/Ozp9iE=
18,13,eEPmUnwHNVeuxU1BUls+cFuKh3U=,qCr+obxWSd7z4u8nLwObCNyHtgQ=
18,14,eEPmUnwHNVeuxU1BUls+cFuKh3U=,4fQn6FUbk4Ga1KeUp94zgf/lqM8=
17,13,eEPmUnwHNVeuxU1BUls+cFuKh3U=,F590ITQoHBHqk8E9pOx/82bOrN8=
19,14,eEPmUnwHNVeuxU1BUls+cFuKh3U=,4fQn6FUbk4Ga1KeUp94zgf/lqM8=
19,13,Ye9peJ2vzGzWZv5rSVVvZfxKX3I=,qCr+obxWSd7z4u8nLwObCNyHtgQ=
22,14,Ye9peJ2vzGzWZv5rSVVvZfxKX3I=,/BCh7FGZ/ojUxPZQFHrkGio6r84=
21,14,Ye9peJ2vzGzWZv5rSVVvZfxKX3I=,aOmTApMEJs5+MXvT6fe9MOhkahc=
22,13,Ye9peJ2vzGzWZv5rSVVvZfxKX3I=,WNLYMBn0u/AODxHrG9lGbjlisFo=
21,13,Ye9peJ2vzGzWZv5rSVVvZfxKX3I=,MAVrsC0quIDac5lndjFb/Ozp9iE=
23,13,Ye9peJ2vzGzWZv5rSVVvZfxKX3I=,WNLYMBn0u/AODxHrG9lGbjlisFo=
24,14,Ye9peJ2vzGzWZv5rSVVvZfxKX3I=,v87RhH6XLGmeyRmipaBLDsems5w=
24,13,Ye9peJ2vzGzWZv5rSVVvZfxKX3I=,8VE2DmLFy/O9DEjGrc4m0eArFpY=
23,14,Ye9peJ2vzGzWZv5rSVVvZfxKX3I=,/BCh7FGZ/ojUxPZQFHrkGio6r84=
20,12,Ye9peJ2vzGzWZv5rSVVvZfxKX3I=,MAVrsC0quIDac5lndjFb/Ozp9iE=
20,9,Ye9peJ2vzGzWZv5rSVVvZfxKX3I=,8wYdZKI1LitRfYakm30AZ0/Pf2A=
21,8,Ye9peJ2vzGzWZv5rSVVvZfxKX3I=,8wYdZKI1LitRfYakm30AZ0/Pf2A=
22,11,Ye9peJ2vzGzWZv5rSVVvZfxKX3I=,Z8/nVfszWR2uCk5nOMFu8nDBsAI=
22,8,Ye9peJ2vzGzWZv5rSVVvZfxKX3I=,q4di+qFP2bMVn89RUvOnCasl15g=
22,7,Ye9peJ2vzGzWZv5rSVVvZfxKX3I=,uD5CrsrqVz+PEHEXuoMr3t0NDA0=
21,9,Ye9peJ2vzGzWZv5rSVVvZfxKX3I=,8wYdZKI1LitRfYakm30AZ0/Pf2A=
22,12,Ye9peJ2vzGzWZv5rSVVvZfxKX3I=,WNLYMBn0u/AODxHrG9lGbjlisFo=
21,12,Ye9peJ2vzGzWZv5rSVVvZfxKX3I=,MAVrsC0quIDac5lndjFb/Ozp9iE=
19,12,Ye9peJ2vzGzWZv5rSVVvZfxKX3I=,qCr+obxWSd7z4u8nLwObCNyHtgQ=
20,8,Ye9peJ2vzGzWZv5rSVVvZfxKX3I=,8wYdZKI1LitRfYakm30AZ0/Pf2A=
21,7,Ye9peJ2vzGzWZv5rSVVvZfxKX3I=,MuXn2uN5kSe1XiSP8rOCKf4aeUI=
22,9,Ye9peJ2vzGzWZv5rSVVvZfxKX3I=,q4di+qFP2bMVn89RUvOnCasl15g=
19,11,Ye9peJ2vzGzWZv5rSVVvZfxKX3I=,Oa9sIv70MJP9jgLemoqHt55GIDI=
23,12,Ye9peJ2vzGzWZv5rSVVvZfxKX3I=,WNLYMBn0u/AODxHrG9lGbjlisFo=
23,10,Ye9peJ2vzGzWZv5rSVVvZfxKX3I=,Z8/nVfszWR2uCk5nOMFu8nDBsAI=
24,9,Ye9peJ2vzGzWZv5rSVVvZfxKX3I=,Njl9KwMIKJisPONnruw9XhiArTQ=
24,10,Ye9peJ2vzGzWZv5rSVVvZfxKX3I=,4njSx3DKKdBq+7CqKCCTVUOqctI=
23,9,Ye9peJ2vzGzWZv5rSVVvZfxKX3I=,q4di+qFP2bMVn89RUvOnCasl15g=
19,10,Ye9peJ2vzGzWZv5rSVVvZfxKX3I=,Oa9sIv70MJP9jgLemoqHt55GIDI=
20,7,Ye9peJ2vzGzWZv5rSVVvZfxKX3I=,MuXn2uN5kSe1XiSP8rOCKf4aeUI=
22,10,Ye9peJ2vzGzWZv5rSVVvZfxKX3I=,Z8/nVfszWR2uCk5nOMFu8nDBsAI=
23,11,Ye9peJ2vzGzWZv5rSVVvZfxKX3I=,Z8/nVfszWR2uCk5nOMFu8nDBsAI=
24,12,Ye9peJ2vzGzWZv5rSVVvZfxKX3I=,8VE2DmLFy/O9DEjGrc4m0eArFpY=
19,8,Ye9peJ2vzGzWZv5rSVVvZfxKX3I=,gy9d7F7dmKcTTxahDtjok8ayhkY=
19,9,Ye9peJ2vzGzWZv5rSVVvZfxKX3I=,gy9d7F7dmKcTTxahDtjok8ayhkY=
19,7,Ye9peJ2vzGzWZv5rSVVvZfxKX3I=,ljbHFA8m1KqYTHW3in2C0/y8/3c=
24,11,Ye9peJ2vzGzWZv5rSVVvZfxKX3I=,4njSx3DKKdBq+7CqKCCTVUOqctI=
26,13,Ye9peJ2vzGzWZv5rSVVvZfxKX3I=,BfF56+b1313FHvP8fmp4I6ur+qY=
25,13,Ye9peJ2vzGzWZv5rSVVvZfxKX3I=,8VE2DmLFy/O9DEjGrc4m0eArFpY=
26,10,Ye9peJ2vzGzWZv5rSVVvZfxKX3I=,cXxNGvFFTJInxKjJToUSkUGocBU=
25,9,Ye9peJ2vzGzWZv5rSVVvZfxKX3I=,Njl9KwMIKJisPONnruw9XhiArTQ=
26,12,Ye9peJ2vzGzWZv5rSVVvZfxKX3I=,BfF56+b1313FHvP8fmp4I6ur+qY=
26,11,Ye9peJ2vzGzWZv5rSVVvZfxKX3I=,cXxNGvFFTJInxKjJToUSkUGocBU=
25,11,Ye9peJ2vzGzWZv5rSVVvZfxKX3I=,4njSx3DKKdBq+7CqKCCTVUOqctI=
25,14,Ye9peJ2vzGzWZv5rSVVvZfxKX3I=,v87RhH6XLGmeyRmipaBLDsems5w=
25,10,Ye9peJ2vzGzWZv5rSVVvZfxKX3I=,4njSx3DKKdBq+7CqKCCTVUOqctI=
25,12,Ye9peJ2vzGzWZv5rSVVvZfxKX3I=,8VE2DmLFy/O9DEjGrc4m0eArFpY=
27,10,Ye9peJ2vzGzWZv5rSVVvZfxKX3I=,cXxNGvFFTJInxKjJToUSkUGocBU=
28,9,Ye9peJ2vzGzWZv5rSVVvZfxKX3I=,UF4AJ93lG42fsPexCe2pPEpWyOM=
29,9,Ye9peJ2vzGzWZv5rSVVvZfxKX3I=,UF4AJ93lG42fsPexCe2pPEpWyOM=
29,10,Ye9peJ2vzGzWZv5rSVVvZfxKX3I=,RUBavhADmmCLcMOV+f1/mdx2jPI=
27,13,Ye9peJ2vzGzWZv5rSVVvZfxKX3I=,BfF56+b1313FHvP8fmp4I6ur+qY=
28,10,Ye9peJ2vzGzWZv5rSVVvZfxKX3I=,RUBavhADmmCLcMOV+f1/mdx2jPI=
28,11,Ye9peJ2vzGzWZv5rSVVvZfxKX3I=,RUBavhADmmCLcMOV+f1/mdx2jPI=
27,12,Ye9peJ2vzGzWZv5rSVVvZfxKX3I=,BfF56+b1313FHvP8fmp4I6ur+qY=
28,14,Ye9peJ2vzGzWZv5rSVVvZfxKX3I=,ptHJYuhs1u+TEEUKQNocsjUU8rU=
27,11,Ye9peJ2vzGzWZv5rSVVvZfxKX3I=,cXxNGvFFTJInxKjJToUSkUGocBU=
28,12,Ye9peJ2vzGzWZv5rSVVvZfxKX3I=,F4dJgwHgMUBEybfbkznMBb34uDI=
28,13,Ye9peJ2vzGzWZv5rSVVvZfxKX3I=,F4dJgwHgMUBEybfbkznMBb34uDI=
28,8,Ye9peJ2vzGzWZv5rSVVvZfxKX3I=,UF4AJ93lG42fsPexCe2pPEpWyOM=
28,7,Ye9peJ2vzGzWZv5rSVVvZfxKX3I=,vBQBYF8IqNTI7mgzMRhRTyjXuhg=
29,8,Ye9peJ2vzGzWZv5rSVVvZfxKX3I=,UF4AJ93lG42fsPexCe2pPEpWyOM=
29,7,Ye9peJ2vzGzWZv5rSVVvZfxKX3I=,vBQBYF8IqNTI7mgzMRhRTyjXuhg=
29,15,Ye9peJ2vzGzWZv5rSVVvZfxKX3I=,ptHJYuhs1u+TEEUKQNocsjUU8rU=
22,0,Ye9peJ2vzGzWZv5rSVVvZfxKX3I=,xL5JovJjtlYqyT7nQGsw0udRM1M=
21,0,Ye9peJ2vzGzWZv5rSVVvZfxKX3I=,h9TIGfHMnxUFtpLZ2UGSgrSTv5E=
28,6,Ye9peJ2vzGzWZv5rSVVvZfxKX3I=,vBQBYF8IqNTI7mgzMRhRTyjXuhg=
27,5,Ye9peJ2vzGzWZv5rSVVvZfxKX3I=,ec6ReSlUNdycPmKuM6xwbX7JmGU=
27,4,Ye9peJ2vzGzWZv5rSVVvZfxKX3I=,ec6ReSlUNdycPmKuM6xwbX7JmGU=
29,6,Ye9peJ2vzGzWZv5rSVVvZfxKX3I=,vBQBYF8IqNTI7mgzMRhRTyjXuhg=
28,5,Ye9peJ2vzGzWZv5rSVVvZfxKX3I=,q0wgn/StmsTOLw1/Nhe6DfZWMO8=
29,5,Ye9peJ2vzGzWZv5rSVVvZfxKX3I=,q0wgn/StmsTOLw1/Nhe6DfZWMO8=
29,3,Ye9peJ2vzGzWZv5rSVVvZfxKX3I=,daHZSWawGGwGeDZmWlk37o9earo=
27,3,Ye9peJ2vzGzWZv5rSVVvZfxKX3I=,XAaYOlqS5YXEjh8JYHfC/dvbDbg=
29,4,Ye9peJ2vzGzWZv5rSVVvZfxKX3I=,q0wgn/StmsTOLw1/Nhe6DfZWMO8=
28,4,Ye9peJ2vzGzWZv5rSVVvZfxKX3I=,q0wgn/StmsTOLw1/Nhe6DfZWMO8=
28,3,Ye9peJ2vzGzWZv5rSVVvZfxKX3I=,daHZSWawGGwGeDZmWlk37o9earo=
27,2,Ye9peJ2vzGzWZv5rSVVvZfxKX3I=,XAaYOlqS5YXEjh8JYHfC/dvbDbg=
27,0,Ye9peJ2vzGzWZv5rSVVvZfxKX3I=,aJBbhNa3yy92ND+y3MgPs2ZRqBg=
16,4,Ye9peJ2vzGzWZv5rSVVvZfxKX3I=,6vjpGnHaohtPNbJpK3QW4pTPIO4=
27,1,Ye9peJ2vzGzWZv5rSVVvZfxKX3I=,aJBbhNa3yy92ND+y3MgPs2ZRqBg=
29,0,Ye9peJ2vzGzWZv5rSVVvZfxKX3I=,nwhYFE9oMVYxYtWX1XIxXNQMVKo=
29,1,Ye9peJ2vzGzWZv5rSVVvZfxKX3I=,nwhYFE9oMVYxYtWX1XIxXNQMVKo=
16,3,Ye9peJ2vzGzWZv5rSVVvZfxKX3I=,TGyUmmCN1qxC2snPeTLdiCQ02Ro=
29,2,Ye9peJ2vzGzWZv5rSVVvZfxKX3I=,daHZSWawGGwGeDZmWlk37o9earo=
28,0,Ye9peJ2vzGzWZv5rSVVvZfxKX3I=,nwhYFE9oMVYxYtWX1XIxXNQMVKo=
28,1,Ye9peJ2vzGzWZv5rSVVvZfxKX3I=,nwhYFE9oMVYxYtWX1XIxXNQMVKo=
16,6,Ye9peJ2vzGzWZv5rSVVvZfxKX3I=,eTjxKOZhVxIdMILT24eY9nSBT8s=
28,2,Ye9peJ2vzGzWZv5rSVVvZfxKX3I=,daHZSWawGGwGeDZmWlk37o9earo=
16,8,Ye9peJ2vzGzWZv5rSVVvZfxKX3I=,u1ZdtKTVK+yy7vyK9UmqcIK1Kpw=
16,5,Ye9peJ2vzGzWZv5rSVVvZfxKX3I=,6vjpGnHaohtPNbJpK3QW4pTPIO4=
16,7,Ye9peJ2vzGzWZv5rSVVvZfxKX3I=,eTjxKOZhVxIdMILT24eY9nSBT8s=
16,9,Ye9peJ2vzGzWZv5rSVVvZfxKX3I=,u1ZdtKTVK+yy7vyK9UmqcIK1Kpw=
16,12,Ye9peJ2vzGzWZv5rSVVvZfxKX3I=,F590ITQoHBHqk8E9pOx/82bOrN8=
16,11,Ye9peJ2vzGzWZv5rSVVvZfxKX3I=,yLYMuhiedvfSty6Uh+1vUNTMj7w=
22,15,Ye9peJ2vzGzWZv5rSVVvZfxKX3I=,/BCh7FGZ/ojUxPZQFHrkGio6r84=
21,15,Ye9peJ2vzGzWZv5rSVVvZfxKX3I=,aOmTApMEJs5+MXvT6fe9MOhkahc=
16,10,Ye9peJ2vzGzWZv5rSVVvZfxKX3I=,yLYMuhiedvfSty6Uh+1vUNTMj7w=
16,13,Ye9peJ2vzGzWZv5rSVVvZfxKX3I=,F590ITQoHBHqk8E9pOx/82bOrN8=
16,14,Ye9peJ2vzGzWZv5rSVVvZfxKX3I=,yJQoQtjeZjPIblhg58TF8vVm5M4=
26,0,Ye9peJ2vzGzWZv5rSVVvZfxKX3I=,aJBbhNa3yy92ND+y3MgPs2ZRqBg=
23,0,Ye9peJ2vzGzWZv5rSVVvZfxKX3I=,xL5JovJjtlYqyT7nQGsw0udRM1M=
16,15,Ye9peJ2vzGzWZv5rSVVvZfxKX3I=,yJQoQtjeZjPIblhg58TF8vVm5M4=
20,15,Ye9peJ2vzGzWZv5rSVVvZfxKX3I=,aOmTApMEJs5+MXvT6fe9MOhkahc=
18,15,Ye9peJ2vzGzWZv5rSVVvZfxKX3I=,4fQn6FUbk4Ga1KeUp94zgf/lqM8=
17,15,Ye9peJ2vzGzWZv5rSVVvZfxKX3I=,yJQoQtjeZjPIblhg58TF8vVm5M4=
19,15,Ye9peJ2vzGzWZv5rSVVvZfxKX3I=,4fQn6FUbk4Ga1KeUp94zgf/lqM8=
26,4,Ye9peJ2vzGzWZv5rSVVvZfxKX3I=,ec6ReSlUNdycPmKuM6xwbX7JmGU=
26,2,Ye9peJ2vzGzWZv5rSVVvZfxKX3I=,XAaYOlqS5YXEjh8JYHfC/dvbDbg=
26,3,Ye9peJ2vzGzWZv5rSVVvZfxKX3I=,XAaYOlqS5YXEjh8JYHfC/dvbDbg=
25,4,Ye9peJ2vzGzWZv5rSVVvZfxKX3I=,Ax7KgdcHT2g+s4S0BDaQckiSMb8=
24,4,Ye9peJ2vzGzWZv5rSVVvZfxKX3I=,Ax7KgdcHT2g+s4S0BDaQckiSMb8=
26,1,Ye9peJ2vzGzWZv5rSVVvZfxKX3I=,aJBbhNa3yy92ND+y3MgPs2ZRqBg=
23,2,Ye9peJ2vzGzWZv5rSVVvZfxKX3I=,1Pak6RRWmiMcQODT1mfRvfMc4XQ=
23,3,Ye9peJ2vzGzWZv5rSVVvZfxKX3I=,1Pak6RRWmiMcQODT1mfRvfMc4XQ=
23,1,Ye9peJ2vzGzWZv5rSVVvZfxKX3I=,xL5JovJjtlYqyT7nQGsw0udRM1M=
29,14,Ye9peJ2vzGzWZv5rSVVvZfxKX3I=,ptHJYuhs1u+TEEUKQNocsjUU8rU=
29,11,Ye9peJ2vzGzWZv5rSVVvZfxKX3I=,RUBavhADmmCLcMOV+f1/mdx2jPI=
29,12,Ye9peJ2vzGzWZv5rSVVvZfxKX3I=,F4dJgwHgMUBEybfbkznMBb34uDI=
23,4,Ye9peJ2vzGzWZv5rSVVvZfxKX3I=,f9zTaXESUUOgS9b57KrYO8Bi1f8=
29,13,Ye9peJ2vzGzWZv5rSVVvZfxKX3I=,F4dJgwHgMUBEybfbkznMBb34uDI=
23,15,Ye9peJ2vzGzWZv5rSVVvZfxKX3I=,/BCh7FGZ/ojUxPZQFHrkGio6r84=
25,15,Ye9peJ2vzGzWZv5rSVVvZfxKX3I=,v87RhH6XLGmeyRmipaBLDsems5w=
20,0,Ye9peJ2vzGzWZv5rSVVvZfxKX3I=,h9TIGfHMnxUFtpLZ2UGSgrSTv5E=
28,15,Ye9peJ2vzGzWZv5rSVVvZfxKX3I=,ptHJYuhs1u+TEEUKQNocsjUU8rU=
19,2,Ye9peJ2vzGzWZv5rSVVvZfxKX3I=,VCzfggXf23hI3ga0yx7k6v4n4bc=
19,0,Ye9peJ2vzGzWZv5rSVVvZfxKX3I=,3Lb5+eMkdTaJhi3mZdTAT4q5hjA=
24,15,Ye9peJ2vzGzWZv5rSVVvZfxKX3I=,v87RhH6XLGmeyRmipaBLDsems5w=
20,1,Ye9peJ2vzGzWZv5rSVVvZfxKX3I=,h9TIGfHMnxUFtpLZ2UGSgrSTv5E=
19,1,Ye9peJ2vzGzWZv5rSVVvZfxKX3I=,3Lb5+eMkdTaJhi3mZdTAT4q5hjA=
25,8,Ye9peJ2vzGzWZv5rSVVvZfxKX3I=,Njl9KwMIKJisPONnruw9XhiArTQ=
25,5,Ye9peJ2vzGzWZv5rSVVvZfxKX3I=,Ax7KgdcHT2g+s4S0BDaQckiSMb8=
23,6,Ye9peJ2vzGzWZv5rSVVvZfxKX3I=,uD5CrsrqVz+PEHEXuoMr3t0NDA0=
25,7,Ye9peJ2vzGzWZv5rSVVvZfxKX3I=,c8QKxnSBgZai/0f9uXMUfaOVCVc=
26,5,Ye9peJ2vzGzWZv5rSVVvZfxKX3I=,ec6ReSlUNdycPmKuM6xwbX7JmGU=
25,6,Ye9peJ2vzGzWZv5rSVVvZfxKX3I=,c8QKxnSBgZai/0f9uXMUfaOVCVc=
23,7,Ye9peJ2vzGzWZv5rSVVvZfxKX3I=,uD5CrsrqVz+PEHEXuoMr3t0NDA0=
24,8,Ye9peJ2vzGzWZv5rSVVvZfxKX3I=,Njl9KwMIKJisPONnruw9XhiArTQ=
23,5,Ye9peJ2vzGzWZv5rSVVvZfxKX3I=,f9zTaXESUUOgS9b57KrYO8Bi1f8=
23,8,Ye9peJ2vzGzWZv5rSVVvZfxKX3I=,q4di+qFP2bMVn89RUvOnCasl15g=
24,7,Ye9peJ2vzGzWZv5rSVVvZfxKX3I=,c8QKxnSBgZai/0f9uXMUfaOVCVc=
24,6,Ye9peJ2vzGzWZv5rSVVvZfxKX3I=,c8QKxnSBgZai/0f9uXMUfaOVCVc=
24,5,Ye9peJ2vzGzWZv5rSVVvZfxKX3I=,Ax7KgdcHT2g+s4S0BDaQckiSMb8=
17,0,Ye9peJ2vzGzWZv5rSVVvZfxKX3I=,Hzq832RmOGWvW+qIaR+i9BeL8/8=
18,0,Ye9peJ2vzGzWZv5rSVVvZfxKX3I=,3Lb5+eMkdTaJhi3mZdTAT4q5hjA=
16,0,Ye9peJ2vzGzWZv5rSVVvZfxKX3I=,Hzq832RmOGWvW+qIaR+i9BeL8/8=
17,1,Ye9peJ2vzGzWZv5rSVVvZfxKX3I=,Hzq832RmOGWvW+qIaR+i9BeL8/8=
16,2,Ye9peJ2vzGzWZv5rSVVvZfxKX3I=,TGyUmmCN1qxC2snPeTLdiCQ02Ro=
16,1,Ye9peJ2vzGzWZv5rSVVvZfxKX3I=,Hzq832RmOGWvW+qIaR+i9BeL8/8=
18,1,Ye9peJ2vzGzWZv5rSVVvZfxKX3I=,3Lb5+eMkdTaJhi3mZdTAT4q5hjA=
17,2,Ye9peJ2vzGzWZv5rSVVvZfxKX3I=,TGyUmmCN1qxC2snPeTLdiCQ02Ro=
18,2,Ye9peJ2vzGzWZv5rSVVvZfxKX3I=,VCzfggXf23hI3ga0yx7k6v4n4bc=
1,30,oWh0twLDGor9esCa5kXT1S93ntQ=,qzdwSaiCMjoUGCcQw1OODhOO7SQ=
0,30,oWh0twLDGor9esCa5kXT1S93ntQ=,qzdwSaiCMjoUGCcQw1OODhOO7SQ=
0,31,oWh0twLDGor9esCa5kXT1S93ntQ=,qzdwSaiCMjoUGCcQw1OODhOO7SQ=
1,31,oWh0twLDGor9esCa5kXT1S93ntQ=,qzdwSaiCMjoUGCcQw1OODhOO7SQ=
