20,-8,DeCzR+oQ/ldMEqlOIbSnpdzzPKk=,RqPeyBE+REVzb8wf2tWiUbYOYcU=
20,-11,DeCzR+oQ/ldMEqlOIbSnpdzzPKk=,MrSxWprthI3ChApEDn/03CufzaE=
19,-11,DeCzR+oQ/ldMEqlOIbSnpdzzPKk=,U20cZXVUHw0J7FbHF9f7kcpM7mE=
20,-9,DeCzR+oQ/ldMEqlOIbSnpdzzPKk=,OIj3+wXmP8YmiXruf/do0d/D0SM=
19,-10,DeCzR+oQ/ldMEqlOIbSnpdzzPKk=,E30dzaf5x8/R9kup0awysK8qO5o=
20,-10,DeCzR+oQ/ldMEqlOIbSnpdzzPKk=,OIj3+wXmP8YmiXruf/do0d/D0SM=
19,-8,DeCzR+oQ/ldMEqlOIbSnpdzzPKk=,u4YRLE9iibSXTpiALWw1KPPpfyo=
19,-9,DeCzR+oQ/ldMEqlOIbSnpdzzPKk=,E30dzaf5x8/R9kup0awysK8qO5o=
17,-12,DeCzR+oQ/ldMEqlOIbSnpdzzPKk=,DZ7EBzestcPdjvsAo7ryihczLt4=
17,-13,DeCzR+oQ/ldMEqlOIbSnpdzzPKk=,Viy0rNIOXuc35TAqvDgeitRDMb8=
18,-12,DeCzR+oQ/ldMEqlOIbSnpdzzPKk=,U20cZXVUHw0J7FbHF9f7kcpM7mE=
18,-13,DeCzR+oQ/ldMEqlOIbSnpdzzPKk=,JGsLItx/ol2DAzVkoqsGHUR0paQ=
20,-13,DeCzR+oQ/ldMEqlOIbSnpdzzPKk=,rPRM8r2ky4MZGZWPK9tdukVKIag=
20,-12,DeCzR+oQ/ldMEqlOIbSnpdzzPKk=,MrSxWprthI3ChApEDn/03CufzaE=
19,-13,DeCzR+oQ/ldMEqlOIbSnpdzzPKk=,JGsLItx/ol2DAzVkoqsGHUR0paQ=
19,-12,DeCzR+oQ/ldMEqlOIbSnpdzzPKk=,U20cZXVUHw0J7FbHF9f7kcpM7mE=
17,-14,DeCzR+oQ/ldMEqlOIbSnpdzzPKk=,Viy0rNIOXuc35TAqvDgeitRDMb8=
17,-15,DeCzR+oQ/ldMEqlOIbSnpdzzPKk=,FijsJqub4DmDjwvV3u930tqIMvg=
18,-15,DeCzR+oQ/ldMEqlOIbSnpdzzPKk=,hEimqFzna1RDlTvTNJMenug4UzA=
18,-14,DeCzR+oQ/ldMEqlOIbSnpdzzPKk=,JGsLItx/ol2DAzVkoqsGHUR0paQ=
22,-12,DeCzR+oQ/ldMEqlOIbSnpdzzPKk=,0dO4xHawTeOOPpNmKgaK6NTmO6U=
21,-12,DeCzR+oQ/ldMEqlOIbSnpdzzPKk=,MrSxWprthI3ChApEDn/03CufzaE=
26,-13,DeCzR+oQ/ldMEqlOIbSnpdzzPKk=,vfYutBM7lLxXJ+9s5U0K+3epTCY=
26,-12,DeCzR+oQ/ldMEqlOIbSnpdzzPKk=,ZTZ5FT8xZfHSKkXlkAeXE4Bygyk=
22,-13,DeCzR+oQ/ldMEqlOIbSnpdzzPKk=,V3cXCeDzYMvFaBXpYH16+XSKnKI=
25,-12,CvWh6jJxJhmvjHjohOn+6n2v6io=,qSok5nbTCjroBU3lj0cBvU+iP6I=
21,-13,CvWh6jJxJhmvjHjohOn+6n2v6io=,rPRM8r2ky4MZGZWPK9tdukVKIag=
25,-13,CvWh6jJxJhmvjHjohOn+6n2v6io=,i67dHY22Z6o9JO8F8mQzwM97ls4=
23,-12,CvWh6jJxJhmvjHjohOn+6n2v6io=,0dO4xHawTeOOPpNmKgaK6NTmO6U=
24,-12,CvWh6jJxJhmvjHjohOn+6n2v6io=,qSok5nbTCjroBU3lj0cBvU+iP6I=
23,-13,CvWh6jJxJhmvjHjohOn+6n2v6io=,V3cXCeDzYMvFaBXpYH16+XSKnKI=
24,-13,CvWh6jJxJhmvjHjohOn+6n2v6io=,i67dHY22Z6o9JO8F8mQzwM97ls4=
26,-11,CvWh6jJxJhmvjHjohOn+6n2v6io=,ZTZ5FT8xZfHSKkXlkAeXE4Bygyk=
25,-11,CvWh6jJxJhmvjHjohOn+6n2v6io=,qSok5nbTCjroBU3lj0cBvU+iP6I=
26,-10,CvWh6jJxJhmvjHjohOn+6n2v6io=,GT9l23IbAXdLLOwvtSqSSct4iHQ=
25,-10,CvWh6jJxJhmvjHjohOn+6n2v6io=,qduZimuPNgvWEdrbZLxciTJwqpA=
26,-9,CvWh6jJxJhmvjHjohOn+6n2v6io=,GT9l23IbAXdLLOwvtSqSSct4iHQ=
28,-9,CvWh6jJxJhmvjHjohOn+6n2v6io=,jtpK+/cAvxIfN1uVXpCfY6CzE7o=
25,-9,CvWh6jJxJhmvjHjohOn+6n2v6io=,qduZimuPNgvWEdrbZLxciTJwqpA=
26,-8,CvWh6jJxJhmvjHjohOn+6n2v6io=,3RXMG4Q03HrD7HgDGjMAZvJe240=
28,-8,CvWh6jJxJhmvjHjohOn+6n2v6io=,Ye2FQ25RampEfhssALrk6brlp+Q=
27,-9,CvWh6jJxJhmvjHjohOn+6n2v6io=,GT9l23IbAXdLLOwvtSqSSct4iHQ=
27,-8,CvWh6jJxJhmvjHjohOn+6n2v6io=,3RXMG4Q03HrD7HgDGjMAZvJe240=
21,-8,CvWh6jJxJhmvjHjohOn+6n2v6io=,RqPeyBE+REVzb8wf2tWiUbYOYcU=
23,-11,CvWh6jJxJhmvjHjohOn+6n2v6io=,0dO4xHawTeOOPpNmKgaK6NTmO6U=
23,-8,CvWh6jJxJhmvjHjohOn+6n2v6io=,Pz54mxQa60h1pz75WzyiYoloxn4=
24,-9,CvWh6jJxJhmvjHjohOn+6n2v6io=,qduZimuPNgvWEdrbZLxciTJwqpA=
22,-11,CvWh6jJxJhmvjHjohOn+6n2v6io=,0dO4xHawTeOOPpNmKgaK6NTmO6U=
24,-11,CvWh6jJxJhmvjHjohOn+6n2v6io=,qSok5nbTCjroBU3lj0cBvU+iP6I=
24,-10,CvWh6jJxJhmvjHjohOn+6n2v6io=,qduZimuPNgvWEdrbZLxciTJwqpA=
23,-9,CvWh6jJxJhmvjHjohOn+6n2v6io=,czDi5CyE6IOJRDmqsWlbnO1KKs0=
22,-8,CvWh6jJxJhmvjHjohOn+6n2v6io=,Pz54mxQa60h1pz75WzyiYoloxn4=
22,-9,CvWh6jJxJhmvjHjohOn+6n2v6io=,czDi5CyE6IOJRDmqsWlbnO1KKs0=
23,-10,CvWh6jJxJhmvjHjohOn+6n2v6io=,czDi5CyE6IOJRDmqsWlbnO1KKs0=
22,-10,CvWh6jJxJhmvjHjohOn+6n2v6io=,czDi5CyE6IOJRDmqsWlbnO1KKs0=
21,-9,CvWh6jJxJhmvjHjohOn+6n2v6io=,OIj3+wXmP8YmiXruf/do0d/D0SM=
21,-11,CvWh6jJxJhmvjHjohOn+6n2v6io=,MrSxWprthI3ChApEDn/03CufzaE=
21,-10,CvWh6jJxJhmvjHjohOn+6n2v6io=,OIj3+wXmP8YmiXruf/do0d/D0SM=
28,-7,CvWh6jJxJhmvjHjohOn+6n2v6io=,Ye2FQ25RampEfhssALrk6brlp+Q=
28,-6,CvWh6jJxJhmvjHjohOn+6n2v6io=,dAOpaEB2LCb5c6zjS2bT1MX33c0=
27,-6,CvWh6jJxJhmvjHjohOn+6n2v6io=,QF+UyELwfMVAiyDT95BAbcpbw2A=
27,-7,CvWh6jJxJhmvjHjohOn+6n2v6io=,3RXMG4Q03HrD7HgDGjMAZvJe240=
26,-1,CvWh6jJxJhmvjHjohOn+6n2v6io=,/d9QQc91HYMA0r7LQX6UC/q3gL0=
27,-4,CvWh6jJxJhmvjHjohOn+6n2v6io=,qY8sWmFa8JI4X0RqZe/kVj8DgZg=
27,-5,CvWh6jJxJhmvjHjohOn+6n2v6io=,QF+UyELwfMVAiyDT95BAbcpbw2A=
29,-4,CvWh6jJxJhmvjHjohOn+6n2v6io=,YSBhguH3iFXDX/JmN8+dSCd0sEg=
28,-4,CvWh6jJxJhmvjHjohOn+6n2v6io=,YSBhguH3iFXDX/JmN8+dSCd0sEg=
29,-5,CvWh6jJxJhmvjHjohOn+6n2v6io=,dAOpaEB2LCb5c6zjS2bT1MX33c0=
28,-5,CvWh6jJxJhmvjHjohOn+6n2v6io=,dAOpaEB2LCb5c6zjS2bT1MX33c0=
27,-2,CvWh6jJxJhmvjHjohOn+6n2v6io=,/d9QQc91HYMA0r7LQX6UC/q3gL0=
27,-1,CvWh6jJxJhmvjHjohOn+6n2v6io=,/d9QQc91HYMA0r7LQX6UC/q3gL0=
29,-1,CvWh6jJxJhmvjHjohOn+6n2v6io=,QRGlOOG+dF/GprTxeZj0eZobG08=
28,-3,CvWh6jJxJhmvjHjohOn+6n2v6io=,YSBhguH3iFXDX/JmN8+dSCd0sEg=
28,-1,CvWh6jJxJhmvjHjohOn+6n2v6io=,QRGlOOG+dF/GprTxeZj0eZobG08=
27,-3,CvWh6jJxJhmvjHjohOn+6n2v6io=,qY8sWmFa8JI4X0RqZe/kVj8DgZg=
28,-2,CvWh6jJxJhmvjHjohOn+6n2v6io=,QRGlOOG+dF/GprTxeZj0eZobG08=
29,-3,CvWh6jJxJhmvjHjohOn+6n2v6io=,YSBhguH3iFXDX/JmN8+dSCd0sEg=
29,-2,CvWh6jJxJhmvjHjohOn+6n2v6io=,QRGlOOG+dF/GprTxeZj0eZobG08=
21,-7,CvWh6jJxJhmvjHjohOn+6n2v6io=,RqPeyBE+REVzb8wf2tWiUbYOYcU=
22,-7,CvWh6jJxJhmvjHjohOn+6n2v6io=,Pz54mxQa60h1pz75WzyiYoloxn4=
21,-6,CvWh6jJxJhmvjHjohOn+6n2v6io=,iYBXkvFuWDTkByHEJzLtuu5+sUs=
22,-6,CvWh6jJxJhmvjHjohOn+6n2v6io=,HK3YnkvLxmYmbopuJMoJCrEp6JE=
20,-6,CvWh6jJxJhmvjHjohOn+6n2v6io=,iYBXkvFuWDTkByHEJzLtuu5+sUs=
20,-4,CvWh6jJxJhmvjHjohOn+6n2v6io=,HxXCrpYwuuv5JGh9JrssJD38zPw=
20,-5,CvWh6jJxJhmvjHjohOn+6n2v6io=,iYBXkvFuWDTkByHEJzLtuu5+sUs=
20,-7,CvWh6jJxJhmvjHjohOn+6n2v6io=,RqPeyBE+REVzb8wf2tWiUbYOYcU=
19,-5,CvWh6jJxJhmvjHjohOn+6n2v6io=,m4HT24nwMff9obsSu6YrnoLc+nI=
19,-6,CvWh6jJxJhmvjHjohOn+6n2v6io=,m4HT24nwMff9obsSu6YrnoLc+nI=
19,-4,CvWh6jJxJhmvjHjohOn+6n2v6io=,B5gwhfbg9a/Q86qA6axrn0v0wRE=
20,-3,CvWh6jJxJhmvjHjohOn+6n2v6io=,HxXCrpYwuuv5JGh9JrssJD38zPw=
19,-7,CvWh6jJxJhmvjHjohOn+6n2v6io=,u4YRLE9iibSXTpiALWw1KPPpfyo=
19,-3,CvWh6jJxJhmvjHjohOn+6n2v6io=,B5gwhfbg9a/Q86qA6axrn0v0wRE=
20,-2,CvWh6jJxJhmvjHjohOn+6n2v6io=,qVUSKXrzhv9fvAS6v20DSp+aOoM=
19,-2,CvWh6jJxJhmvjHjohOn+6n2v6io=,76S7x9FuMrrawUCB5s9+vJZk0IM=
18,-4,CvWh6jJxJhmvjHjohOn+6n2v6io=,B5gwhfbg9a/Q86qA6axrn0v0wRE=
17,-4,CvWh6jJxJhmvjHjohOn+6n2v6io=,pKmD7bfnOc+n4VZQpC3OwSdKpOA=
18,-5,CvWh6jJxJhmvjHjohOn+6n2v6io=,m4HT24nwMff9obsSu6YrnoLc+nI=
20,-1,CvWh6jJxJhmvjHjohOn+6n2v6io=,qVUSKXrzhv9fvAS6v20DSp+aOoM=
19,-1,CvWh6jJxJhmvjHjohOn+6n2v6io=,76S7x9FuMrrawUCB5s9+vJZk0IM=
16,-5,CvWh6jJxJhmvjHjohOn+6n2v6io=,dc6evHiVTKRPpDGBSKFZYU1jxQ8=
17,-5,CvWh6jJxJhmvjHjohOn+6n2v6io=,dc6evHiVTKRPpDGBSKFZYU1jxQ8=
16,-4,CvWh6jJxJhmvjHjohOn+6n2v6io=,pKmD7bfnOc+n4VZQpC3OwSdKpOA=
16,-7,CvWh6jJxJhmvjHjohOn+6n2v6io=,u8tiBbkmE5zbfymPMezX749lGIA=
16,-6,CvWh6jJxJhmvjHjohOn+6n2v6io=,dc6evHiVTKRPpDGBSKFZYU1jxQ8=
17,-7,CvWh6jJxJhmvjHjohOn+6n2v6io=,u8tiBbkmE5zbfymPMezX749lGIA=
16,-13,CvWh6jJxJhmvjHjohOn+6n2v6io=,Viy0rNIOXuc35TAqvDgeitRDMb8=
16,-12,CvWh6jJxJhmvjHjohOn+6n2v6io=,DZ7EBzestcPdjvsAo7ryihczLt4=
17,-6,CvWh6jJxJhmvjHjohOn+6n2v6io=,dc6evHiVTKRPpDGBSKFZYU1jxQ8=
18,-6,CvWh6jJxJhmvjHjohOn+6n2v6io=,m4HT24nwMff9obsSu6YrnoLc+nI=
18,-7,CvWh6jJxJhmvjHjohOn+6n2v6io=,u4YRLE9iibSXTpiALWw1KPPpfyo=
16,-14,CvWh6jJxJhmvjHjohOn+6n2v6io=,Viy0rNIOXuc35TAqvDgeitRDMb8=
16,-15,CvWh6jJxJhmvjHjohOn+6n2v6io=,FijsJqub4DmDjwvV3u930tqIMvg=
17,-16,CvWh6jJxJhmvjHjohOn+6n2v6io=,FijsJqub4DmDjwvV3u930tqIMvg=
18,-16,CvWh6jJxJhmvjHjohOn+6n2v6io=,hEimqFzna1RDlTvTNJMenug4UzA=
22,-15,CvWh6jJxJhmvjHjohOn+6n2v6io=,rTLM8fMv6UYKx5L1OrzTbVfFAGI=
20,-14,CvWh6jJxJhmvjHjohOn+6n2v6io=,rPRM8r2ky4MZGZWPK9tdukVKIag=
20,-15,CvWh6jJxJhmvjHjohOn+6n2v6io=,Uldz1WM3g1/aNcykzTwBlYHfgY0=
19,-15,CvWh6jJxJhmvjHjohOn+6n2v6io=,hEimqFzna1RDlTvTNJMenug4UzA=
21,-15,CvWh6jJxJhmvjHjohOn+6n2v6io=,Uldz1WM3g1/aNcykzTwBlYHfgY0=
19,-14,CvWh6jJxJhmvjHjohOn+6n2v6io=,JGsLItx/ol2DAzVkoqsGHUR0paQ=
22,-14,CvWh6jJxJhmvjHjohOn+6n2v6io=,V3cXCeDzYMvFaBXpYH16+XSKnKI=
20,-16,CvWh6jJxJhmvjHjohOn+6n2v6io=,Uldz1WM3g1/aNcykzTwBlYHfgY0=
22,-16,CvWh6jJxJhmvjHjohOn+6n2v6io=,rTLM8fMv6UYKx5L1OrzTbVfFAGI=
19,-16,CvWh6jJxJhmvjHjohOn+6n2v6io=,hEimqFzna1RDlTvTNJMenug4UzA=
21,-16,CvWh6jJxJhmvjHjohOn+6n2v6io=,Uldz1WM3g1/aNcykzTwBlYHfgY0=
21,-14,CvWh6jJxJhmvjHjohOn+6n2v6io=,rPRM8r2ky4MZGZWPK9tdukVKIag=
16,-3,CvWh6jJxJhmvjHjohOn+6n2v6io=,pKmD7bfnOc+n4VZQpC3OwSdKpOA=
18,-3,CvWh6jJxJhmvjHjohOn+6n2v6io=,B5gwhfbg9a/Q86qA6axrn0v0wRE=
17,-3,CvWh6jJxJhmvjHjohOn+6n2v6io=,pKmD7bfnOc+n4VZQpC3OwSdKpOA=
18,-1,CvWh6jJxJhmvjHjohOn+6n2v6io=,76S7x9FuMrrawUCB5s9+vJZk0IM=
17,-2,CvWh6jJxJhmvjHjohOn+6n2v6io=,LE6ygzBfFuzKg52OvX/mA7mtz80=
17,-1,CvWh6jJxJhmvjHjohOn+6n2v6io=,LE6ygzBfFuzKg52OvX/mA7mtz80=
18,-2,CvWh6jJxJhmvjHjohOn+6n2v6io=,76S7x9FuMrrawUCB5s9+vJZk0IM=
26,-14,CvWh6jJxJhmvjHjohOn+6n2v6io=,vfYutBM7lLxXJ+9s5U0K+3epTCY=
16,-2,CvWh6jJxJhmvjHjohOn+6n2v6io=,LE6ygzBfFuzKg52OvX/mA7mtz80=
23,-15,CvWh6jJxJhmvjHjohOn+6n2v6io=,rTLM8fMv6UYKx5L1OrzTbVfFAGI=
25,-15,CvWh6jJxJhmvjHjohOn+6n2v6io=,L2/VdpsovGPWY/NDKNnlxz5f+Ak=
25,-14,CvWh6jJxJhmvjHjohOn+6n2v6io=,i67dHY22Z6o9JO8F8mQzwM97ls4=
24,-15,CvWh6jJxJhmvjHjohOn+6n2v6io=,L2/VdpsovGPWY/NDKNnlxz5f+Ak=
24,-14,CvWh6jJxJhmvjHjohOn+6n2v6io=,i67dHY22Z6o9JO8F8mQzwM97ls4=
23,-14,CvWh6jJxJhmvjHjohOn+6n2v6io=,V3cXCeDzYMvFaBXpYH16+XSKnKI=
28,-16,CvWh6jJxJhmvjHjohOn+6n2v6io=,e/ax/kfOyq0OZ3f6wMwrSlXe9q8=
23,-16,CvWh6jJxJhmvjHjohOn+6n2v6io=,rTLM8fMv6UYKx5L1OrzTbVfFAGI=
29,-7,CvWh6jJxJhmvjHjohOn+6n2v6io=,Ye2FQ25RampEfhssALrk6brlp+Q=
24,-16,CvWh6jJxJhmvjHjohOn+6n2v6io=,L2/VdpsovGPWY/NDKNnlxz5f+Ak=
25,-16,CvWh6jJxJhmvjHjohOn+6n2v6io=,L2/VdpsovGPWY/NDKNnlxz5f+Ak=
29,-6,CvWh6jJxJhmvjHjohOn+6n2v6io=,dAOpaEB2LCb5c6zjS2bT1MX33c0=
28,-11,CvWh6jJxJhmvjHjohOn+6n2v6io=,qfMtBS26H/RnzAb7bHJs2+mDjBk=
26,-2,CvWh6jJxJhmvjHjohOn+6n2v6io=,/d9QQc91HYMA0r7LQX6UC/q3gL0=
29,-9,CvWh6jJxJhmvjHjohOn+6n2v6io=,jtpK+/cAvxIfN1uVXpCfY6CzE7o=
26,-7,CvWh6jJxJhmvjHjohOn+6n2v6io=,3RXMG4Q03HrD7HgDGjMAZvJe240=
23,-7,CvWh6jJxJhmvjHjohOn+6n2v6io=,Pz54mxQa60h1pz75WzyiYoloxn4=
29,-8,CvWh6jJxJhmvjHjohOn+6n2v6io=,Ye2FQ25RampEfhssALrk6brlp+Q=
23,-6,CvWh6jJxJhmvjHjohOn+6n2v6io=,HK3YnkvLxmYmbopuJMoJCrEp6JE=
26,-6,CvWh6jJxJhmvjHjohOn+6n2v6io=,QF+UyELwfMVAiyDT95BAbcpbw2A=
26,-3,CvWh6jJxJhmvjHjohOn+6n2v6io=,qY8sWmFa8JI4X0RqZe/kVj8DgZg=
27,-11,CvWh6jJxJhmvjHjohOn+6n2v6io=,ZTZ5FT8xZfHSKkXlkAeXE4Bygyk=
29,-11,CvWh6jJxJhmvjHjohOn+6n2v6io=,qfMtBS26H/RnzAb7bHJs2+mDjBk=
26,-5,CvWh6jJxJhmvjHjohOn+6n2v6io=,QF+UyELwfMVAiyDT95BAbcpbw2A=
26,-4,CvWh6jJxJhmvjHjohOn+6n2v6io=,qY8sWmFa8JI4X0RqZe/kVj8DgZg=
29,-10,CvWh6jJxJhmvjHjohOn+6n2v6io=,jtpK+/cAvxIfN1uVXpCfY6CzE7o=
21,-1,CvWh6jJxJhmvjHjohOn+6n2v6io=,qVUSKXrzhv9fvAS6v20DSp+aOoM=
27,-10,CvWh6jJxJhmvjHjohOn+6n2v6io=,GT9l23IbAXdLLOwvtSqSSct4iHQ=
28,-10,CvWh6jJxJhmvjHjohOn+6n2v6io=,jtpK+/cAvxIfN1uVXpCfY6CzE7o=
16,-1,CvWh6jJxJhmvjHjohOn+6n2v6io=,LE6ygzBfFuzKg52OvX/mA7mtz80=
29,-16,CvWh6jJxJhmvjHjohOn+6n2v6io=,e/ax/kfOyq0OZ3f6wMwrSlXe9q8=
16,-16,CvWh6jJxJhmvjHjohOn+6n2v6io=,FijsJqub4DmDjwvV3u930tqIMvg=
23,-5,CvWh6jJxJhmvjHjohOn+6n2v6io=,HK3YnkvLxmYmbopuJMoJCrEp6JE=
23,-4,CvWh6jJxJhmvjHjohOn+6n2v6io=,0iTFZs2PV/uDKW5+rUo92QD36fo=
23,-3,CvWh6jJxJhmvjHjohOn+6n2v6io=,0iTFZs2PV/uDKW5+rUo92QD36fo=
21,-5,CvWh6jJxJhmvjHjohOn+6n2v6io=,iYBXkvFuWDTkByHEJzLtuu5+sUs=
21,-4,CvWh6jJxJhmvjHjohOn+6n2v6io=,HxXCrpYwuuv5JGh9JrssJD38zPw=
22,-3,CvWh6jJxJhmvjHjohOn+6n2v6io=,0iTFZs2PV/uDKW5+rUo92QD36fo=
22,-5,CvWh6jJxJhmvjHjohOn+6n2v6io=,HK3YnkvLxmYmbopuJMoJCrEp6JE=
21,-3,CvWh6jJxJhmvjHjohOn+6n2v6io=,HxXCrpYwuuv5JGh9JrssJD38zPw=
22,-4,CvWh6jJxJhmvjHjohOn+6n2v6io=,0iTFZs2PV/uDKW5+rUo92QD36fo=
21,-2,CvWh6jJxJhmvjHjohOn+6n2v6io=,qVUSKXrzhv9fvAS6v20DSp+aOoM=
16,-11,CvWh6jJxJhmvjHjohOn+6n2v6io=,DZ7EBzestcPdjvsAo7ryihczLt4=
17,-8,CvWh6jJxJhmvjHjohOn+6n2v6io=,u8tiBbkmE5zbfymPMezX749lGIA=
17,-11,CvWh6jJxJhmvjHjohOn+6n2v6io=,DZ7EBzestcPdjvsAo7ryihczLt4=
16,-10,CvWh6jJxJhmvjHjohOn+6n2v6io=,SKrsXXxHg41eXxaC36NY2nSw8M0=
18,-11,CvWh6jJxJhmvjHjohOn+6n2v6io=,U20cZXVUHw0J7FbHF9f7kcpM7mE=
16,-8,CvWh6jJxJhmvjHjohOn+6n2v6io=,u8tiBbkmE5zbfymPMezX749lGIA=
17,-10,CvWh6jJxJhmvjHjohOn+6n2v6io=,SKrsXXxHg41eXxaC36NY2nSw8M0=
27,-13,CvWh6jJxJhmvjHjohOn+6n2v6io=,vfYutBM7lLxXJ+9s5U0K+3epTCY=
27,-14,CvWh6jJxJhmvjHjohOn+6n2v6io=,vfYutBM7lLxXJ+9s5U0K+3epTCY=
18,-10,CvWh6jJxJhmvjHjohOn+6n2v6io=,E30dzaf5x8/R9kup0awysK8qO5o=
28,-15,CvWh6jJxJhmvjHjohOn+6n2v6io=,e/ax/kfOyq0OZ3f6wMwrSlXe9q8=
27,-12,CvWh6jJxJhmvjHjohOn+6n2v6io=,ZTZ5FT8xZfHSKkXlkAeXE4Bygyk=
28,-12,CvWh6jJxJhmvjHjohOn+6n2v6io=,qfMtBS26H/RnzAb7bHJs2+mDjBk=
28,-14,CvWh6jJxJhmvjHjohOn+6n2v6io=,8UM4BU6z20jKK8hPnjtq08mcJUo=
16,-9,CvWh6jJxJhmvjHjohOn+6n2v6io=,SKrsXXxHg41eXxaC36NY2nSw8M0=
29,-12,CvWh6jJxJhmvjHjohOn+6n2v6io=,qfMtBS26H/RnzAb7bHJs2+mDjBk=
29,-15,CvWh6jJxJhmvjHjohOn+6n2v6io=,e/ax/kfOyq0OZ3f6wMwrSlXe9q8=
18,-8,CvWh6jJxJhmvjHjohOn+6n2v6io=,u4YRLE9iibSXTpiALWw1KPPpfyo=
17,-9,CvWh6jJxJhmvjHjohOn+6n2v6io=,SKrsXXxHg41eXxaC36NY2nSw8M0=
18,-9,CvWh6jJxJhmvjHjohOn+6n2v6io=,E30dzaf5x8/R9kup0awysK8qO5o=
28,-13,CvWh6jJxJhmvjHjohOn+6n2v6io=,8UM4BU6z20jKK8hPnjtq08mcJUo=
29,-14,CvWh6jJxJhmvjHjohOn+6n2v6io=,8UM4BU6z20jKK8hPnjtq08mcJUo=
29,-13,CvWh6jJxJhmvjHjohOn+6n2v6io=,8UM4BU6z20jKK8hPnjtq08mcJUo=
28,-23,ZqyI0SJSOQd3cInFzA7fCV7NFCI=,6x7oZIHoq+xujhxaDogo7h3Enyo=
27,-22,vOFbsbwa3Ng8PbAqhQqmzSUE7uc=,UncP5Rw7YCFnkv7yFoWLqo4O8CU=
28,-22,vOFbsbwa3Ng8PbAqhQqmzSUE7uc=,yyvVbfsnDMgppU0jGTImqbiq8cA=
27,-23,vOFbsbwa3Ng8PbAqhQqmzSUE7uc=,bPPUNSmAyjnLLJCCXKvuVoh1Vz4=
27,-25,vOFbsbwa3Ng8PbAqhQqmzSUE7uc=,7zvF7LGb5k5CZqOrY0FZATp1BwU=
28,-24,vOFbsbwa3Ng8PbAqhQqmzSUE7uc=,6x7oZIHoq+xujhxaDogo7h3Enyo=
27,-24,vOFbsbwa3Ng8PbAqhQqmzSUE7uc=,bPPUNSmAyjnLLJCCXKvuVoh1Vz4=
26,-25,vOFbsbwa3Ng8PbAqhQqmzSUE7uc=,7zvF7LGb5k5CZqOrY0FZATp1BwU=
28,-25,vOFbsbwa3Ng8PbAqhQqmzSUE7uc=,DUWbWeR2WNye1Iq6WL8uD475zKk=
25,-22,vOFbsbwa3Ng8PbAqhQqmzSUE7uc=,v/N0WgGoIm91E1sMc2MKlldhWDU=
26,-22,vOFbsbwa3Ng8PbAqhQqmzSUE7uc=,UncP5Rw7YCFnkv7yFoWLqo4O8CU=
26,-24,vOFbsbwa3Ng8PbAqhQqmzSUE7uc=,bPPUNSmAyjnLLJCCXKvuVoh1Vz4=
25,-23,vOFbsbwa3Ng8PbAqhQqmzSUE7uc=,y2BGk3Yjr3T4wcjw00iEmKLo0QQ=
25,-25,vOFbsbwa3Ng8PbAqhQqmzSUE7uc=,tsHbh1u8bmP2cUYBc3vF2CAwvC4=
26,-23,vOFbsbwa3Ng8PbAqhQqmzSUE7uc=,bPPUNSmAyjnLLJCCXKvuVoh1Vz4=
25,-24,vOFbsbwa3Ng8PbAqhQqmzSUE7uc=,y2BGk3Yjr3T4wcjw00iEmKLo0QQ=
23,-24,vOFbsbwa3Ng8PbAqhQqmzSUE7uc=,f9AgHJwucNskkx8YYCg131gZ06U=
24,-25,vOFbsbwa3Ng8PbAqhQqmzSUE7uc=,tsHbh1u8bmP2cUYBc3vF2CAwvC4=
24,-24,vOFbsbwa3Ng8PbAqhQqmzSUE7uc=,y2BGk3Yjr3T4wcjw00iEmKLo0QQ=
23,-25,vOFbsbwa3Ng8PbAqhQqmzSUE7uc=,hzxDomQcDEc2K/5UlsfcfWrzlJU=
21,-24,vOFbsbwa3Ng8PbAqhQqmzSUE7uc=,SdfrwEPk0HkQO0IgpDqEjoS41PA=
22,-24,vOFbsbwa3Ng8PbAqhQqmzSUE7uc=,f9AgHJwucNskkx8YYCg131gZ06U=
22,-25,vOFbsbwa3Ng8PbAqhQqmzSUE7uc=,hzxDomQcDEc2K/5UlsfcfWrzlJU=
21,-25,vOFbsbwa3Ng8PbAqhQqmzSUE7uc=,UZLfmEHVXso3C6f90Kh8loy1zik=
17,-28,vOFbsbwa3Ng8PbAqhQqmzSUE7uc=,wHQohdlijq++zcn1+ODNgcMef7M=
18,-28,vOFbsbwa3Ng8PbAqhQqmzSUE7uc=,UPddc69Lp7vPH8m5zydmtRSTt74=
17,-29,vOFbsbwa3Ng8PbAqhQqmzSUE7uc=,WmC3kQMPRxilLUpYMyVTwe8hpX0=
18,-29,vOFbsbwa3Ng8PbAqhQqmzSUE7uc=,HYgWqgP7ngBAJ60vcDu+op3Z+UE=
20,-26,vOFbsbwa3Ng8PbAqhQqmzSUE7uc=,UZLfmEHVXso3C6f90Kh8loy1zik=
19,-26,vOFbsbwa3Ng8PbAqhQqmzSUE7uc=,CUKPdNyq9ONdclS5ixFDvm03UbM=
19,-27,vOFbsbwa3Ng8PbAqhQqmzSUE7uc=,UPddc69Lp7vPH8m5zydmtRSTt74=
20,-27,5F3OfuPXQdu+5n1WXF5bL11nALA=,81QUqXgMy8EEm/pLCznwoxZTXT8=
20,-24,5F3OfuPXQdu+5n1WXF5bL11nALA=,SdfrwEPk0HkQO0IgpDqEjoS41PA=
19,-25,5F3OfuPXQdu+5n1WXF5bL11nALA=,CUKPdNyq9ONdclS5ixFDvm03UbM=
19,-24,5F3OfuPXQdu+5n1WXF5bL11nALA=,dreiU5PF36uq5ASFhdVbAbScxhI=
18,-26,5F3OfuPXQdu+5n1WXF5bL11nALA=,CUKPdNyq9ONdclS5ixFDvm03UbM=
20,-25,5F3OfuPXQdu+5n1WXF5bL11nALA=,UZLfmEHVXso3C6f90Kh8loy1zik=
17,-26,5F3OfuPXQdu+5n1WXF5bL11nALA=,RKVWMLTvcnTQKvo5equtqyVV/No=
17,-27,5F3OfuPXQdu+5n1WXF5bL11nALA=,wHQohdlijq++zcn1+ODNgcMef7M=
18,-27,5F3OfuPXQdu+5n1WXF5bL11nALA=,UPddc69Lp7vPH8m5zydmtRSTt74=
18,-22,5F3OfuPXQdu+5n1WXF5bL11nALA=,a+MwrNmLW6nUqqUMD6+1GonT3fs=
17,-22,5F3OfuPXQdu+5n1WXF5bL11nALA=,GfLoNUmKWer1Dw09Z1myNGd/BRk=
18,-23,5F3OfuPXQdu+5n1WXF5bL11nALA=,dreiU5PF36uq5ASFhdVbAbScxhI=
17,-25,q6IXKNC5LNWMBrcDCQP452kVrKk=,RKVWMLTvcnTQKvo5equtqyVV/No=
18,-25,q6IXKNC5LNWMBrcDCQP452kVrKk=,CUKPdNyq9ONdclS5ixFDvm03UbM=
17,-24,q6IXKNC5LNWMBrcDCQP452kVrKk=,AvcPiQHN8/f0tjV7CLoSBoA/ZPA=
17,-23,q6IXKNC5LNWMBrcDCQP452kVrKk=,AvcPiQHN8/f0tjV7CLoSBoA/ZPA=
18,-21,q6IXKNC5LNWMBrcDCQP452kVrKk=,a+MwrNmLW6nUqqUMD6+1GonT3fs=
18,-24,q6IXKNC5LNWMBrcDCQP452kVrKk=,dreiU5PF36uq5ASFhdVbAbScxhI=
17,-21,q6IXKNC5LNWMBrcDCQP452kVrKk=,GfLoNUmKWer1Dw09Z1myNGd/BRk=
19,-22,q6IXKNC5LNWMBrcDCQP452kVrKk=,a+MwrNmLW6nUqqUMD6+1GonT3fs=
20,-23,q6IXKNC5LNWMBrcDCQP452kVrKk=,SdfrwEPk0HkQO0IgpDqEjoS41PA=
19,-21,q6IXKNC5LNWMBrcDCQP452kVrKk=,a+MwrNmLW6nUqqUMD6+1GonT3fs=
20,-20,q6IXKNC5LNWMBrcDCQP452kVrKk=,AsVVSjX5L+sg4+khyrZm63Nfn3Q=
20,-22,q6IXKNC5LNWMBrcDCQP452kVrKk=,S/N43NL3+6e0oMmFMD5QZZiIClo=
19,-23,q6IXKNC5LNWMBrcDCQP452kVrKk=,dreiU5PF36uq5ASFhdVbAbScxhI=
17,-20,q6IXKNC5LNWMBrcDCQP452kVrKk=,3OQ2F82oFQx1BTnBJ/BTNpKuO9Q=
19,-20,q6IXKNC5LNWMBrcDCQP452kVrKk=,eLY+V0sGKt9AdbBgg1yDCi/5WpM=
20,-21,q6IXKNC5LNWMBrcDCQP452kVrKk=,S/N43NL3+6e0oMmFMD5QZZiIClo=
18,-20,q6IXKNC5LNWMBrcDCQP452kVrKk=,eLY+V0sGKt9AdbBgg1yDCi/5WpM=
21,-23,q6IXKNC5LNWMBrcDCQP452kVrKk=,SdfrwEPk0HkQO0IgpDqEjoS41PA=
24,-22,q6IXKNC5LNWMBrcDCQP452kVrKk=,v/N0WgGoIm91E1sMc2MKlldhWDU=
23,-23,q6IXKNC5LNWMBrcDCQP452kVrKk=,f9AgHJwucNskkx8YYCg131gZ06U=
23,-22,q6IXKNC5LNWMBrcDCQP452kVrKk=,4/xMWUzrrX0ZlnRBot36SQ9kW1Y=
22,-22,q6IXKNC5LNWMBrcDCQP452kVrKk=,4/xMWUzrrX0ZlnRBot36SQ9kW1Y=
24,-23,q6IXKNC5LNWMBrcDCQP452kVrKk=,y2BGk3Yjr3T4wcjw00iEmKLo0QQ=
21,-22,q6IXKNC5LNWMBrcDCQP452kVrKk=,S/N43NL3+6e0oMmFMD5QZZiIClo=
22,-23,q6IXKNC5LNWMBrcDCQP452kVrKk=,f9AgHJwucNskkx8YYCg131gZ06U=
22,-20,q6IXKNC5LNWMBrcDCQP452kVrKk=,MFcOm0f+xqthgl6vIlvgTyNvJ4c=
21,-20,q6IXKNC5LNWMBrcDCQP452kVrKk=,AsVVSjX5L+sg4+khyrZm63Nfn3Q=
24,-18,q6IXKNC5LNWMBrcDCQP452kVrKk=,XxzJaKnUItO/N5jZfhajmbNA1Cg=
24,-19,q6IXKNC5LNWMBrcDCQP452kVrKk=,oXFXR5tYbS+Le5qLsScQHUXz4VI=
22,-21,q6IXKNC5LNWMBrcDCQP452kVrKk=,4/xMWUzrrX0ZlnRBot36SQ9kW1Y=
23,-18,q6IXKNC5LNWMBrcDCQP452kVrKk=,j51COAXiv4io1HbepopsL6juhRQ=
21,-21,q6IXKNC5LNWMBrcDCQP452kVrKk=,S/N43NL3+6e0oMmFMD5QZZiIClo=
24,-20,q6IXKNC5LNWMBrcDCQP452kVrKk=,oXFXR5tYbS+Le5qLsScQHUXz4VI=
24,-21,q6IXKNC5LNWMBrcDCQP452kVrKk=,v/N0WgGoIm91E1sMc2MKlldhWDU=
23,-19,q6IXKNC5LNWMBrcDCQP452kVrKk=,MFcOm0f+xqthgl6vIlvgTyNvJ4c=
23,-21,q6IXKNC5LNWMBrcDCQP452kVrKk=,4/xMWUzrrX0ZlnRBot36SQ9kW1Y=
23,-20,q6IXKNC5LNWMBrcDCQP452kVrKk=,MFcOm0f+xqthgl6vIlvgTyNvJ4c=
24,-17,q6IXKNC5LNWMBrcDCQP452kVrKk=,XxzJaKnUItO/N5jZfhajmbNA1Cg=
23,-17,q6IXKNC5LNWMBrcDCQP452kVrKk=,j51COAXiv4io1HbepopsL6juhRQ=
25,-20,q6IXKNC5LNWMBrcDCQP452kVrKk=,oXFXR5tYbS+Le5qLsScQHUXz4VI=
27,-21,q6IXKNC5LNWMBrcDCQP452kVrKk=,UncP5Rw7YCFnkv7yFoWLqo4O8CU=
25,-21,q6IXKNC5LNWMBrcDCQP452kVrKk=,v/N0WgGoIm91E1sMc2MKlldhWDU=
28,-20,q6IXKNC5LNWMBrcDCQP452kVrKk=,HAF6KOkZ9zr7jvPdWwINQ9tCLAk=
26,-21,q6IXKNC5LNWMBrcDCQP452kVrKk=,UncP5Rw7YCFnkv7yFoWLqo4O8CU=
26,-20,q6IXKNC5LNWMBrcDCQP452kVrKk=,7FKp9DuPNHHJM7pBQux1ZHq5nRQ=
28,-21,q6IXKNC5LNWMBrcDCQP452kVrKk=,yyvVbfsnDMgppU0jGTImqbiq8cA=
25,-18,q6IXKNC5LNWMBrcDCQP452kVrKk=,XxzJaKnUItO/N5jZfhajmbNA1Cg=
28,-19,q6IXKNC5LNWMBrcDCQP452kVrKk=,HAF6KOkZ9zr7jvPdWwINQ9tCLAk=
27,-20,q6IXKNC5LNWMBrcDCQP452kVrKk=,7FKp9DuPNHHJM7pBQux1ZHq5nRQ=
28,-18,q6IXKNC5LNWMBrcDCQP452kVrKk=,c3SOK8zJzs7Bz6OV3/onvFtcOkA=
25,-19,q6IXKNC5LNWMBrcDCQP452kVrKk=,oXFXR5tYbS+Le5qLsScQHUXz4VI=
25,-17,q6IXKNC5LNWMBrcDCQP452kVrKk=,XxzJaKnUItO/N5jZfhajmbNA1Cg=
27,-19,q6IXKNC5LNWMBrcDCQP452kVrKk=,7FKp9DuPNHHJM7pBQux1ZHq5nRQ=
29,-17,q6IXKNC5LNWMBrcDCQP452kVrKk=,c3SOK8zJzs7Bz6OV3/onvFtcOkA=
27,-17,q6IXKNC5LNWMBrcDCQP452kVrKk=,fDgs3tAukmQeCc/C6vkvdOU+CCc=
28,-17,q6IXKNC5LNWMBrcDCQP452kVrKk=,c3SOK8zJzs7Bz6OV3/onvFtcOkA=
26,-18,q6IXKNC5LNWMBrcDCQP452kVrKk=,fDgs3tAukmQeCc/C6vkvdOU+CCc=
26,-17,q6IXKNC5LNWMBrcDCQP452kVrKk=,fDgs3tAukmQeCc/C6vkvdOU+CCc=
29,-18,q6IXKNC5LNWMBrcDCQP452kVrKk=,c3SOK8zJzs7Bz6OV3/onvFtcOkA=
29,-19,q6IXKNC5LNWMBrcDCQP452kVrKk=,HAF6KOkZ9zr7jvPdWwINQ9tCLAk=
27,-18,q6IXKNC5LNWMBrcDCQP452kVrKk=,fDgs3tAukmQeCc/C6vkvdOU+CCc=
26,-19,q6IXKNC5LNWMBrcDCQP452kVrKk=,7FKp9DuPNHHJM7pBQux1ZHq5nRQ=
21,-27,q6IXKNC5LNWMBrcDCQP452kVrKk=,81QUqXgMy8EEm/pLCznwoxZTXT8=
22,-26,q6IXKNC5LNWMBrcDCQP452kVrKk=,hzxDomQcDEc2K/5UlsfcfWrzlJU=
21,-26,q6IXKNC5LNWMBrcDCQP452kVrKk=,UZLfmEHVXso3C6f90Kh8loy1zik=
24,-29,q6IXKNC5LNWMBrcDCQP452kVrKk=,fVtM9AOyb5qwww+XP9nrEkVF8iE=
22,-27,q6IXKNC5LNWMBrcDCQP452kVrKk=,QJS2HZKnR4eBKj825usUsVfJzDk=
23,-29,q6IXKNC5LNWMBrcDCQP452kVrKk=,r176iVwu7+1iwSXth9jhwLKXmEw=
24,-26,q6IXKNC5LNWMBrcDCQP452kVrKk=,tsHbh1u8bmP2cUYBc3vF2CAwvC4=
23,-28,q6IXKNC5LNWMBrcDCQP452kVrKk=,QJS2HZKnR4eBKj825usUsVfJzDk=
24,-28,q6IXKNC5LNWMBrcDCQP452kVrKk=,wdeb0QW9asIPdWDKdYg9WEag9K8=
30,-23,q6IXKNC5LNWMBrcDCQP452kVrKk=,Qh1hqMHcktkye5ND/TMAHT/5HJM=
24,-27,q6IXKNC5LNWMBrcDCQP452kVrKk=,wdeb0QW9asIPdWDKdYg9WEag9K8=
30,-24,q6IXKNC5LNWMBrcDCQP452kVrKk=,Qh1hqMHcktkye5ND/TMAHT/5HJM=
23,-26,q6IXKNC5LNWMBrcDCQP452kVrKk=,hzxDomQcDEc2K/5UlsfcfWrzlJU=
23,-27,q6IXKNC5LNWMBrcDCQP452kVrKk=,QJS2HZKnR4eBKj825usUsVfJzDk=
29,-22,q6IXKNC5LNWMBrcDCQP452kVrKk=,yyvVbfsnDMgppU0jGTImqbiq8cA=
30,-25,q6IXKNC5LNWMBrcDCQP452kVrKk=,LtCPDanvr994v6fIQPVFZgXmVZA=
29,-23,q6IXKNC5LNWMBrcDCQP452kVrKk=,6x7oZIHoq+xujhxaDogo7h3Enyo=
29,-24,q6IXKNC5LNWMBrcDCQP452kVrKk=,6x7oZIHoq+xujhxaDogo7h3Enyo=
23,-30,q6IXKNC5LNWMBrcDCQP452kVrKk=,r176iVwu7+1iwSXth9jhwLKXmEw=
29,-20,q6IXKNC5LNWMBrcDCQP452kVrKk=,HAF6KOkZ9zr7jvPdWwINQ9tCLAk=
29,-21,q6IXKNC5LNWMBrcDCQP452kVrKk=,yyvVbfsnDMgppU0jGTImqbiq8cA=
24,-30,q6IXKNC5LNWMBrcDCQP452kVrKk=,fVtM9AOyb5qwww+XP9nrEkVF8iE=
29,-25,q6IXKNC5LNWMBrcDCQP452kVrKk=,DUWbWeR2WNye1Iq6WL8uD475zKk=
31,-25,q6IXKNC5LNWMBrcDCQP452kVrKk=,LtCPDanvr994v6fIQPVFZgXmVZA=
31,-24,q6IXKNC5LNWMBrcDCQP452kVrKk=,Qh1hqMHcktkye5ND/TMAHT/5HJM=
31,-23,q6IXKNC5LNWMBrcDCQP452kVrKk=,Qh1hqMHcktkye5ND/TMAHT/5HJM=
26,-26,q6IXKNC5LNWMBrcDCQP452kVrKk=,7zvF7LGb5k5CZqOrY0FZATp1BwU=
25,-26,q6IXKNC5LNWMBrcDCQP452kVrKk=,tsHbh1u8bmP2cUYBc3vF2CAwvC4=
25,-29,q6IXKNC5LNWMBrcDCQP452kVrKk=,fVtM9AOyb5qwww+XP9nrEkVF8iE=
25,-27,q6IXKNC5LNWMBrcDCQP452kVrKk=,wdeb0QW9asIPdWDKdYg9WEag9K8=
25,-28,q6IXKNC5LNWMBrcDCQP452kVrKk=,wdeb0QW9asIPdWDKdYg9WEag9K8=
28,-30,q6IXKNC5LNWMBrcDCQP452kVrKk=,cl8fn9GyRAmkzmlPb4QFyLuvqxU=
25,-30,q6IXKNC5LNWMBrcDCQP452kVrKk=,fVtM9AOyb5qwww+XP9nrEkVF8iE=
26,-27,q6IXKNC5LNWMBrcDCQP452kVrKk=,kgVl9mTdhG0RX9Hb1keTu/EJMag=
26,-30,q6IXKNC5LNWMBrcDCQP452kVrKk=,XYyPsH0Zm/30CbyIL1WOpeTiLc8=
26,-29,q6IXKNC5LNWMBrcDCQP452kVrKk=,XYyPsH0Zm/30CbyIL1WOpeTiLc8=
26,-28,q6IXKNC5LNWMBrcDCQP452kVrKk=,kgVl9mTdhG0RX9Hb1keTu/EJMag=
27,-30,q6IXKNC5LNWMBrcDCQP452kVrKk=,XYyPsH0Zm/30CbyIL1WOpeTiLc8=
30,-26,q6IXKNC5LNWMBrcDCQP452kVrKk=,LtCPDanvr994v6fIQPVFZgXmVZA=
29,-28,q6IXKNC5LNWMBrcDCQP452kVrKk=,l9ca0eup1vpYeSdnAIOxxHDKbFc=
27,-26,q6IXKNC5LNWMBrcDCQP452kVrKk=,7zvF7LGb5k5CZqOrY0FZATp1BwU=
29,-29,q6IXKNC5LNWMBrcDCQP452kVrKk=,cl8fn9GyRAmkzmlPb4QFyLuvqxU=
27,-27,q6IXKNC5LNWMBrcDCQP452kVrKk=,kgVl9mTdhG0RX9Hb1keTu/EJMag=
27,-28,q6IXKNC5LNWMBrcDCQP452kVrKk=,kgVl9mTdhG0RX9Hb1keTu/EJMag=
29,-27,q6IXKNC5LNWMBrcDCQP452kVrKk=,l9ca0eup1vpYeSdnAIOxxHDKbFc=
28,-29,q6IXKNC5LNWMBrcDCQP452kVrKk=,cl8fn9GyRAmkzmlPb4QFyLuvqxU=
27,-29,q6IXKNC5LNWMBrcDCQP452kVrKk=,XYyPsH0Zm/30CbyIL1WOpeTiLc8=
29,-26,q6IXKNC5LNWMBrcDCQP452kVrKk=,DUWbWeR2WNye1Iq6WL8uD475zKk=
28,-27,q6IXKNC5LNWMBrcDCQP452kVrKk=,l9ca0eup1vpYeSdnAIOxxHDKbFc=
28,-26,q6IXKNC5LNWMBrcDCQP452kVrKk=,DUWbWeR2WNye1Iq6WL8uD475zKk=
28,-28,q6IXKNC5LNWMBrcDCQP452kVrKk=,l9ca0eup1vpYeSdnAIOxxHDKbFc=
20,-29,q6IXKNC5LNWMBrcDCQP452kVrKk=,8afTLgVmdz1uM5PrZ6LXV/FZqQE=
19,-29,q6IXKNC5LNWMBrcDCQP452kVrKk=,HYgWqgP7ngBAJ60vcDu+op3Z+UE=
21,-29,q6IXKNC5LNWMBrcDCQP452kVrKk=,8afTLgVmdz1uM5PrZ6LXV/FZqQE=
22,-29,q6IXKNC5LNWMBrcDCQP452kVrKk=,r176iVwu7+1iwSXth9jhwLKXmEw=
22,-28,q6IXKNC5LNWMBrcDCQP452kVrKk=,QJS2HZKnR4eBKj825usUsVfJzDk=
21,-28,q6IXKNC5LNWMBrcDCQP452kVrKk=,81QUqXgMy8EEm/pLCznwoxZTXT8=
20,-28,q6IXKNC5LNWMBrcDCQP452kVrKk=,81QUqXgMy8EEm/pLCznwoxZTXT8=
19,-28,q6IXKNC5LNWMBrcDCQP452kVrKk=,UPddc69Lp7vPH8m5zydmtRSTt74=
22,-30,q6IXKNC5LNWMBrcDCQP452kVrKk=,r176iVwu7+1iwSXth9jhwLKXmEw=
21,-30,q6IXKNC5LNWMBrcDCQP452kVrKk=,8afTLgVmdz1uM5PrZ6LXV/FZqQE=
20,-30,q6IXKNC5LNWMBrcDCQP452kVrKk=,8afTLgVmdz1uM5PrZ6LXV/FZqQE=
22,-17,q6IXKNC5LNWMBrcDCQP452kVrKk=,j51COAXiv4io1HbepopsL6juhRQ=
19,-30,q6IXKNC5LNWMBrcDCQP452kVrKk=,HYgWqgP7ngBAJ60vcDu+op3Z+UE=
21,-19,q6IXKNC5LNWMBrcDCQP452kVrKk=,AsVVSjX5L+sg4+khyrZm63Nfn3Q=
22,-18,q6IXKNC5LNWMBrcDCQP452kVrKk=,j51COAXiv4io1HbepopsL6juhRQ=
21,-18,q6IXKNC5LNWMBrcDCQP452kVrKk=,rDQx4yOgo8io5YxQsUZFd4fdAdo=
21,-17,q6IXKNC5LNWMBrcDCQP452kVrKk=,rDQx4yOgo8io5YxQsUZFd4fdAdo=
16,-20,q6IXKNC5LNWMBrcDCQP452kVrKk=,3OQ2F82oFQx1BTnBJ/BTNpKuO9Q=
22,-19,q6IXKNC5LNWMBrcDCQP452kVrKk=,MFcOm0f+xqthgl6vIlvgTyNvJ4c=
16,-29,q6IXKNC5LNWMBrcDCQP452kVrKk=,WmC3kQMPRxilLUpYMyVTwe8hpX0=
16,-28,q6IXKNC5LNWMBrcDCQP452kVrKk=,wHQohdlijq++zcn1+ODNgcMef7M=
31,-26,q6IXKNC5LNWMBrcDCQP452kVrKk=,LtCPDanvr994v6fIQPVFZgXmVZA=
16,-21,q6IXKNC5LNWMBrcDCQP452kVrKk=,GfLoNUmKWer1Dw09Z1myNGd/BRk=
16,-27,q6IXKNC5LNWMBrcDCQP452kVrKk=,wHQohdlijq++zcn1+ODNgcMef7M=
16,-22,q6IXKNC5LNWMBrcDCQP452kVrKk=,GfLoNUmKWer1Dw09Z1myNGd/BRk=
16,-23,q6IXKNC5LNWMBrcDCQP452kVrKk=,AvcPiQHN8/f0tjV7CLoSBoA/ZPA=
29,-30,q6IXKNC5LNWMBrcDCQP452kVrKk=,cl8fn9GyRAmkzmlPb4QFyLuvqxU=
17,-30,q6IXKNC5LNWMBrcDCQP452kVrKk=,WmC3kQMPRxilLUpYMyVTwe8hpX0=
18,-30,q6IXKNC5LNWMBrcDCQP452kVrKk=,HYgWqgP7ngBAJ60vcDu+op3Z+UE=
16,-26,q6IXKNC5LNWMBrcDCQP452kVrKk=,RKVWMLTvcnTQKvo5equtqyVV/No=
16,-24,q6IXKNC5LNWMBrcDCQP452kVrKk=,AvcPiQHN8/f0tjV7CLoSBoA/ZPA=
16,-30,q6IXKNC5LNWMBrcDCQP452kVrKk=,WmC3kQMPRxilLUpYMyVTwe8hpX0=
16,-25,q6IXKNC5LNWMBrcDCQP452kVrKk=,RKVWMLTvcnTQKvo5equtqyVV/No=
20,-19,q6IXKNC5LNWMBrcDCQP452kVrKk=,AsVVSjX5L+sg4+khyrZm63Nfn3Q=
20,-17,q6IXKNC5LNWMBrcDCQP452kVrKk=,rDQx4yOgo8io5YxQsUZFd4fdAdo=
20,-18,q6IXKNC5LNWMBrcDCQP452kVrKk=,rDQx4yOgo8io5YxQsUZFd4fdAdo=
19,-18,q6IXKNC5LNWMBrcDCQP452kVrKk=,0qb8YwcWZiXAjhyyiEFixXpRXWI=
19,-19,q6IXKNC5LNWMBrcDCQP452kVrKk=,eLY+V0sGKt9AdbBgg1yDCi/5WpM=
19,-17,q6IXKNC5LNWMBrcDCQP452kVrKk=,0qb8YwcWZiXAjhyyiEFixXpRXWI=
18,-17,q6IXKNC5LNWMBrcDCQP452kVrKk=,0qb8YwcWZiXAjhyyiEFixXpRXWI=
16,-19,q6IXKNC5LNWMBrcDCQP452kVrKk=,3OQ2F82oFQx1BTnBJ/BTNpKuO9Q=
16,-17,q6IXKNC5LNWMBrcDCQP452kVrKk=,YviFZGvprMVjKxOVM9aYg+8AmZU=
18,-19,q6IXKNC5LNWMBrcDCQP452kVrKk=,eLY+V0sGKt9AdbBgg1yDCi/5WpM=
17,-19,q6IXKNC5LNWMBrcDCQP452kVrKk=,3OQ2F82oFQx1BTnBJ/BTNpKuO9Q=
17,-18,q6IXKNC5LNWMBrcDCQP452kVrKk=,YviFZGvprMVjKxOVM9aYg+8AmZU=
18,-18,q6IXKNC5LNWMBrcDCQP452kVrKk=,0qb8YwcWZiXAjhyyiEFixXpRXWI=
16,-18,q6IXKNC5LNWMBrcDCQP452kVrKk=,YviFZGvprMVjKxOVM9aYg+8AmZU=
17,-17,q6IXKNC5LNWMBrcDCQP452kVrKk=,YviFZGvprMVjKxOVM9aYg+8AmZU=
4,-26,PMgxvkAe+pTJPP/xfl0BHnOvG/8=,FGZ2zJiqrU55L9/vqurSiAve2rw=
3,-26,PMgxvkAe+pTJPP/xfl0BHnOvG/8=,f/CgTcPcc/9sWU0TfCpYjFuQ1Ss=
4,-24,PMgxvkAe+pTJPP/xfl0BHnOvG/8=,VdxrF6ys1jmj91gYhpHMK/ZQocU=
4,-25,PMgxvkAe+pTJPP/xfl0BHnOvG/8=,FGZ2zJiqrU55L9/vqurSiAve2rw=
3,-25,PMgxvkAe+pTJPP/xfl0BHnOvG/8=,f/CgTcPcc/9sWU0TfCpYjFuQ1Ss=
3,-24,PMgxvkAe+pTJPP/xfl0BHnOvG/8=,QrC0aWybD+PzObo4UiF5iq6AfME=
1,-22,PMgxvkAe+pTJPP/xfl0BHnOvG/8=,WJ1znvUagr20nQJq3dFh3A22Bmc=
1,-23,PMgxvkAe+pTJPP/xfl0BHnOvG/8=,C5iGxiKWCspH9OLueLDWX2EyEAE=
2,-22,PMgxvkAe+pTJPP/xfl0BHnOvG/8=,zOUXnAB2y708qVmncgXy0pu78F8=
2,-23,PMgxvkAe+pTJPP/xfl0BHnOvG/8=,QrC0aWybD+PzObo4UiF5iq6AfME=
4,-22,PMgxvkAe+pTJPP/xfl0BHnOvG/8=,1gC5rkEyjAXz7Xr0xJ0EZkDTQOk=
3,-22,PMgxvkAe+pTJPP/xfl0BHnOvG/8=,zOUXnAB2y708qVmncgXy0pu78F8=
3,-23,PMgxvkAe+pTJPP/xfl0BHnOvG/8=,QrC0aWybD+PzObo4UiF5iq6AfME=
4,-23,PMgxvkAe+pTJPP/xfl0BHnOvG/8=,VdxrF6ys1jmj91gYhpHMK/ZQocU=
5,-21,PMgxvkAe+pTJPP/xfl0BHnOvG/8=,1gC5rkEyjAXz7Xr0xJ0EZkDTQOk=
5,-20,PMgxvkAe+pTJPP/xfl0BHnOvG/8=,C1ntUbs5JPNtUbJhgU1S7lJJYKM=
6,-20,PMgxvkAe+pTJPP/xfl0BHnOvG/8=,0/rqgtTuLCH902Yf+zqDfowQf/E=
6,-21,PMgxvkAe+pTJPP/xfl0BHnOvG/8=,v0W0yHnBUxuvtPaGM4m5nscxoQM=
5,-18,PMgxvkAe+pTJPP/xfl0BHnOvG/8=,nAk0MaAep8HoAS7nV4BWz2tNjRY=
5,-19,PMgxvkAe+pTJPP/xfl0BHnOvG/8=,C1ntUbs5JPNtUbJhgU1S7lJJYKM=
6,-19,hwsa0WD7WOQotHkqod4Ese07PcM=,0/rqgtTuLCH902Yf+zqDfowQf/E=
6,-18,hwsa0WD7WOQotHkqod4Ese07PcM=,8tzdoTqYD5VNXz/7Ny/B0h5TfUI=
7,-19,hwsa0WD7WOQotHkqod4Ese07PcM=,0/rqgtTuLCH902Yf+zqDfowQf/E=
7,-18,hwsa0WD7WOQotHkqod4Ese07PcM=,8tzdoTqYD5VNXz/7Ny/B0h5TfUI=
8,-18,hwsa0WD7WOQotHkqod4Ese07PcM=,dlPJsdMv8O9cHETzoNL7JHOYrk4=
8,-19,hwsa0WD7WOQotHkqod4Ese07PcM=,W4CWlqsgiGvqM3veitnikKn4zZ0=
7,-21,hwsa0WD7WOQotHkqod4Ese07PcM=,v0W0yHnBUxuvtPaGM4m5nscxoQM=
8,-21,hwsa0WD7WOQotHkqod4Ese07PcM=,amNf9tcVUS12bg/RQGF/6bLJlPE=
7,-20,hwsa0WD7WOQotHkqod4Ese07PcM=,0/rqgtTuLCH902Yf+zqDfowQf/E=
8,-20,hwsa0WD7WOQotHkqod4Ese07PcM=,W4CWlqsgiGvqM3veitnikKn4zZ0=
10,-19,hwsa0WD7WOQotHkqod4Ese07PcM=,C89nxW0TfqFebC3d8259mN6tPYY=
10,-18,hwsa0WD7WOQotHkqod4Ese07PcM=,5+5jS+2OAjum1T3SwYLrNfFdQ8E=
9,-19,hwsa0WD7WOQotHkqod4Ese07PcM=,W4CWlqsgiGvqM3veitnikKn4zZ0=
9,-18,hwsa0WD7WOQotHkqod4Ese07PcM=,dlPJsdMv8O9cHETzoNL7JHOYrk4=
9,-21,hwsa0WD7WOQotHkqod4Ese07PcM=,amNf9tcVUS12bg/RQGF/6bLJlPE=
10,-21,hwsa0WD7WOQotHkqod4Ese07PcM=,f9TPlU88g16lqAzOn8QvXXe7DFU=
9,-20,hwsa0WD7WOQotHkqod4Ese07PcM=,W4CWlqsgiGvqM3veitnikKn4zZ0=
10,-20,hwsa0WD7WOQotHkqod4Ese07PcM=,C89nxW0TfqFebC3d8259mN6tPYY=
9,-23,hwsa0WD7WOQotHkqod4Ese07PcM=,7eQoqks8s0AzLQYinZowmwKCWrU=
9,-22,hwsa0WD7WOQotHkqod4Ese07PcM=,amNf9tcVUS12bg/RQGF/6bLJlPE=
10,-22,hwsa0WD7WOQotHkqod4Ese07PcM=,f9TPlU88g16lqAzOn8QvXXe7DFU=
10,-23,hwsa0WD7WOQotHkqod4Ese07PcM=,FnkroajtXS+N4g1AnDl8YvKPAfM=
6,-23,hwsa0WD7WOQotHkqod4Ese07PcM=,YIaxA6qtkxqd/h9fshjtgsr9dHk=
6,-22,hwsa0WD7WOQotHkqod4Ese07PcM=,v0W0yHnBUxuvtPaGM4m5nscxoQM=
8,-22,hwsa0WD7WOQotHkqod4Ese07PcM=,amNf9tcVUS12bg/RQGF/6bLJlPE=
7,-22,hwsa0WD7WOQotHkqod4Ese07PcM=,v0W0yHnBUxuvtPaGM4m5nscxoQM=
9,-24,hwsa0WD7WOQotHkqod4Ese07PcM=,7eQoqks8s0AzLQYinZowmwKCWrU=
8,-23,hwsa0WD7WOQotHkqod4Ese07PcM=,7eQoqks8s0AzLQYinZowmwKCWrU=
7,-23,hwsa0WD7WOQotHkqod4Ese07PcM=,YIaxA6qtkxqd/h9fshjtgsr9dHk=
10,-24,hwsa0WD7WOQotHkqod4Ese07PcM=,FnkroajtXS+N4g1AnDl8YvKPAfM=
5,-23,Uc9QDEWEKjli9r9Nw5CbAtpvwVY=,VdxrF6ys1jmj91gYhpHMK/ZQocU=
10,-25,Uc9QDEWEKjli9r9Nw5CbAtpvwVY=,F+ANjHWOsgL9Jx8+niZog6p2n1M=
9,-25,Uc9QDEWEKjli9r9Nw5CbAtpvwVY=,m+vqikfm+P1Xs7GbjWx99akaTnA=
5,-22,Uc9QDEWEKjli9r9Nw5CbAtpvwVY=,1gC5rkEyjAXz7Xr0xJ0EZkDTQOk=
5,-24,Uc9QDEWEKjli9r9Nw5CbAtpvwVY=,VdxrF6ys1jmj91gYhpHMK/ZQocU=
7,-24,Uc9QDEWEKjli9r9Nw5CbAtpvwVY=,YIaxA6qtkxqd/h9fshjtgsr9dHk=
5,-25,Uc9QDEWEKjli9r9Nw5CbAtpvwVY=,FGZ2zJiqrU55L9/vqurSiAve2rw=
8,-24,Uc9QDEWEKjli9r9Nw5CbAtpvwVY=,7eQoqks8s0AzLQYinZowmwKCWrU=
6,-25,Uc9QDEWEKjli9r9Nw5CbAtpvwVY=,ALO2m4ldr91GdlQW75CMMLhxRP8=
6,-24,Uc9QDEWEKjli9r9Nw5CbAtpvwVY=,YIaxA6qtkxqd/h9fshjtgsr9dHk=
8,-25,Uc9QDEWEKjli9r9Nw5CbAtpvwVY=,m+vqikfm+P1Xs7GbjWx99akaTnA=
7,-25,Uc9QDEWEKjli9r9Nw5CbAtpvwVY=,ALO2m4ldr91GdlQW75CMMLhxRP8=
12,-23,Uc9QDEWEKjli9r9Nw5CbAtpvwVY=,QAwo5xLV25Jrnld2bwfImq2KLbQ=
11,-22,Uc9QDEWEKjli9r9Nw5CbAtpvwVY=,f9TPlU88g16lqAzOn8QvXXe7DFU=
13,-23,Uc9QDEWEKjli9r9Nw5CbAtpvwVY=,QAwo5xLV25Jrnld2bwfImq2KLbQ=
14,-23,Uc9QDEWEKjli9r9Nw5CbAtpvwVY=,2TaTwrFLWERdIK30JGMXMK0Smik=
14,-22,Uc9QDEWEKjli9r9Nw5CbAtpvwVY=,4mV94bfB3xtiOn4BtNfRD8rTuuA=
12,-24,Uc9QDEWEKjli9r9Nw5CbAtpvwVY=,QAwo5xLV25Jrnld2bwfImq2KLbQ=
11,-23,Uc9QDEWEKjli9r9Nw5CbAtpvwVY=,FnkroajtXS+N4g1AnDl8YvKPAfM=
11,-24,Uc9QDEWEKjli9r9Nw5CbAtpvwVY=,FnkroajtXS+N4g1AnDl8YvKPAfM=
12,-25,Uc9QDEWEKjli9r9Nw5CbAtpvwVY=,i8Zn6i1G2xmnkrhRsbk+ysEbmWQ=
11,-25,Uc9QDEWEKjli9r9Nw5CbAtpvwVY=,F+ANjHWOsgL9Jx8+niZog6p2n1M=
13,-24,Uc9QDEWEKjli9r9Nw5CbAtpvwVY=,QAwo5xLV25Jrnld2bwfImq2KLbQ=
14,-24,Uc9QDEWEKjli9r9Nw5CbAtpvwVY=,2TaTwrFLWERdIK30JGMXMK0Smik=
13,-25,Uc9QDEWEKjli9r9Nw5CbAtpvwVY=,i8Zn6i1G2xmnkrhRsbk+ysEbmWQ=
14,-25,Uc9QDEWEKjli9r9Nw5CbAtpvwVY=,JIAkC7S8PTnOPkpDerlgSWMK2Fk=
12,-20,Uc9QDEWEKjli9r9Nw5CbAtpvwVY=,xrGaVvMDw7KB9ZiyOtwqD9457yc=
11,-21,Uc9QDEWEKjli9r9Nw5CbAtpvwVY=,f9TPlU88g16lqAzOn8QvXXe7DFU=
14,-21,Uc9QDEWEKjli9r9Nw5CbAtpvwVY=,4mV94bfB3xtiOn4BtNfRD8rTuuA=
11,-20,Uc9QDEWEKjli9r9Nw5CbAtpvwVY=,C89nxW0TfqFebC3d8259mN6tPYY=
14,-20,Uc9QDEWEKjli9r9Nw5CbAtpvwVY=,vbo/CwDy6y/xvjda64ZRjx69wQI=
13,-20,Uc9QDEWEKjli9r9Nw5CbAtpvwVY=,xrGaVvMDw7KB9ZiyOtwqD9457yc=
12,-18,Uc9QDEWEKjli9r9Nw5CbAtpvwVY=,mBjDxXWovWzzTioE3k+KzNwLIh8=
11,-19,Uc9QDEWEKjli9r9Nw5CbAtpvwVY=,C89nxW0TfqFebC3d8259mN6tPYY=
10,-17,Uc9QDEWEKjli9r9Nw5CbAtpvwVY=,5+5jS+2OAjum1T3SwYLrNfFdQ8E=
11,-18,Uc9QDEWEKjli9r9Nw5CbAtpvwVY=,5+5jS+2OAjum1T3SwYLrNfFdQ8E=
9,-17,Uc9QDEWEKjli9r9Nw5CbAtpvwVY=,dlPJsdMv8O9cHETzoNL7JHOYrk4=
12,-19,Uc9QDEWEKjli9r9Nw5CbAtpvwVY=,xrGaVvMDw7KB9ZiyOtwqD9457yc=
8,-17,Uc9QDEWEKjli9r9Nw5CbAtpvwVY=,dlPJsdMv8O9cHETzoNL7JHOYrk4=
7,-17,Uc9QDEWEKjli9r9Nw5CbAtpvwVY=,8tzdoTqYD5VNXz/7Ny/B0h5TfUI=
12,-17,Uc9QDEWEKjli9r9Nw5CbAtpvwVY=,mBjDxXWovWzzTioE3k+KzNwLIh8=
5,-17,Uc9QDEWEKjli9r9Nw5CbAtpvwVY=,nAk0MaAep8HoAS7nV4BWz2tNjRY=
11,-17,Uc9QDEWEKjli9r9Nw5CbAtpvwVY=,5+5jS+2OAjum1T3SwYLrNfFdQ8E=
6,-17,Uc9QDEWEKjli9r9Nw5CbAtpvwVY=,8tzdoTqYD5VNXz/7Ny/B0h5TfUI=
14,-17,Uc9QDEWEKjli9r9Nw5CbAtpvwVY=,lV5+sPXT8BK5wIdEqGWiRK7eCo4=
15,-18,Uc9QDEWEKjli9r9Nw5CbAtpvwVY=,lV5+sPXT8BK5wIdEqGWiRK7eCo4=
13,-18,Uc9QDEWEKjli9r9Nw5CbAtpvwVY=,mBjDxXWovWzzTioE3k+KzNwLIh8=
13,-17,Uc9QDEWEKjli9r9Nw5CbAtpvwVY=,mBjDxXWovWzzTioE3k+KzNwLIh8=
14,-19,Uc9QDEWEKjli9r9Nw5CbAtpvwVY=,vbo/CwDy6y/xvjda64ZRjx69wQI=
14,-18,Uc9QDEWEKjli9r9Nw5CbAtpvwVY=,lV5+sPXT8BK5wIdEqGWiRK7eCo4=
13,-19,Uc9QDEWEKjli9r9Nw5CbAtpvwVY=,xrGaVvMDw7KB9ZiyOtwqD9457yc=
15,-19,Uc9QDEWEKjli9r9Nw5CbAtpvwVY=,vbo/CwDy6y/xvjda64ZRjx69wQI=
3,-17,Uc9QDEWEKjli9r9Nw5CbAtpvwVY=,bDFepZEi48oJ+LzskRq37gk1XC8=
4,-17,Uc9QDEWEKjli9r9Nw5CbAtpvwVY=,nAk0MaAep8HoAS7nV4BWz2tNjRY=
4,-20,Uc9QDEWEKjli9r9Nw5CbAtpvwVY=,C1ntUbs5JPNtUbJhgU1S7lJJYKM=
3,-18,Uc9QDEWEKjli9r9Nw5CbAtpvwVY=,bDFepZEi48oJ+LzskRq37gk1XC8=
3,-19,Uc9QDEWEKjli9r9Nw5CbAtpvwVY=,alJLaTZ7OQCXyxV5lnYI5mw+iIs=
3,-20,Uc9QDEWEKjli9r9Nw5CbAtpvwVY=,alJLaTZ7OQCXyxV5lnYI5mw+iIs=
3,-21,Uc9QDEWEKjli9r9Nw5CbAtpvwVY=,zOUXnAB2y708qVmncgXy0pu78F8=
4,-21,Uc9QDEWEKjli9r9Nw5CbAtpvwVY=,1gC5rkEyjAXz7Xr0xJ0EZkDTQOk=
4,-18,Uc9QDEWEKjli9r9Nw5CbAtpvwVY=,nAk0MaAep8HoAS7nV4BWz2tNjRY=
0,-22,Uc9QDEWEKjli9r9Nw5CbAtpvwVY=,WJ1znvUagr20nQJq3dFh3A22Bmc=
4,-19,Uc9QDEWEKjli9r9Nw5CbAtpvwVY=,C1ntUbs5JPNtUbJhgU1S7lJJYKM=
0,-23,Uc9QDEWEKjli9r9Nw5CbAtpvwVY=,C5iGxiKWCspH9OLueLDWX2EyEAE=
0,-17,Uc9QDEWEKjli9r9Nw5CbAtpvwVY=,Q+7uPw071i7ExZQskqiAX54RErI=
1,-17,Uc9QDEWEKjli9r9Nw5CbAtpvwVY=,Q+7uPw071i7ExZQskqiAX54RErI=
2,-26,Uc9QDEWEKjli9r9Nw5CbAtpvwVY=,f/CgTcPcc/9sWU0TfCpYjFuQ1Ss=
2,-17,Uc9QDEWEKjli9r9Nw5CbAtpvwVY=,bDFepZEi48oJ+LzskRq37gk1XC8=
1,-26,Uc9QDEWEKjli9r9Nw5CbAtpvwVY=,xi/cqePRWv0x8iGOAw932l+Iq9c=
0,-21,Uc9QDEWEKjli9r9Nw5CbAtpvwVY=,WJ1znvUagr20nQJq3dFh3A22Bmc=
1,-21,Uc9QDEWEKjli9r9Nw5CbAtpvwVY=,WJ1znvUagr20nQJq3dFh3A22Bmc=
2,-21,Uc9QDEWEKjli9r9Nw5CbAtpvwVY=,zOUXnAB2y708qVmncgXy0pu78F8=
1,-25,Uc9QDEWEKjli9r9Nw5CbAtpvwVY=,xi/cqePRWv0x8iGOAw932l+Iq9c=
0,-26,Uc9QDEWEKjli9r9Nw5CbAtpvwVY=,xi/cqePRWv0x8iGOAw932l+Iq9c=
2,-20,Uc9QDEWEKjli9r9Nw5CbAtpvwVY=,alJLaTZ7OQCXyxV5lnYI5mw+iIs=
0,-18,Uc9QDEWEKjli9r9Nw5CbAtpvwVY=,Q+7uPw071i7ExZQskqiAX54RErI=
0,-25,Uc9QDEWEKjli9r9Nw5CbAtpvwVY=,xi/cqePRWv0x8iGOAw932l+Iq9c=
1,-18,Uc9QDEWEKjli9r9Nw5CbAtpvwVY=,Q+7uPw071i7ExZQskqiAX54RErI=
2,-25,Uc9QDEWEKjli9r9Nw5CbAtpvwVY=,f/CgTcPcc/9sWU0TfCpYjFuQ1Ss=
1,-20,Uc9QDEWEKjli9r9Nw5CbAtpvwVY=,eEO+9j/zKIvxf5XIvQqadm7w4uY=
0,-19,Uc9QDEWEKjli9r9Nw5CbAtpvwVY=,eEO+9j/zKIvxf5XIvQqadm7w4uY=
1,-19,Uc9QDEWEKjli9r9Nw5CbAtpvwVY=,eEO+9j/zKIvxf5XIvQqadm7w4uY=
2,-24,Uc9QDEWEKjli9r9Nw5CbAtpvwVY=,QrC0aWybD+PzObo4UiF5iq6AfME=
2,-19,Uc9QDEWEKjli9r9Nw5CbAtpvwVY=,alJLaTZ7OQCXyxV5lnYI5mw+iIs=
2,-18,Uc9QDEWEKjli9r9Nw5CbAtpvwVY=,bDFepZEi48oJ+LzskRq37gk1XC8=
0,-20,Uc9QDEWEKjli9r9Nw5CbAtpvwVY=,eEO+9j/zKIvxf5XIvQqadm7w4uY=
1,-24,Uc9QDEWEKjli9r9Nw5CbAtpvwVY=,C5iGxiKWCspH9OLueLDWX2EyEAE=
0,-24,Uc9QDEWEKjli9r9Nw5CbAtpvwVY=,C5iGxiKWCspH9OLueLDWX2EyEAE=
2,-29,Uc9QDEWEKjli9r9Nw5CbAtpvwVY=,4d6wgdkse4AJHShh7RFqtSqkOxQ=
4,-29,Uc9QDEWEKjli9r9Nw5CbAtpvwVY=,YUHVYgNIitJvjKNcRh+n9KdVyGA=
3,-29,Uc9QDEWEKjli9r9Nw5CbAtpvwVY=,4d6wgdkse4AJHShh7RFqtSqkOxQ=
1,-29,Uc9QDEWEKjli9r9Nw5CbAtpvwVY=,6WY8bbVVFaaXBElueS87izmXufE=
3,-30,Uc9QDEWEKjli9r9Nw5CbAtpvwVY=,4d6wgdkse4AJHShh7RFqtSqkOxQ=
4,-30,Uc9QDEWEKjli9r9Nw5CbAtpvwVY=,YUHVYgNIitJvjKNcRh+n9KdVyGA=
6,-29,Uc9QDEWEKjli9r9Nw5CbAtpvwVY=,uaTqPGTCyxmXOrpTEuW0MQn924c=
12,-26,Uc9QDEWEKjli9r9Nw5CbAtpvwVY=,i8Zn6i1G2xmnkrhRsbk+ysEbmWQ=
5,-29,Uc9QDEWEKjli9r9Nw5CbAtpvwVY=,YUHVYgNIitJvjKNcRh+n9KdVyGA=
14,-26,Uc9QDEWEKjli9r9Nw5CbAtpvwVY=,JIAkC7S8PTnOPkpDerlgSWMK2Fk=
13,-26,Uc9QDEWEKjli9r9Nw5CbAtpvwVY=,i8Zn6i1G2xmnkrhRsbk+ysEbmWQ=
5,-26,Uc9QDEWEKjli9r9Nw5CbAtpvwVY=,FGZ2zJiqrU55L9/vqurSiAve2rw=
10,-26,Uc9QDEWEKjli9r9Nw5CbAtpvwVY=,F+ANjHWOsgL9Jx8+niZog6p2n1M=
6,-26,Uc9QDEWEKjli9r9Nw5CbAtpvwVY=,ALO2m4ldr91GdlQW75CMMLhxRP8=
7,-26,Uc9QDEWEKjli9r9Nw5CbAtpvwVY=,ALO2m4ldr91GdlQW75CMMLhxRP8=
9,-26,Uc9QDEWEKjli9r9Nw5CbAtpvwVY=,m+vqikfm+P1Xs7GbjWx99akaTnA=
11,-26,Uc9QDEWEKjli9r9Nw5CbAtpvwVY=,F+ANjHWOsgL9Jx8+niZog6p2n1M=
8,-26,Uc9QDEWEKjli9r9Nw5CbAtpvwVY=,m+vqikfm+P1Xs7GbjWx99akaTnA=
6,-30,Uc9QDEWEKjli9r9Nw5CbAtpvwVY=,uaTqPGTCyxmXOrpTEuW0MQn924c=
5,-30,Uc9QDEWEKjli9r9Nw5CbAtpvwVY=,YUHVYgNIitJvjKNcRh+n9KdVyGA=
10,-29,Uc9QDEWEKjli9r9Nw5CbAtpvwVY=,vmTML5V7qHnPI8NcZ4cFqr6xnYI=
7,-29,Uc9QDEWEKjli9r9Nw5CbAtpvwVY=,uaTqPGTCyxmXOrpTEuW0MQn924c=
8,-29,Uc9QDEWEKjli9r9Nw5CbAtpvwVY=,CSYFyvqcHQ6If8jX/+ZKzZPbqxk=
9,-29,Uc9QDEWEKjli9r9Nw5CbAtpvwVY=,CSYFyvqcHQ6If8jX/+ZKzZPbqxk=
10,-30,Uc9QDEWEKjli9r9Nw5CbAtpvwVY=,vmTML5V7qHnPI8NcZ4cFqr6xnYI=
8,-30,Uc9QDEWEKjli9r9Nw5CbAtpvwVY=,CSYFyvqcHQ6If8jX/+ZKzZPbqxk=
9,-30,Uc9QDEWEKjli9r9Nw5CbAtpvwVY=,CSYFyvqcHQ6If8jX/+ZKzZPbqxk=
7,-30,Uc9QDEWEKjli9r9Nw5CbAtpvwVY=,uaTqPGTCyxmXOrpTEuW0MQn924c=
15,-22,Uc9QDEWEKjli9r9Nw5CbAtpvwVY=,4mV94bfB3xtiOn4BtNfRD8rTuuA=
0,-29,Uc9QDEWEKjli9r9Nw5CbAtpvwVY=,6WY8bbVVFaaXBElueS87izmXufE=
15,-23,Uc9QDEWEKjli9r9Nw5CbAtpvwVY=,2TaTwrFLWERdIK30JGMXMK0Smik=
15,-21,Uc9QDEWEKjli9r9Nw5CbAtpvwVY=,4mV94bfB3xtiOn4BtNfRD8rTuuA=
2,-30,Uc9QDEWEKjli9r9Nw5CbAtpvwVY=,4d6wgdkse4AJHShh7RFqtSqkOxQ=
15,-26,Uc9QDEWEKjli9r9Nw5CbAtpvwVY=,JIAkC7S8PTnOPkpDerlgSWMK2Fk=
15,-24,Uc9QDEWEKjli9r9Nw5CbAtpvwVY=,2TaTwrFLWERdIK30JGMXMK0Smik=
1,-30,Uc9QDEWEKjli9r9Nw5CbAtpvwVY=,6WY8bbVVFaaXBElueS87izmXufE=
12,-29,Uc9QDEWEKjli9r9Nw5CbAtpvwVY=,9U1ynGsEVwMeoVSiC2hY9EFbJEk=
11,-29,Uc9QDEWEKjli9r9Nw5CbAtpvwVY=,vmTML5V7qHnPI8NcZ4cFqr6xnYI=
15,-17,Uc9QDEWEKjli9r9Nw5CbAtpvwVY=,lV5+sPXT8BK5wIdEqGWiRK7eCo4=
14,-29,Uc9QDEWEKjli9r9Nw5CbAtpvwVY=,EOW1mVSkH+GC0pA4DUX5g7xEm+8=
13,-29,Uc9QDEWEKjli9r9Nw5CbAtpvwVY=,9U1ynGsEVwMeoVSiC2hY9EFbJEk=
15,-29,Uc9QDEWEKjli9r9Nw5CbAtpvwVY=,EOW1mVSkH+GC0pA4DUX5g7xEm+8=
15,-20,Uc9QDEWEKjli9r9Nw5CbAtpvwVY=,vbo/CwDy6y/xvjda64ZRjx69wQI=
0,-30,Uc9QDEWEKjli9r9Nw5CbAtpvwVY=,6WY8bbVVFaaXBElueS87izmXufE=
14,-30,Uc9QDEWEKjli9r9Nw5CbAtpvwVY=,EOW1mVSkH+GC0pA4DUX5g7xEm+8=
12,-30,Uc9QDEWEKjli9r9Nw5CbAtpvwVY=,9U1ynGsEVwMeoVSiC2hY9EFbJEk=
11,-30,Uc9QDEWEKjli9r9Nw5CbAtpvwVY=,vmTML5V7qHnPI8NcZ4cFqr6xnYI=
15,-30,Uc9QDEWEKjli9r9Nw5CbAtpvwVY=,EOW1mVSkH+GC0pA4DUX5g7xEm+8=
13,-30,Uc9QDEWEKjli9r9Nw5CbAtpvwVY=,9U1ynGsEVwMeoVSiC2hY9EFbJEk=
15,-25,Uc9QDEWEKjli9r9Nw5CbAtpvwVY=,JIAkC7S8PTnOPkpDerlgSWMK2Fk=
6,-6,Uc9QDEWEKjli9r9Nw5CbAtpvwVY=,gDpUHrDUHg/Cn2jjDFI5E3hkRO0=
5,-6,Uc9QDEWEKjli9r9Nw5CbAtpvwVY=,v/lUAbqACZoW2i7UM/Uo30921zI=
5,-7,Uc9QDEWEKjli9r9Nw5CbAtpvwVY=,b+AdhfqoYeObxjhRDkRiU9PccK0=
6,-7,Uc9QDEWEKjli9r9Nw5CbAtpvwVY=,vnCls/BQHCUSemi+x/QaqUARoZ4=
6,-4,Uc9QDEWEKjli9r9Nw5CbAtpvwVY=,N+6H2B5s2xS4F133PPj+PwAWmWY=
5,-5,Uc9QDEWEKjli9r9Nw5CbAtpvwVY=,v/lUAbqACZoW2i7UM/Uo30921zI=
6,-5,Uc9QDEWEKjli9r9Nw5CbAtpvwVY=,gDpUHrDUHg/Cn2jjDFI5E3hkRO0=
3,-5,Uc9QDEWEKjli9r9Nw5CbAtpvwVY=,AW+GfQytU4ZwTKA6EgT2+64rRJg=
3,-4,Uc9QDEWEKjli9r9Nw5CbAtpvwVY=,cwrc61KoMR+gTum+lzfSfpEINiQ=
5,-4,Uc9QDEWEKjli9r9Nw5CbAtpvwVY=,gaFSKHlat75xXilkVNE0M1pCChE=
4,-5,Uc9QDEWEKjli9r9Nw5CbAtpvwVY=,v/lUAbqACZoW2i7UM/Uo30921zI=
4,-4,Uc9QDEWEKjli9r9Nw5CbAtpvwVY=,gaFSKHlat75xXilkVNE0M1pCChE=
4,-2,Uc9QDEWEKjli9r9Nw5CbAtpvwVY=,5kZ3t4E/3UfSv822qBzZfn6+YMI=
3,-2,Uc9QDEWEKjli9r9Nw5CbAtpvwVY=,BWknZFmZZMDsAUgG6vRUMJQViUk=
3,-3,Uc9QDEWEKjli9r9Nw5CbAtpvwVY=,cwrc61KoMR+gTum+lzfSfpEINiQ=
4,-3,Uc9QDEWEKjli9r9Nw5CbAtpvwVY=,gaFSKHlat75xXilkVNE0M1pCChE=
2,-4,7X5CHX7LsoMA5UfNbF1IbBYi/oY=,cwrc61KoMR+gTum+lzfSfpEINiQ=
1,-4,7X5CHX7LsoMA5UfNbF1IbBYi/oY=,q+N7Zbw2Apv1OoQtVcQz22hw/GI=
2,-5,7X5CHX7LsoMA5UfNbF1IbBYi/oY=,AW+GfQytU4ZwTKA6EgT2+64rRJg=
1,-5,7X5CHX7LsoMA5UfNbF1IbBYi/oY=,+3NkcIUUE8l5oI60PS/iAI43ex4=
2,-2,7X5CHX7LsoMA5UfNbF1IbBYi/oY=,BWknZFmZZMDsAUgG6vRUMJQViUk=
1,-2,i4x5IVkS6HIdv/7tX/esXfGMofQ=,OpMwSfwDzeFdUqzVuNJKw/v61FY=
1,-3,7X5CHX7LsoMA5UfNbF1IbBYi/oY=,q+N7Zbw2Apv1OoQtVcQz22hw/GI=
2,-3,7X5CHX7LsoMA5UfNbF1IbBYi/oY=,cwrc61KoMR+gTum+lzfSfpEINiQ=
4,-7,7X5CHX7LsoMA5UfNbF1IbBYi/oY=,b+AdhfqoYeObxjhRDkRiU9PccK0=
3,-7,7X5CHX7LsoMA5UfNbF1IbBYi/oY=,j70+F2SXrwd1ek0T7pVyNT5eS/I=
3,-6,7X5CHX7LsoMA5UfNbF1IbBYi/oY=,AW+GfQytU4ZwTKA6EgT2+64rRJg=
1,-7,7X5CHX7LsoMA5UfNbF1IbBYi/oY=,xmC//Qg8n73+PE+uEjTUVYCs1uI=
4,-6,7X5CHX7LsoMA5UfNbF1IbBYi/oY=,v/lUAbqACZoW2i7UM/Uo30921zI=
2,-7,7X5CHX7LsoMA5UfNbF1IbBYi/oY=,j70+F2SXrwd1ek0T7pVyNT5eS/I=
1,-6,7X5CHX7LsoMA5UfNbF1IbBYi/oY=,+3NkcIUUE8l5oI60PS/iAI43ex4=
2,-6,7X5CHX7LsoMA5UfNbF1IbBYi/oY=,AW+GfQytU4ZwTKA6EgT2+64rRJg=
1,-9,7X5CHX7LsoMA5UfNbF1IbBYi/oY=,ITXVqT470iKA+2cfulHWpyTJyTo=
1,-8,7X5CHX7LsoMA5UfNbF1IbBYi/oY=,xmC//Qg8n73+PE+uEjTUVYCs1uI=
2,-9,7X5CHX7LsoMA5UfNbF1IbBYi/oY=,KLIRvVApOlu34T36PNuDhpEsss0=
1,-11,7X5CHX7LsoMA5UfNbF1IbBYi/oY=,81eOTE3H6c59vARlPekazu7Kr7Q=
2,-11,7X5CHX7LsoMA5UfNbF1IbBYi/oY=,nQrixiBn+ZryLUXQik624ZU3So8=
2,-8,7X5CHX7LsoMA5UfNbF1IbBYi/oY=,j70+F2SXrwd1ek0T7pVyNT5eS/I=
1,-10,7X5CHX7LsoMA5UfNbF1IbBYi/oY=,ITXVqT470iKA+2cfulHWpyTJyTo=
2,-10,7X5CHX7LsoMA5UfNbF1IbBYi/oY=,KLIRvVApOlu34T36PNuDhpEsss0=
1,-13,7X5CHX7LsoMA5UfNbF1IbBYi/oY=,sxAj7cFG+nT3/qBpCtVKFFbZ9HI=
1,-12,7X5CHX7LsoMA5UfNbF1IbBYi/oY=,81eOTE3H6c59vARlPekazu7Kr7Q=
2,-12,7X5CHX7LsoMA5UfNbF1IbBYi/oY=,nQrixiBn+ZryLUXQik624ZU3So8=
2,-13,7X5CHX7LsoMA5UfNbF1IbBYi/oY=,moDBRXgb2VvCLWiKOe8BJv4ZRUs=
4,-13,BQlC4J7m0R+oQV3j/qN5vPsS+yg=,qamiPBJ6+lPqBD10apc/z0cI7Ck=
3,-13,BQlC4J7m0R+oQV3j/qN5vPsS+yg=,moDBRXgb2VvCLWiKOe8BJv4ZRUs=
3,-12,BQlC4J7m0R+oQV3j/qN5vPsS+yg=,nQrixiBn+ZryLUXQik624ZU3So8=
4,-12,BQlC4J7m0R+oQV3j/qN5vPsS+yg=,y9mU+4JuFTncWiV+1tmJ6ookpH4=
4,-14,BQlC4J7m0R+oQV3j/qN5vPsS+yg=,qamiPBJ6+lPqBD10apc/z0cI7Ck=
3,-14,BQlC4J7m0R+oQV3j/qN5vPsS+yg=,moDBRXgb2VvCLWiKOe8BJv4ZRUs=
3,-15,BQlC4J7m0R+oQV3j/qN5vPsS+yg=,ZcWMf4EW1G9ZYgg8oDrkimjgJyA=
4,-15,BQlC4J7m0R+oQV3j/qN5vPsS+yg=,fAwF4fIOA2yxGpkisBdOZAn5IzY=
6,-12,BQlC4J7m0R+oQV3j/qN5vPsS+yg=,Rj43CHObKWg1NrpyrlH8RIJhQr4=
5,-12,BQlC4J7m0R+oQV3j/qN5vPsS+yg=,y9mU+4JuFTncWiV+1tmJ6ookpH4=
5,-13,BQlC4J7m0R+oQV3j/qN5vPsS+yg=,qamiPBJ6+lPqBD10apc/z0cI7Ck=
6,-15,BQlC4J7m0R+oQV3j/qN5vPsS+yg=,aTyrc6ZHDwYfEL19THRdzrq7U7k=
5,-15,BQlC4J7m0R+oQV3j/qN5vPsS+yg=,fAwF4fIOA2yxGpkisBdOZAn5IzY=
6,-14,BQlC4J7m0R+oQV3j/qN5vPsS+yg=,eFIYyRcC55Qpn09Ys9g+qhWWWgk=
6,-13,BQlC4J7m0R+oQV3j/qN5vPsS+yg=,eFIYyRcC55Qpn09Ys9g+qhWWWgk=
5,-14,BQlC4J7m0R+oQV3j/qN5vPsS+yg=,qamiPBJ6+lPqBD10apc/z0cI7Ck=
7,-15,BQlC4J7m0R+oQV3j/qN5vPsS+yg=,aTyrc6ZHDwYfEL19THRdzrq7U7k=
8,-15,BQlC4J7m0R+oQV3j/qN5vPsS+yg=,s6MGOadCFfGXrBx9gE2Yds9w0o4=
8,-14,BQlC4J7m0R+oQV3j/qN5vPsS+yg=,SoSqE7shRpzEj5ybmWh+F22x0UE=
7,-14,BQlC4J7m0R+oQV3j/qN5vPsS+yg=,eFIYyRcC55Qpn09Ys9g+qhWWWgk=
7,-12,BQlC4J7m0R+oQV3j/qN5vPsS+yg=,Rj43CHObKWg1NrpyrlH8RIJhQr4=
8,-13,BQlC4J7m0R+oQV3j/qN5vPsS+yg=,SoSqE7shRpzEj5ybmWh+F22x0UE=
8,-12,BQlC4J7m0R+oQV3j/qN5vPsS+yg=,tHgGuHpmTobWNpHq2INUV6c+iRE=
7,-13,BQlC4J7m0R+oQV3j/qN5vPsS+yg=,eFIYyRcC55Qpn09Ys9g+qhWWWgk=
10,-13,BQlC4J7m0R+oQV3j/qN5vPsS+yg=,FxwS9bcpVzSfFvBDxQHztSFNuVE=
10,-12,BQlC4J7m0R+oQV3j/qN5vPsS+yg=,1QGU5syhQWpcz5eOmazxkGiyfSM=
9,-12,LrTzHF5M+SMD2Y/Ewn2fSm/ocu4=,tHgGuHpmTobWNpHq2INUV6c+iRE=
9,-13,LrTzHF5M+SMD2Y/Ewn2fSm/ocu4=,SoSqE7shRpzEj5ybmWh+F22x0UE=
9,-14,LrTzHF5M+SMD2Y/Ewn2fSm/ocu4=,SoSqE7shRpzEj5ybmWh+F22x0UE=
10,-14,LrTzHF5M+SMD2Y/Ewn2fSm/ocu4=,FxwS9bcpVzSfFvBDxQHztSFNuVE=
10,-15,LrTzHF5M+SMD2Y/Ewn2fSm/ocu4=,JeunDvQL/37JGtpCYqHApbjCzoA=
10,-10,LrTzHF5M+SMD2Y/Ewn2fSm/ocu4=,3p/+vJzhjiHwxLu/mXqDjFX3KJI=
9,-15,LrTzHF5M+SMD2Y/Ewn2fSm/ocu4=,s6MGOadCFfGXrBx9gE2Yds9w0o4=
10,-11,LrTzHF5M+SMD2Y/Ewn2fSm/ocu4=,1QGU5syhQWpcz5eOmazxkGiyfSM=
9,-11,LrTzHF5M+SMD2Y/Ewn2fSm/ocu4=,tHgGuHpmTobWNpHq2INUV6c+iRE=
9,-10,LrTzHF5M+SMD2Y/Ewn2fSm/ocu4=,I1F/fSL+81ksdX6H0r8CrM2KtJ8=
7,-10,LrTzHF5M+SMD2Y/Ewn2fSm/ocu4=,EKYyCsZSFXxNX5A+Q12E1763ruM=
8,-11,LrTzHF5M+SMD2Y/Ewn2fSm/ocu4=,tHgGuHpmTobWNpHq2INUV6c+iRE=
8,-10,LrTzHF5M+SMD2Y/Ewn2fSm/ocu4=,I1F/fSL+81ksdX6H0r8CrM2KtJ8=
7,-11,LrTzHF5M+SMD2Y/Ewn2fSm/ocu4=,Rj43CHObKWg1NrpyrlH8RIJhQr4=
8,-8,LrTzHF5M+SMD2Y/Ewn2fSm/ocu4=,+lA23NnaadKeR9j272D32J3iRaQ=
7,-8,LrTzHF5M+SMD2Y/Ewn2fSm/ocu4=,vnCls/BQHCUSemi+x/QaqUARoZ4=
8,-9,LrTzHF5M+SMD2Y/Ewn2fSm/ocu4=,I1F/fSL+81ksdX6H0r8CrM2KtJ8=
7,-9,LrTzHF5M+SMD2Y/Ewn2fSm/ocu4=,EKYyCsZSFXxNX5A+Q12E1763ruM=
10,-8,LrTzHF5M+SMD2Y/Ewn2fSm/ocu4=,SkPcCglOL4nNIBnx7ZpitZMaOIE=
10,-9,LrTzHF5M+SMD2Y/Ewn2fSm/ocu4=,3p/+vJzhjiHwxLu/mXqDjFX3KJI=
9,-9,LrTzHF5M+SMD2Y/Ewn2fSm/ocu4=,I1F/fSL+81ksdX6H0r8CrM2KtJ8=
9,-8,LrTzHF5M+SMD2Y/Ewn2fSm/ocu4=,+lA23NnaadKeR9j272D32J3iRaQ=
13,-7,LrTzHF5M+SMD2Y/Ewn2fSm/ocu4=,87Gsf+U8U3E00pw0TyhTomAZa9A=
14,-7,LrTzHF5M+SMD2Y/Ewn2fSm/ocu4=,esyxirG+a2HwtD3fiJJS1iD4OY0=
11,-6,LrTzHF5M+SMD2Y/Ewn2fSm/ocu4=,uBG2ECZPakHmrYQeYXz9LEa2fEM=
14,-6,LrTzHF5M+SMD2Y/Ewn2fSm/ocu4=,pN7Cuj69qF5WssYMLX9Ul00minM=
12,-7,LrTzHF5M+SMD2Y/Ewn2fSm/ocu4=,87Gsf+U8U3E00pw0TyhTomAZa9A=
13,-6,G+s3XaoL1G4udCOOoYwzgAcOf7Y=,BrTv+BrIVgQhE2j8jdYq9RL8pHc=
12,-6,G+s3XaoL1G4udCOOoYwzgAcOf7Y=,BrTv+BrIVgQhE2j8jdYq9RL8pHc=
11,-7,G+s3XaoL1G4udCOOoYwzgAcOf7Y=,SkPcCglOL4nNIBnx7ZpitZMaOIE=
11,-5,G+s3XaoL1G4udCOOoYwzgAcOf7Y=,uBG2ECZPakHmrYQeYXz9LEa2fEM=
12,-5,G+s3XaoL1G4udCOOoYwzgAcOf7Y=,BrTv+BrIVgQhE2j8jdYq9RL8pHc=
12,-4,G+s3XaoL1G4udCOOoYwzgAcOf7Y=,JGWvCZW57TDY6RNUb7OTe9tWv7A=
11,-4,G+s3XaoL1G4udCOOoYwzgAcOf7Y=,PiOlKNaziBXc06tABYBDwSovO8Q=
11,-2,G+s3XaoL1G4udCOOoYwzgAcOf7Y=,a5M4DLC+JBAHkIFt+NMzgitDI94=
14,-4,G+s3XaoL1G4udCOOoYwzgAcOf7Y=,AGb9JTyQ2w4Dro4omA2YtEs+cP4=
11,-3,G+s3XaoL1G4udCOOoYwzgAcOf7Y=,PiOlKNaziBXc06tABYBDwSovO8Q=
13,-5,G+s3XaoL1G4udCOOoYwzgAcOf7Y=,BrTv+BrIVgQhE2j8jdYq9RL8pHc=
14,-5,G+s3XaoL1G4udCOOoYwzgAcOf7Y=,pN7Cuj69qF5WssYMLX9Ul00minM=
12,-2,G+s3XaoL1G4udCOOoYwzgAcOf7Y=,lurn3gqRgC1hXOt9V77Q5Ag8et0=
13,-4,G+s3XaoL1G4udCOOoYwzgAcOf7Y=,JGWvCZW57TDY6RNUb7OTe9tWv7A=
12,-3,G+s3XaoL1G4udCOOoYwzgAcOf7Y=,JGWvCZW57TDY6RNUb7OTe9tWv7A=
14,-2,G+s3XaoL1G4udCOOoYwzgAcOf7Y=,Z02WrB/1uOv/cfJindgpSw3zLjA=
13,-2,G+s3XaoL1G4udCOOoYwzgAcOf7Y=,lurn3gqRgC1hXOt9V77Q5Ag8et0=
13,-3,G+s3XaoL1G4udCOOoYwzgAcOf7Y=,JGWvCZW57TDY6RNUb7OTe9tWv7A=
14,-3,G+s3XaoL1G4udCOOoYwzgAcOf7Y=,AGb9JTyQ2w4Dro4omA2YtEs+cP4=
4,-1,G+s3XaoL1G4udCOOoYwzgAcOf7Y=,5kZ3t4E/3UfSv822qBzZfn6+YMI=
1,-1,i4x5IVkS6HIdv/7tX/esXfGMofQ=,OpMwSfwDzeFdUqzVuNJKw/v61FY=
2,-1,G+s3XaoL1G4udCOOoYwzgAcOf7Y=,BWknZFmZZMDsAUgG6vRUMJQViUk=
0,-3,G+s3XaoL1G4udCOOoYwzgAcOf7Y=,q+N7Zbw2Apv1OoQtVcQz22hw/GI=
3,-1,G+s3XaoL1G4udCOOoYwzgAcOf7Y=,BWknZFmZZMDsAUgG6vRUMJQViUk=
0,-2,i4x5IVkS6HIdv/7tX/esXfGMofQ=,OpMwSfwDzeFdUqzVuNJKw/v61FY=
0,-4,G+s3XaoL1G4udCOOoYwzgAcOf7Y=,q+N7Zbw2Apv1OoQtVcQz22hw/GI=
0,-5,G+s3XaoL1G4udCOOoYwzgAcOf7Y=,+3NkcIUUE8l5oI60PS/iAI43ex4=
10,-3,G+s3XaoL1G4udCOOoYwzgAcOf7Y=,PiOlKNaziBXc06tABYBDwSovO8Q=
9,-3,G+s3XaoL1G4udCOOoYwzgAcOf7Y=,6CH7MfpAGL3zj+ExVzzSt/fYuEA=
10,-2,G+s3XaoL1G4udCOOoYwzgAcOf7Y=,a5M4DLC+JBAHkIFt+NMzgitDI94=
9,-2,G+s3XaoL1G4udCOOoYwzgAcOf7Y=,ECGzmPcyX0/4MAQkzgwZX8Jt6L4=
0,-7,G+s3XaoL1G4udCOOoYwzgAcOf7Y=,xmC//Qg8n73+PE+uEjTUVYCs1uI=
0,-6,G+s3XaoL1G4udCOOoYwzgAcOf7Y=,+3NkcIUUE8l5oI60PS/iAI43ex4=
0,-9,G+s3XaoL1G4udCOOoYwzgAcOf7Y=,ITXVqT470iKA+2cfulHWpyTJyTo=
0,-8,G+s3XaoL1G4udCOOoYwzgAcOf7Y=,xmC//Qg8n73+PE+uEjTUVYCs1uI=
0,-10,G+s3XaoL1G4udCOOoYwzgAcOf7Y=,ITXVqT470iKA+2cfulHWpyTJyTo=
0,-11,G+s3XaoL1G4udCOOoYwzgAcOf7Y=,81eOTE3H6c59vARlPekazu7Kr7Q=
0,-12,G+s3XaoL1G4udCOOoYwzgAcOf7Y=,81eOTE3H6c59vARlPekazu7Kr7Q=
0,-13,G+s3XaoL1G4udCOOoYwzgAcOf7Y=,sxAj7cFG+nT3/qBpCtVKFFbZ9HI=
4,-16,G+s3XaoL1G4udCOOoYwzgAcOf7Y=,fAwF4fIOA2yxGpkisBdOZAn5IzY=
5,-16,G+s3XaoL1G4udCOOoYwzgAcOf7Y=,fAwF4fIOA2yxGpkisBdOZAn5IzY=
6,-16,G+s3XaoL1G4udCOOoYwzgAcOf7Y=,aTyrc6ZHDwYfEL19THRdzrq7U7k=
7,-16,G+s3XaoL1G4udCOOoYwzgAcOf7Y=,aTyrc6ZHDwYfEL19THRdzrq7U7k=
3,-16,G+s3XaoL1G4udCOOoYwzgAcOf7Y=,ZcWMf4EW1G9ZYgg8oDrkimjgJyA=
10,-16,G+s3XaoL1G4udCOOoYwzgAcOf7Y=,JeunDvQL/37JGtpCYqHApbjCzoA=
8,-16,G+s3XaoL1G4udCOOoYwzgAcOf7Y=,s6MGOadCFfGXrBx9gE2Yds9w0o4=
9,-16,G+s3XaoL1G4udCOOoYwzgAcOf7Y=,s6MGOadCFfGXrBx9gE2Yds9w0o4=
8,-1,G+s3XaoL1G4udCOOoYwzgAcOf7Y=,ECGzmPcyX0/4MAQkzgwZX8Jt6L4=
7,-1,G+s3XaoL1G4udCOOoYwzgAcOf7Y=,3t+Is7EVtOFct8sQxC/yDFaWJfA=
7,-3,G+s3XaoL1G4udCOOoYwzgAcOf7Y=,N+6H2B5s2xS4F133PPj+PwAWmWY=
8,-3,G+s3XaoL1G4udCOOoYwzgAcOf7Y=,6CH7MfpAGL3zj+ExVzzSt/fYuEA=
6,-3,G+s3XaoL1G4udCOOoYwzgAcOf7Y=,N+6H2B5s2xS4F133PPj+PwAWmWY=
6,-1,G+s3XaoL1G4udCOOoYwzgAcOf7Y=,3t+Is7EVtOFct8sQxC/yDFaWJfA=
5,-1,G+s3XaoL1G4udCOOoYwzgAcOf7Y=,5kZ3t4E/3UfSv822qBzZfn6+YMI=
5,-2,G+s3XaoL1G4udCOOoYwzgAcOf7Y=,5kZ3t4E/3UfSv822qBzZfn6+YMI=
6,-2,G+s3XaoL1G4udCOOoYwzgAcOf7Y=,3t+Is7EVtOFct8sQxC/yDFaWJfA=
8,-2,G+s3XaoL1G4udCOOoYwzgAcOf7Y=,ECGzmPcyX0/4MAQkzgwZX8Jt6L4=
7,-2,G+s3XaoL1G4udCOOoYwzgAcOf7Y=,3t+Is7EVtOFct8sQxC/yDFaWJfA=
5,-3,G+s3XaoL1G4udCOOoYwzgAcOf7Y=,gaFSKHlat75xXilkVNE0M1pCChE=
7,-4,G+s3XaoL1G4udCOOoYwzgAcOf7Y=,N+6H2B5s2xS4F133PPj+PwAWmWY=
9,-4,G+s3XaoL1G4udCOOoYwzgAcOf7Y=,6CH7MfpAGL3zj+ExVzzSt/fYuEA=
8,-4,G+s3XaoL1G4udCOOoYwzgAcOf7Y=,6CH7MfpAGL3zj+ExVzzSt/fYuEA=
7,-7,G+s3XaoL1G4udCOOoYwzgAcOf7Y=,vnCls/BQHCUSemi+x/QaqUARoZ4=
10,-4,G+s3XaoL1G4udCOOoYwzgAcOf7Y=,PiOlKNaziBXc06tABYBDwSovO8Q=
10,-6,G+s3XaoL1G4udCOOoYwzgAcOf7Y=,uBG2ECZPakHmrYQeYXz9LEa2fEM=
10,-5,G+s3XaoL1G4udCOOoYwzgAcOf7Y=,uBG2ECZPakHmrYQeYXz9LEa2fEM=
7,-6,G+s3XaoL1G4udCOOoYwzgAcOf7Y=,gDpUHrDUHg/Cn2jjDFI5E3hkRO0=
8,-7,G+s3XaoL1G4udCOOoYwzgAcOf7Y=,+lA23NnaadKeR9j272D32J3iRaQ=
7,-5,G+s3XaoL1G4udCOOoYwzgAcOf7Y=,gDpUHrDUHg/Cn2jjDFI5E3hkRO0=
10,-7,G+s3XaoL1G4udCOOoYwzgAcOf7Y=,SkPcCglOL4nNIBnx7ZpitZMaOIE=
9,-5,G+s3XaoL1G4udCOOoYwzgAcOf7Y=,/XBdoDWMg+1iSz8Fwk+Di7rHcmE=
9,-7,G+s3XaoL1G4udCOOoYwzgAcOf7Y=,+lA23NnaadKeR9j272D32J3iRaQ=
9,-6,G+s3XaoL1G4udCOOoYwzgAcOf7Y=,/XBdoDWMg+1iSz8Fwk+Di7rHcmE=
8,-6,G+s3XaoL1G4udCOOoYwzgAcOf7Y=,/XBdoDWMg+1iSz8Fwk+Di7rHcmE=
8,-5,G+s3XaoL1G4udCOOoYwzgAcOf7Y=,/XBdoDWMg+1iSz8Fwk+Di7rHcmE=
0,-15,G+s3XaoL1G4udCOOoYwzgAcOf7Y=,CFzuQFcCk6dzign03H13n04MMD8=
1,-16,G+s3XaoL1G4udCOOoYwzgAcOf7Y=,CFzuQFcCk6dzign03H13n04MMD8=
1,-14,G+s3XaoL1G4udCOOoYwzgAcOf7Y=,sxAj7cFG+nT3/qBpCtVKFFbZ9HI=
0,-14,G+s3XaoL1G4udCOOoYwzgAcOf7Y=,sxAj7cFG+nT3/qBpCtVKFFbZ9HI=
2,-16,G+s3XaoL1G4udCOOoYwzgAcOf7Y=,ZcWMf4EW1G9ZYgg8oDrkimjgJyA=
2,-15,G+s3XaoL1G4udCOOoYwzgAcOf7Y=,ZcWMf4EW1G9ZYgg8oDrkimjgJyA=
1,-15,G+s3XaoL1G4udCOOoYwzgAcOf7Y=,CFzuQFcCk6dzign03H13n04MMD8=
2,-14,G+s3XaoL1G4udCOOoYwzgAcOf7Y=,moDBRXgb2VvCLWiKOe8BJv4ZRUs=
12,-14,G+s3XaoL1G4udCOOoYwzgAcOf7Y=,xNWE2slMcN9VdDYxXMSvd7Sr/jo=
11,-15,G+s3XaoL1G4udCOOoYwzgAcOf7Y=,JeunDvQL/37JGtpCYqHApbjCzoA=
12,-15,G+s3XaoL1G4udCOOoYwzgAcOf7Y=,X51xkGn/VQg+oOX+MtNur3nJX/Y=
11,-14,G+s3XaoL1G4udCOOoYwzgAcOf7Y=,FxwS9bcpVzSfFvBDxQHztSFNuVE=
14,-14,G+s3XaoL1G4udCOOoYwzgAcOf7Y=,vavFjJgxjcr45YfczeMonZmShrA=
14,-15,G+s3XaoL1G4udCOOoYwzgAcOf7Y=,SGDXdNoftAUTTl4gvVRgx0t+d40=
13,-14,G+s3XaoL1G4udCOOoYwzgAcOf7Y=,xNWE2slMcN9VdDYxXMSvd7Sr/jo=
13,-15,G+s3XaoL1G4udCOOoYwzgAcOf7Y=,X51xkGn/VQg+oOX+MtNur3nJX/Y=
12,-12,G+s3XaoL1G4udCOOoYwzgAcOf7Y=,qA0cWOSJxWprfqK9HRH6AJvxswQ=
11,-13,G+s3XaoL1G4udCOOoYwzgAcOf7Y=,FxwS9bcpVzSfFvBDxQHztSFNuVE=
11,-12,G+s3XaoL1G4udCOOoYwzgAcOf7Y=,1QGU5syhQWpcz5eOmazxkGiyfSM=
12,-13,G+s3XaoL1G4udCOOoYwzgAcOf7Y=,xNWE2slMcN9VdDYxXMSvd7Sr/jo=
14,-12,G+s3XaoL1G4udCOOoYwzgAcOf7Y=,ZZA0M2SIx/xaZDMbWl7lXyyJS3E=
13,-12,G+s3XaoL1G4udCOOoYwzgAcOf7Y=,qA0cWOSJxWprfqK9HRH6AJvxswQ=
14,-13,G+s3XaoL1G4udCOOoYwzgAcOf7Y=,vavFjJgxjcr45YfczeMonZmShrA=
13,-13,G+s3XaoL1G4udCOOoYwzgAcOf7Y=,xNWE2slMcN9VdDYxXMSvd7Sr/jo=
15,-13,G+s3XaoL1G4udCOOoYwzgAcOf7Y=,vavFjJgxjcr45YfczeMonZmShrA=
15,-12,G+s3XaoL1G4udCOOoYwzgAcOf7Y=,ZZA0M2SIx/xaZDMbWl7lXyyJS3E=
15,-14,G+s3XaoL1G4udCOOoYwzgAcOf7Y=,vavFjJgxjcr45YfczeMonZmShrA=
15,-7,G+s3XaoL1G4udCOOoYwzgAcOf7Y=,esyxirG+a2HwtD3fiJJS1iD4OY0=
15,-15,G+s3XaoL1G4udCOOoYwzgAcOf7Y=,SGDXdNoftAUTTl4gvVRgx0t+d40=
15,-6,G+s3XaoL1G4udCOOoYwzgAcOf7Y=,pN7Cuj69qF5WssYMLX9Ul00minM=
15,-5,G+s3XaoL1G4udCOOoYwzgAcOf7Y=,pN7Cuj69qF5WssYMLX9Ul00minM=
15,-4,G+s3XaoL1G4udCOOoYwzgAcOf7Y=,AGb9JTyQ2w4Dro4omA2YtEs+cP4=
15,-2,G+s3XaoL1G4udCOOoYwzgAcOf7Y=,Z02WrB/1uOv/cfJindgpSw3zLjA=
15,-3,G+s3XaoL1G4udCOOoYwzgAcOf7Y=,AGb9JTyQ2w4Dro4omA2YtEs+cP4=
14,-1,G+s3XaoL1G4udCOOoYwzgAcOf7Y=,Z02WrB/1uOv/cfJindgpSw3zLjA=
13,-1,G+s3XaoL1G4udCOOoYwzgAcOf7Y=,lurn3gqRgC1hXOt9V77Q5Ag8et0=
15,-11,G+s3XaoL1G4udCOOoYwzgAcOf7Y=,ZZA0M2SIx/xaZDMbWl7lXyyJS3E=
15,-10,G+s3XaoL1G4udCOOoYwzgAcOf7Y=,1rr6IknNg37OtuopNgOcqlOHCUY=
15,-8,G+s3XaoL1G4udCOOoYwzgAcOf7Y=,esyxirG+a2HwtD3fiJJS1iD4OY0=
9,-1,G+s3XaoL1G4udCOOoYwzgAcOf7Y=,ECGzmPcyX0/4MAQkzgwZX8Jt6L4=
15,-16,G+s3XaoL1G4udCOOoYwzgAcOf7Y=,SGDXdNoftAUTTl4gvVRgx0t+d40=
10,-1,G+s3XaoL1G4udCOOoYwzgAcOf7Y=,a5M4DLC+JBAHkIFt+NMzgitDI94=
15,-9,G+s3XaoL1G4udCOOoYwzgAcOf7Y=,1rr6IknNg37OtuopNgOcqlOHCUY=
11,-1,G+s3XaoL1G4udCOOoYwzgAcOf7Y=,a5M4DLC+JBAHkIFt+NMzgitDI94=
14,-16,G+s3XaoL1G4udCOOoYwzgAcOf7Y=,SGDXdNoftAUTTl4gvVRgx0t+d40=
11,-16,G+s3XaoL1G4udCOOoYwzgAcOf7Y=,JeunDvQL/37JGtpCYqHApbjCzoA=
12,-16,G+s3XaoL1G4udCOOoYwzgAcOf7Y=,X51xkGn/VQg+oOX+MtNur3nJX/Y=
13,-16,G+s3XaoL1G4udCOOoYwzgAcOf7Y=,X51xkGn/VQg+oOX+MtNur3nJX/Y=
12,-1,G+s3XaoL1G4udCOOoYwzgAcOf7Y=,lurn3gqRgC1hXOt9V77Q5Ag8et0=
0,-16,G+s3XaoL1G4udCOOoYwzgAcOf7Y=,CFzuQFcCk6dzign03H13n04MMD8=
0,-1,i4x5IVkS6HIdv/7tX/esXfGMofQ=,OpMwSfwDzeFdUqzVuNJKw/v61FY=
15,-1,G+s3XaoL1G4udCOOoYwzgAcOf7Y=,Z02WrB/1uOv/cfJindgpSw3zLjA=
13,-11,G+s3XaoL1G4udCOOoYwzgAcOf7Y=,qA0cWOSJxWprfqK9HRH6AJvxswQ=
14,-11,G+s3XaoL1G4udCOOoYwzgAcOf7Y=,ZZA0M2SIx/xaZDMbWl7lXyyJS3E=
14,-8,G+s3XaoL1G4udCOOoYwzgAcOf7Y=,esyxirG+a2HwtD3fiJJS1iD4OY0=
13,-8,G+s3XaoL1G4udCOOoYwzgAcOf7Y=,87Gsf+U8U3E00pw0TyhTomAZa9A=
12,-10,G+s3XaoL1G4udCOOoYwzgAcOf7Y=,4xWthCsBUmvb8Hi7mqBV+WQOrS0=
14,-9,G+s3XaoL1G4udCOOoYwzgAcOf7Y=,1rr6IknNg37OtuopNgOcqlOHCUY=
11,-10,G+s3XaoL1G4udCOOoYwzgAcOf7Y=,3p/+vJzhjiHwxLu/mXqDjFX3KJI=
11,-8,G+s3XaoL1G4udCOOoYwzgAcOf7Y=,SkPcCglOL4nNIBnx7ZpitZMaOIE=
14,-10,G+s3XaoL1G4udCOOoYwzgAcOf7Y=,1rr6IknNg37OtuopNgOcqlOHCUY=
12,-8,G+s3XaoL1G4udCOOoYwzgAcOf7Y=,87Gsf+U8U3E00pw0TyhTomAZa9A=
11,-9,G+s3XaoL1G4udCOOoYwzgAcOf7Y=,3p/+vJzhjiHwxLu/mXqDjFX3KJI=
11,-11,G+s3XaoL1G4udCOOoYwzgAcOf7Y=,1QGU5syhQWpcz5eOmazxkGiyfSM=
13,-10,G+s3XaoL1G4udCOOoYwzgAcOf7Y=,4xWthCsBUmvb8Hi7mqBV+WQOrS0=
12,-9,G+s3XaoL1G4udCOOoYwzgAcOf7Y=,4xWthCsBUmvb8Hi7mqBV+WQOrS0=
12,-11,G+s3XaoL1G4udCOOoYwzgAcOf7Y=,qA0cWOSJxWprfqK9HRH6AJvxswQ=
13,-9,G+s3XaoL1G4udCOOoYwzgAcOf7Y=,4xWthCsBUmvb8Hi7mqBV+WQOrS0=
3,-11,G+s3XaoL1G4udCOOoYwzgAcOf7Y=,nQrixiBn+ZryLUXQik624ZU3So8=
5,-8,G+s3XaoL1G4udCOOoYwzgAcOf7Y=,b+AdhfqoYeObxjhRDkRiU9PccK0=
6,-8,G+s3XaoL1G4udCOOoYwzgAcOf7Y=,vnCls/BQHCUSemi+x/QaqUARoZ4=
5,-10,G+s3XaoL1G4udCOOoYwzgAcOf7Y=,6uqAa7YIzCEUoO3wr1ikWyyPL3c=
4,-8,G+s3XaoL1G4udCOOoYwzgAcOf7Y=,b+AdhfqoYeObxjhRDkRiU9PccK0=
6,-11,G+s3XaoL1G4udCOOoYwzgAcOf7Y=,Rj43CHObKWg1NrpyrlH8RIJhQr4=
6,-10,G+s3XaoL1G4udCOOoYwzgAcOf7Y=,EKYyCsZSFXxNX5A+Q12E1763ruM=
3,-8,G+s3XaoL1G4udCOOoYwzgAcOf7Y=,j70+F2SXrwd1ek0T7pVyNT5eS/I=
4,-10,G+s3XaoL1G4udCOOoYwzgAcOf7Y=,6uqAa7YIzCEUoO3wr1ikWyyPL3c=
3,-9,G+s3XaoL1G4udCOOoYwzgAcOf7Y=,KLIRvVApOlu34T36PNuDhpEsss0=
6,-9,G+s3XaoL1G4udCOOoYwzgAcOf7Y=,EKYyCsZSFXxNX5A+Q12E1763ruM=
5,-11,G+s3XaoL1G4udCOOoYwzgAcOf7Y=,y9mU+4JuFTncWiV+1tmJ6ookpH4=
5,-9,G+s3XaoL1G4udCOOoYwzgAcOf7Y=,6uqAa7YIzCEUoO3wr1ikWyyPL3c=
4,-9,G+s3XaoL1G4udCOOoYwzgAcOf7Y=,6uqAa7YIzCEUoO3wr1ikWyyPL3c=
3,-10,G+s3XaoL1G4udCOOoYwzgAcOf7Y=,KLIRvVApOlu34T36PNuDhpEsss0=
4,-11,G+s3XaoL1G4udCOOoYwzgAcOf7Y=,y9mU+4JuFTncWiV+1tmJ6ookpH4=
