19,33,kUpdsOjhyd+reULWJE1ig3JvsXU=,3wln8pTD9PA2nX4l+wiF9OOTFuw=
19,32,kUpdsOjhyd+reULWJE1ig3JvsXU=,3wln8pTD9PA2nX4l+wiF9OOTFuw=
21,34,e8Rb3aEJIIr78QHcxWhKTeMuAfg=,3wln8pTD9PA2nX4l+wiF9OOTFuw=
20,33,Gqol2zQHM0TW3+QtvDhveUADHrw=,3wln8pTD9PA2nX4l+wiF9OOTFuw=
23,35,85EGmWKkd4GAK/G+2/afNhGr6DE=,3wln8pTD9PA2nX4l+wiF9OOTFuw=
22,34,jdZWkOMK/W9Wdc7yUF7DxDbXFNc=,3wln8pTD9PA2nX4l+wiF9OOTFuw=
22,35,jdZWkOMK/W9Wdc7yUF7DxDbXFNc=,3wln8pTD9PA2nX4l+wiF9OOTFuw=
25,56,jdZWkOMK/W9Wdc7yUF7DxDbXFNc=,UUtop4BEMf/lczz/I72SWcZQrL0=
25,58,r8fX2XcLKMvj6COv0h8GZB/GRiI=,UUtop4BEMf/lczz/I72SWcZQrL0=
25,49,r8fX2XcLKMvj6COv0h8GZB/GRiI=,UUtop4BEMf/lczz/I72SWcZQrL0=
25,48,r8fX2XcLKMvj6COv0h8GZB/GRiI=,UUtop4BEMf/lczz/I72SWcZQrL0=
25,51,r8fX2XcLKMvj6COv0h8GZB/GRiI=,UUtop4BEMf/lczz/I72SWcZQrL0=
25,50,r8fX2XcLKMvj6COv0h8GZB/GRiI=,UUtop4BEMf/lczz/I72SWcZQrL0=
25,53,r8fX2XcLKMvj6COv0h8GZB/GRiI=,UUtop4BEMf/lczz/I72SWcZQrL0=
25,52,r8fX2XcLKMvj6COv0h8GZB/GRiI=,UUtop4BEMf/lczz/I72SWcZQrL0=
25,55,r8fX2XcLKMvj6COv0h8GZB/GRiI=,UUtop4BEMf/lczz/I72SWcZQrL0=
25,54,r8fX2XcLKMvj6COv0h8GZB/GRiI=,UUtop4BEMf/lczz/I72SWcZQrL0=
25,41,r8fX2XcLKMvj6COv0h8GZB/GRiI=,yAD3JLdS87WzzTbbNAlXR6Ch3RM=
25,40,r8fX2XcLKMvj6COv0h8GZB/GRiI=,yAD3JLdS87WzzTbbNAlXR6Ch3RM=
25,43,r8fX2XcLKMvj6COv0h8GZB/GRiI=,yAD3JLdS87WzzTbbNAlXR6Ch3RM=
25,42,r8fX2XcLKMvj6COv0h8GZB/GRiI=,yAD3JLdS87WzzTbbNAlXR6Ch3RM=
25,45,r8fX2XcLKMvj6COv0h8GZB/GRiI=,yAD3JLdS87WzzTbbNAlXR6Ch3RM=
25,44,RnZu/aOLEtmDOMOeQjGYgTLXNaI=,yAD3JLdS87WzzTbbNAlXR6Ch3RM=
25,47,RnZu/aOLEtmDOMOeQjGYgTLXNaI=,yAD3JLdS87WzzTbbNAlXR6Ch3RM=
25,46,RnZu/aOLEtmDOMOeQjGYgTLXNaI=,yAD3JLdS87WzzTbbNAlXR6Ch3RM=
25,35,RnZu/aOLEtmDOMOeQjGYgTLXNaI=,VU9FNxFUuJzVhk9Bkdg75KIMdaA=
25,39,RnZu/aOLEtmDOMOeQjGYgTLXNaI=,VU9FNxFUuJzVhk9Bkdg75KIMdaA=
24,45,8O0cDWuFkBVwnzjgdSLa6a315TU=,yAD3JLdS87WzzTbbNAlXR6Ch3RM=
27,58,8O0cDWuFkBVwnzjgdSLa6a315TU=,UUtop4BEMf/lczz/I72SWcZQrL0=
27,57,8O0cDWuFkBVwnzjgdSLa6a315TU=,UUtop4BEMf/lczz/I72SWcZQrL0=
27,56,8O0cDWuFkBVwnzjgdSLa6a315TU=,UUtop4BEMf/lczz/I72SWcZQrL0=
27,40,8O0cDWuFkBVwnzjgdSLa6a315TU=,yAD3JLdS87WzzTbbNAlXR6Ch3RM=
27,35,8O0cDWuFkBVwnzjgdSLa6a315TU=,VU9FNxFUuJzVhk9Bkdg75KIMdaA=
27,36,B03UzxcbDKJZQ81RWQt8BjOgb4w=,VU9FNxFUuJzVhk9Bkdg75KIMdaA=
26,58,B03UzxcbDKJZQ81RWQt8BjOgb4w=,UUtop4BEMf/lczz/I72SWcZQrL0=
26,57,B03UzxcbDKJZQ81RWQt8BjOgb4w=,UUtop4BEMf/lczz/I72SWcZQrL0=
26,55,St8OQ1wTosmOnUxb9cahORPt+9Y=,UUtop4BEMf/lczz/I72SWcZQrL0=
26,53,St8OQ1wTosmOnUxb9cahORPt+9Y=,UUtop4BEMf/lczz/I72SWcZQrL0=
26,40,St8OQ1wTosmOnUxb9cahORPt+9Y=,yAD3JLdS87WzzTbbNAlXR6Ch3RM=
26,35,St8OQ1wTosmOnUxb9cahORPt+9Y=,VU9FNxFUuJzVhk9Bkdg75KIMdaA=
26,39,St8OQ1wTosmOnUxb9cahORPt+9Y=,VU9FNxFUuJzVhk9Bkdg75KIMdaA=
29,37,zpTeDQ/qCcb+mlgEv+MM5An0Ru0=,VU9FNxFUuJzVhk9Bkdg75KIMdaA=
29,36,zpTeDQ/qCcb+mlgEv+MM5An0Ru0=,VU9FNxFUuJzVhk9Bkdg75KIMdaA=
29,33,zpTeDQ/qCcb+mlgEv+MM5An0Ru0=,VU9FNxFUuJzVhk9Bkdg75KIMdaA=
29,32,zpTeDQ/qCcb+mlgEv+MM5An0Ru0=,VU9FNxFUuJzVhk9Bkdg75KIMdaA=
29,35,HpIOSmWgSroPA0Wv+MfZoGgxvSg=,VU9FNxFUuJzVhk9Bkdg75KIMdaA=
29,34,HpIOSmWgSroPA0Wv+MfZoGgxvSg=,VU9FNxFUuJzVhk9Bkdg75KIMdaA=
28,40,B6FzdS3YCECfkRBM/KY0ozPL04M=,yAD3JLdS87WzzTbbNAlXR6Ch3RM=
28,37,GediP46WU+U14nz/y+PGJezUx6I=,VU9FNxFUuJzVhk9Bkdg75KIMdaA=
28,38,GediP46WU+U14nz/y+PGJezUx6I=,VU9FNxFUuJzVhk9Bkdg75KIMdaA=
28,39,GediP46WU+U14nz/y+PGJezUx6I=,VU9FNxFUuJzVhk9Bkdg75KIMdaA=
28,32,GediP46WU+U14nz/y+PGJezUx6I=,VU9FNxFUuJzVhk9Bkdg75KIMdaA=
28,33,GediP46WU+U14nz/y+PGJezUx6I=,VU9FNxFUuJzVhk9Bkdg75KIMdaA=
28,34,GediP46WU+U14nz/y+PGJezUx6I=,VU9FNxFUuJzVhk9Bkdg75KIMdaA=
28,35,GediP46WU+U14nz/y+PGJezUx6I=,VU9FNxFUuJzVhk9Bkdg75KIMdaA=
31,37,E1HbolL8hnpVF13+IpdbNfz0fbo=,VU9FNxFUuJzVhk9Bkdg75KIMdaA=
31,36,dtHzUZokBorFCJvyre0uXGI3OAo=,VU9FNxFUuJzVhk9Bkdg75KIMdaA=
30,36,s+h4IgUcLhk/Y8ijtRk24Ga9668=,VU9FNxFUuJzVhk9Bkdg75KIMdaA=
30,37,s+h4IgUcLhk/Y8ijtRk24Ga9668=,VU9FNxFUuJzVhk9Bkdg75KIMdaA=
