57,-40,dwn8CTuPnGVIVUUcUlA6+eW51Bk=,zl2vzYhtGKKSEVcwOTm46CgFvWo=
57,-48,dwn8CTuPnGVIVUUcUlA6+eW51Bk=,lywUM04clv2wCrqWalQXAkYkho4=
57,-45,dwn8CTuPnGVIVUUcUlA6+eW51Bk=,lywUM04clv2wCrqWalQXAkYkho4=
57,-46,dwn8CTuPnGVIVUUcUlA6+eW51Bk=,lywUM04clv2wCrqWalQXAkYkho4=
57,-44,dwn8CTuPnGVIVUUcUlA6+eW51Bk=,lywUM04clv2wCrqWalQXAkYkho4=
57,-41,UR0qUCwq4wTLwmdOHXZ71oYdeso=,lywUM04clv2wCrqWalQXAkYkho4=
57,-55,UR0qUCwq4wTLwmdOHXZ71oYdeso=,bYf3hyv+ZJ+sfMUkrgfTsDgcKso=
57,-56,UR0qUCwq4wTLwmdOHXZ71oYdeso=,bYf3hyv+ZJ+sfMUkrgfTsDgcKso=
57,-53,UR0qUCwq4wTLwmdOHXZ71oYdeso=,bYf3hyv+ZJ+sfMUkrgfTsDgcKso=
57,-54,UR0qUCwq4wTLwmdOHXZ71oYdeso=,bYf3hyv+ZJ+sfMUkrgfTsDgcKso=
57,-51,UR0qUCwq4wTLwmdOHXZ71oYdeso=,t8awpqjBNcIwXlei6eHlX8J7oWE=
57,-52,UR0qUCwq4wTLwmdOHXZ71oYdeso=,WgwroeRf78qSFTZcqZYArVAQYAM=
57,-49,UR0qUCwq4wTLwmdOHXZ71oYdeso=,bYf3hyv+ZJ+sfMUkrgfTsDgcKso=
57,-50,UR0qUCwq4wTLwmdOHXZ71oYdeso=,bYf3hyv+ZJ+sfMUkrgfTsDgcKso=
57,-59,UR0qUCwq4wTLwmdOHXZ71oYdeso=,bYf3hyv+ZJ+sfMUkrgfTsDgcKso=
57,-58,UR0qUCwq4wTLwmdOHXZ71oYdeso=,bYf3hyv+ZJ+sfMUkrgfTsDgcKso=
58,-46,KTvRwfh1fCLoFet4mwYcR1g1nSQ=,lywUM04clv2wCrqWalQXAkYkho4=
58,-45,KTvRwfh1fCLoFet4mwYcR1g1nSQ=,lywUM04clv2wCrqWalQXAkYkho4=
58,-48,KTvRwfh1fCLoFet4mwYcR1g1nSQ=,lywUM04clv2wCrqWalQXAkYkho4=
58,-47,KTvRwfh1fCLoFet4mwYcR1g1nSQ=,lywUM04clv2wCrqWalQXAkYkho4=
58,-42,KTvRwfh1fCLoFet4mwYcR1g1nSQ=,lywUM04clv2wCrqWalQXAkYkho4=
58,-41,KTvRwfh1fCLoFet4mwYcR1g1nSQ=,lywUM04clv2wCrqWalQXAkYkho4=
58,-44,KTvRwfh1fCLoFet4mwYcR1g1nSQ=,lywUM04clv2wCrqWalQXAkYkho4=
58,-43,KTvRwfh1fCLoFet4mwYcR1g1nSQ=,lywUM04clv2wCrqWalQXAkYkho4=
58,-53,KTvRwfh1fCLoFet4mwYcR1g1nSQ=,bYf3hyv+ZJ+sfMUkrgfTsDgcKso=
58,-56,KTvRwfh1fCLoFet4mwYcR1g1nSQ=,bYf3hyv+ZJ+sfMUkrgfTsDgcKso=
58,-50,KTvRwfh1fCLoFet4mwYcR1g1nSQ=,bYf3hyv+ZJ+sfMUkrgfTsDgcKso=
58,-52,KTvRwfh1fCLoFet4mwYcR1g1nSQ=,bYf3hyv+ZJ+sfMUkrgfTsDgcKso=
58,-51,KTvRwfh1fCLoFet4mwYcR1g1nSQ=,bYf3hyv+ZJ+sfMUkrgfTsDgcKso=
58,-58,cYOrenF7YVOgZcg3iJN/Vmdd86c=,bYf3hyv+ZJ+sfMUkrgfTsDgcKso=
58,-57,cYOrenF7YVOgZcg3iJN/Vmdd86c=,bYf3hyv+ZJ+sfMUkrgfTsDgcKso=
58,-59,cYOrenF7YVOgZcg3iJN/Vmdd86c=,bYf3hyv+ZJ+sfMUkrgfTsDgcKso=
55,-59,cYOrenF7YVOgZcg3iJN/Vmdd86c=,coUolwIhgGgCULy0mrbJIB25B1w=
55,-50,mvjpFBG46gZadwloq1g3nIu+jKg=,UypkRFt7ia8BnjAoRXOlKyUhdjQ=
55,-52,mvjpFBG46gZadwloq1g3nIu+jKg=,UypkRFt7ia8BnjAoRXOlKyUhdjQ=
55,-53,mvjpFBG46gZadwloq1g3nIu+jKg=,UypkRFt7ia8BnjAoRXOlKyUhdjQ=
56,-53,mvjpFBG46gZadwloq1g3nIu+jKg=,bYf3hyv+ZJ+sfMUkrgfTsDgcKso=
56,-52,mvjpFBG46gZadwloq1g3nIu+jKg=,bYf3hyv+ZJ+sfMUkrgfTsDgcKso=
56,-51,WEm1kkSHhN/We2oPjzIqPk5pjxc=,bYf3hyv+ZJ+sfMUkrgfTsDgcKso=
56,-50,WEm1kkSHhN/We2oPjzIqPk5pjxc=,bYf3hyv+ZJ+sfMUkrgfTsDgcKso=
56,-59,WEm1kkSHhN/We2oPjzIqPk5pjxc=,bYf3hyv+ZJ+sfMUkrgfTsDgcKso=
56,-58,WEm1kkSHhN/We2oPjzIqPk5pjxc=,bYf3hyv+ZJ+sfMUkrgfTsDgcKso=
53,-41,WEm1kkSHhN/We2oPjzIqPk5pjxc=,tVoVo5EEipQKSRUCj2DtU9p/2xQ=
53,-42,WEm1kkSHhN/We2oPjzIqPk5pjxc=,tVoVo5EEipQKSRUCj2DtU9p/2xQ=
53,-46,WEm1kkSHhN/We2oPjzIqPk5pjxc=,tVoVo5EEipQKSRUCj2DtU9p/2xQ=
53,-59,WEm1kkSHhN/We2oPjzIqPk5pjxc=,coUolwIhgGgCULy0mrbJIB25B1w=
53,-49,r9SoU/Zj2nBUkn7DUq+qZ3QEUuY=,UypkRFt7ia8BnjAoRXOlKyUhdjQ=
53,-50,r9SoU/Zj2nBUkn7DUq+qZ3QEUuY=,UypkRFt7ia8BnjAoRXOlKyUhdjQ=
54,-58,r9SoU/Zj2nBUkn7DUq+qZ3QEUuY=,coUolwIhgGgCULy0mrbJIB25B1w=
54,-59,r9SoU/Zj2nBUkn7DUq+qZ3QEUuY=,coUolwIhgGgCULy0mrbJIB25B1w=
54,-50,CZO1/dO/2nyKVYYEZBy56qIBaI0=,UypkRFt7ia8BnjAoRXOlKyUhdjQ=
54,-52,CZO1/dO/2nyKVYYEZBy56qIBaI0=,UypkRFt7ia8BnjAoRXOlKyUhdjQ=
54,-53,CZO1/dO/2nyKVYYEZBy56qIBaI0=,UypkRFt7ia8BnjAoRXOlKyUhdjQ=
51,-59,wnGv1N6z2682XJz1yIbDmmnV5GQ=,coUolwIhgGgCULy0mrbJIB25B1w=
51,-49,wnGv1N6z2682XJz1yIbDmmnV5GQ=,UypkRFt7ia8BnjAoRXOlKyUhdjQ=
51,-50,wnGv1N6z2682XJz1yIbDmmnV5GQ=,UypkRFt7ia8BnjAoRXOlKyUhdjQ=
52,-44,wnGv1N6z2682XJz1yIbDmmnV5GQ=,tVoVo5EEipQKSRUCj2DtU9p/2xQ=
52,-43,wnGv1N6z2682XJz1yIbDmmnV5GQ=,tVoVo5EEipQKSRUCj2DtU9p/2xQ=
52,-42,wnGv1N6z2682XJz1yIbDmmnV5GQ=,tVoVo5EEipQKSRUCj2DtU9p/2xQ=
52,-41,nDXGZtqqJlot97XtvDopTCxJQnU=,tVoVo5EEipQKSRUCj2DtU9p/2xQ=
52,-48,nDXGZtqqJlot97XtvDopTCxJQnU=,tVoVo5EEipQKSRUCj2DtU9p/2xQ=
52,-47,nDXGZtqqJlot97XtvDopTCxJQnU=,0nnWYiejts1Gjxe0hcosNs8tJPc=
52,-46,nDXGZtqqJlot97XtvDopTCxJQnU=,tVoVo5EEipQKSRUCj2DtU9p/2xQ=
52,-45,nDXGZtqqJlot97XtvDopTCxJQnU=,tVoVo5EEipQKSRUCj2DtU9p/2xQ=
52,-59,nDXGZtqqJlot97XtvDopTCxJQnU=,coUolwIhgGgCULy0mrbJIB25B1w=
52,-50,nDXGZtqqJlot97XtvDopTCxJQnU=,UypkRFt7ia8BnjAoRXOlKyUhdjQ=
52,-49,nDXGZtqqJlot97XtvDopTCxJQnU=,UypkRFt7ia8BnjAoRXOlKyUhdjQ=
49,-59,54gm5sHPfqN0429wj3vKi7L8PhA=,coUolwIhgGgCULy0mrbJIB25B1w=
49,-57,54gm5sHPfqN0429wj3vKi7L8PhA=,coUolwIhgGgCULy0mrbJIB25B1w=
49,-58,54gm5sHPfqN0429wj3vKi7L8PhA=,coUolwIhgGgCULy0mrbJIB25B1w=
50,-58,1OauUjSMoOQRU5ZU9M8IjXz+taA=,coUolwIhgGgCULy0mrbJIB25B1w=
50,-59,1OauUjSMoOQRU5ZU9M8IjXz+taA=,coUolwIhgGgCULy0mrbJIB25B1w=
47,-56,1OauUjSMoOQRU5ZU9M8IjXz+taA=,tVoVo5EEipQKSRUCj2DtU9p/2xQ=
47,-57,1OauUjSMoOQRU5ZU9M8IjXz+taA=,6vUEg2y1u20XFnha1dIYsDHG52A=
47,-58,1OauUjSMoOQRU5ZU9M8IjXz+taA=,6vUEg2y1u20XFnha1dIYsDHG52A=
48,-59,AVKhtVoa0kLV4chXjiw7zq9EcyQ=,coUolwIhgGgCULy0mrbJIB25B1w=
48,-58,AVKhtVoa0kLV4chXjiw7zq9EcyQ=,coUolwIhgGgCULy0mrbJIB25B1w=
48,-57,AVKhtVoa0kLV4chXjiw7zq9EcyQ=,coUolwIhgGgCULy0mrbJIB25B1w=
45,-55,AVKhtVoa0kLV4chXjiw7zq9EcyQ=,tVoVo5EEipQKSRUCj2DtU9p/2xQ=
45,-56,6q8hb4lKvSA0SRajDtkHlodAwqo=,tVoVo5EEipQKSRUCj2DtU9p/2xQ=
45,-58,6q8hb4lKvSA0SRajDtkHlodAwqo=,6vUEg2y1u20XFnha1dIYsDHG52A=
46,-56,6q8hb4lKvSA0SRajDtkHlodAwqo=,tVoVo5EEipQKSRUCj2DtU9p/2xQ=
46,-58,6q8hb4lKvSA0SRajDtkHlodAwqo=,6vUEg2y1u20XFnha1dIYsDHG52A=
46,-57,6q8hb4lKvSA0SRajDtkHlodAwqo=,6vUEg2y1u20XFnha1dIYsDHG52A=
43,-56,/Ld3WiMIK8sWFj0dUp4sDnGYWyY=,tVoVo5EEipQKSRUCj2DtU9p/2xQ=
43,-57,/Ld3WiMIK8sWFj0dUp4sDnGYWyY=,6vUEg2y1u20XFnha1dIYsDHG52A=
43,-58,/Ld3WiMIK8sWFj0dUp4sDnGYWyY=,6vUEg2y1u20XFnha1dIYsDHG52A=
44,-55,lnDoncEgAeFOfj435dFjY5kYW4U=,tVoVo5EEipQKSRUCj2DtU9p/2xQ=
44,-58,lnDoncEgAeFOfj435dFjY5kYW4U=,6vUEg2y1u20XFnha1dIYsDHG52A=
41,-56,ZtM3NDm50Q6Q3k0POH2K4rkKTK0=,tVoVo5EEipQKSRUCj2DtU9p/2xQ=
41,-57,PwuP+GhhOlrrukoveDRN4RRAQ4c=,6vUEg2y1u20XFnha1dIYsDHG52A=
41,-58,PwuP+GhhOlrrukoveDRN4RRAQ4c=,6vUEg2y1u20XFnha1dIYsDHG52A=
42,-56,PwuP+GhhOlrrukoveDRN4RRAQ4c=,tVoVo5EEipQKSRUCj2DtU9p/2xQ=
42,-55,PwuP+GhhOlrrukoveDRN4RRAQ4c=,tVoVo5EEipQKSRUCj2DtU9p/2xQ=
42,-58,Wk8/0yUB+oU6YNV4UlllXVV5fxo=,gma3oOd5F/vfXGDWMVXzBCymMkw=
42,-57,Wk8/0yUB+oU6YNV4UlllXVV5fxo=,6vUEg2y1u20XFnha1dIYsDHG52A=
39,-57,Wk8/0yUB+oU6YNV4UlllXVV5fxo=,LFPr9uIdwC3SEbbaK7EsCnkBKwY=
39,-58,Wk8/0yUB+oU6YNV4UlllXVV5fxo=,LFPr9uIdwC3SEbbaK7EsCnkBKwY=
40,-57,Wk8/0yUB+oU6YNV4UlllXVV5fxo=,6vUEg2y1u20XFnha1dIYsDHG52A=
37,-57,M03IB+YIc8KxbXB23p0LnsfvLQQ=,LFPr9uIdwC3SEbbaK7EsCnkBKwY=
38,-58,M03IB+YIc8KxbXB23p0LnsfvLQQ=,LFPr9uIdwC3SEbbaK7EsCnkBKwY=
38,-57,M03IB+YIc8KxbXB23p0LnsfvLQQ=,LFPr9uIdwC3SEbbaK7EsCnkBKwY=
35,-57,M03IB+YIc8KxbXB23p0LnsfvLQQ=,LFPr9uIdwC3SEbbaK7EsCnkBKwY=
35,-58,M03IB+YIc8KxbXB23p0LnsfvLQQ=,LFPr9uIdwC3SEbbaK7EsCnkBKwY=
36,-57,KsL/KKL0tTwoMyvOpRatJ8tWYpk=,LFPr9uIdwC3SEbbaK7EsCnkBKwY=
33,-57,KsL/KKL0tTwoMyvOpRatJ8tWYpk=,LFPr9uIdwC3SEbbaK7EsCnkBKwY=
33,-58,KsL/KKL0tTwoMyvOpRatJ8tWYpk=,LFPr9uIdwC3SEbbaK7EsCnkBKwY=
34,-58,qgnw61Ka+ICC+QvIRJuwMX1/7ZE=,LFPr9uIdwC3SEbbaK7EsCnkBKwY=
34,-57,qgnw61Ka+ICC+QvIRJuwMX1/7ZE=,LFPr9uIdwC3SEbbaK7EsCnkBKwY=
32,-59,qgnw61Ka+ICC+QvIRJuwMX1/7ZE=,LFPr9uIdwC3SEbbaK7EsCnkBKwY=
32,-58,YbhMql8R1CLHhRR2NK/Oc3i6CSs=,LFPr9uIdwC3SEbbaK7EsCnkBKwY=
32,-57,YbhMql8R1CLHhRR2NK/Oc3i6CSs=,LFPr9uIdwC3SEbbaK7EsCnkBKwY=
